,Hour,dayofweek,Temperature(C),Humidity(%),Wind speed (m/s),Visibility (10m),Dew point temperature(C),Rainfall(mm),Snowfall (cm),hour diff,isWeekend,Holiday,weather_Clouds,weather_Drizzle,weather_Dust,weather_Fog,weather_Haze,weather_Mist,weather_Rain,weather_Snow,weather_Thunderstorm,rental_cnt
0,2,6,0.51,51,1.03,10000.0,-7.51,0.0,0.0,53978.0,1,0,1.0,0.0,0.0,0.0,0.0,0.0,0.0,0.0,0.0,761
1,12,3,3.2,81,3.09,8000.0,0.26,0.0,0.0,53580.0,0,0,1.0,0.0,0.0,0.0,0.0,0.0,0.0,0.0,0.0,3153
2,15,5,-2.71,80,1.03,10000.0,-5.34,0.0,0.0,53631.0,1,0,0.0,0.0,0.0,0.0,0.0,0.0,0.0,0.0,0.0,4472
3,9,1,3.78,45,2.06,10000.0,-6.26,0.0,0.0,54033.0,0,0,0.0,0.0,0.0,0.0,0.0,0.0,0.0,0.0,0.0,3800
4,16,2,-7.42,57,2.06,10000.0,-13.72,0.0,0.0,53896.0,0,0,0.0,0.0,0.0,0.0,0.0,0.0,0.0,0.0,0.0,2769
5,17,0,-2.01,69,2.06,10000.0,-6.38,0.0,0.0,53513.0,0,0,1.0,0.0,0.0,0.0,0.0,0.0,0.0,0.0,0.0,5152
6,18,0,-7.26,73,1.03,10000.0,-10.83,0.0,0.0,53682.0,0,0,0.0,0.0,0.0,0.0,0.0,0.0,0.0,0.0,0.0,6979
7,9,2,0.69,93,2.06,2500.0,-0.27,0.0,0.41,53721.0,0,0,0.0,0.0,0.0,0.0,0.0,0.0,1.0,0.0,0.0,4055
8,5,2,9.73,20,3.09,10000.0,-10.84,0.0,0.0,54053.0,0,0,0.0,0.0,0.0,0.0,0.0,0.0,0.0,0.0,0.0,964
9,6,4,8.35,66,4.63,4000.0,2.38,0.0,0.0,53430.0,0,0,0.0,0.0,0.0,0.0,1.0,0.0,0.0,0.0,0.0,2173
10,14,2,-2.87,92,2.07,9150.339366515836,-3.86,0.0,0.0,53558.0,0,0,0.0,0.0,0.0,0.0,0.0,0.0,0.0,0.0,0.0,2934
11,13,3,3.04,75,3.09,7000.0,-0.84,0.0,0.0,53413.0,0,0,1.0,0.0,0.0,0.0,0.0,0.0,0.0,0.0,0.0,3497
12,5,2,0.51,93,2.57,5000.0,-0.43,0.0,0.27,53717.0,0,0,0.0,0.0,0.0,0.0,0.0,0.0,0.0,1.0,0.0,1028
13,1,4,5.8,76,2.06,3500.0,1.9,0.0,0.0,53425.0,0,0,0.0,0.0,0.0,0.0,0.0,1.0,0.0,0.0,0.0,1335
14,4,0,2.32,45,3.09,10000.0,-7.46,0.0,0.0,54004.0,0,0,1.0,0.0,0.0,0.0,0.0,0.0,0.0,0.0,0.0,417
15,6,5,4.31,26,1.54,10000.0,-12.06,0.0,0.0,53622.0,1,0,0.0,0.0,0.0,0.0,0.0,0.0,0.0,0.0,0.0,820
16,4,2,8.29,25,2.06,8000.0,-9.42,0.0,0.0,54052.0,0,0,0.0,0.0,0.0,0.0,0.0,0.0,0.0,0.0,0.0,734
17,3,1,-0.92,49,1.15,9150.339366515836,-9.26,0.0,0.0,53691.0,0,0,1.0,0.0,0.0,0.0,0.0,0.0,0.0,0.0,0.0,458
18,4,3,5.25,70,1.54,10000.0,0.23,0.0,0.0,53740.0,0,0,0.0,0.0,0.0,0.0,0.0,0.0,0.0,0.0,0.0,375
19,7,5,3.57,56,4.63,10000.0,-3.88,0.0,0.0,53959.0,1,0,1.0,0.0,0.0,0.0,0.0,0.0,0.0,0.0,0.0,1129
20,19,6,-6.07,100,0.51,7000.0,-6.07,0.0,0.0,53995.0,1,0,0.0,0.0,0.0,0.0,0.0,0.0,0.0,0.0,0.0,2300
21,1,0,2.63,94,1.54,10000.0,1.76,0.0,0.0,53329.0,0,1,0.0,0.0,0.0,0.0,0.0,1.0,0.0,0.0,0.0,1617
22,21,2,-2.07,93,4.12,3500.0,-2.93,0.0,0.0,54069.0,0,0,0.0,0.0,0.0,0.0,0.0,1.0,0.0,0.0,0.0,3961
23,3,0,-1.66,40,3.6,10000.0,-12.22,0.0,0.0,53667.0,0,0,0.0,0.0,0.0,0.0,0.0,0.0,0.0,0.0,0.0,345
24,4,1,4.17,42,1.54,8000.0,-6.74,0.0,0.0,54028.0,0,0,1.0,0.0,0.0,0.0,0.0,0.0,0.0,0.0,0.0,414
25,13,1,-10.56,57,3.09,10000.0,-16.72,0.0,0.0,53869.0,0,0,0.0,0.0,0.0,0.0,0.0,0.0,0.0,0.0,0.0,1682
26,3,0,-1.66,40,3.6,10000.0,-12.22,0.0,0.0,53667.0,0,0,0.0,0.0,0.0,0.0,0.0,0.0,0.0,0.0,0.0,345
27,1,3,-0.01,80,2.06,4000.0,-2.69,0.0,0.0,53569.0,0,0,0.0,0.0,0.0,0.0,0.0,1.0,0.0,0.0,0.0,1048
28,4,1,0.24,93,2.06,1500.0,-0.67,0.0,0.36,53524.0,0,0,0.0,0.0,0.0,0.0,0.0,0.0,0.0,1.0,0.0,462
29,7,1,2.19,28,1.54,10000.0,-12.9,0.0,0.0,53695.0,0,0,0.0,0.0,0.0,0.0,0.0,0.0,0.0,0.0,0.0,3957
30,22,2,-9.62,52,1.54,10000.0,-16.8,0.0,0.0,53902.0,0,0,0.0,0.0,0.0,0.0,0.0,0.0,0.0,0.0,0.0,1852
31,0,4,4.3,75,2.57,10000.0,0.27,0.0,0.0,53760.0,0,0,0.0,0.0,0.0,0.0,0.0,0.0,0.0,0.0,0.0,1734
32,8,4,2.82,44,4.63,10000.0,-7.3,0.0,0.0,53600.0,0,0,0.0,0.0,0.0,0.0,0.0,0.0,0.0,0.0,0.0,7138
33,9,6,1.19,93,4.12,9000.0,0.19,0.0,0.0,53649.0,1,0,1.0,0.0,0.0,0.0,0.0,0.0,0.0,0.0,0.0,1952
34,8,5,2.68,81,5.66,10000.0,-0.22,0.52,0.0,53792.0,1,0,0.0,0.0,0.0,0.0,0.0,0.0,1.0,0.0,0.0,2439
35,19,0,-2.03,74,3.09,10000.0,-5.58,0.0,0.0,53515.0,0,0,1.0,0.0,0.0,0.0,0.0,0.0,0.0,0.0,0.0,4274
36,7,0,6.03,67,3.1,10000.0,0.37,0.0,0.0,53335.0,0,1,1.0,0.0,0.0,0.0,0.0,0.0,0.0,0.0,0.0,995
37,20,5,-5.74,73,0.51,10000.0,-9.35,0.0,0.0,53972.0,1,0,0.0,0.0,0.0,0.0,0.0,0.0,0.0,0.0,0.0,2171
38,23,2,-2.81,93,1.54,6000.0,-3.67,0.0,0.0,53399.0,0,0,0.0,0.0,0.0,0.0,0.0,1.0,0.0,0.0,0.0,1798
39,17,0,-7.09,73,1.03,10000.0,-10.66,0.0,0.0,53681.0,0,0,0.0,0.0,0.0,0.0,0.0,0.0,0.0,0.0,0.0,5589
40,21,3,-6.64,67,1.47,9150.339366515836,-11.19,0.0,0.0,53925.0,0,0,0.0,0.0,0.0,0.0,0.0,0.0,0.0,0.0,0.0,2563
41,16,4,-3.43,63,0.51,10000.0,-8.79,0.0,0.0,53608.0,0,0,0.0,0.0,0.0,0.0,0.0,0.0,0.0,0.0,0.0,4593
42,20,5,-5.74,73,0.51,10000.0,-9.35,0.0,0.0,53972.0,1,0,0.0,0.0,0.0,0.0,0.0,0.0,0.0,0.0,0.0,2171
43,9,1,-9.78,52,5.66,10000.0,-16.95,0.0,0.0,53865.0,0,0,1.0,0.0,0.0,0.0,0.0,0.0,0.0,0.0,0.0,2358
44,13,6,-2.69,75,1.96,9150.339366515836,-6.07,0.0,0.0,53989.0,1,0,0.0,0.0,0.0,0.0,0.0,0.0,0.0,0.0,0.0,3271
45,17,1,-2.78,100,2.06,2500.0,-2.78,0.0,0.0,53537.0,0,0,0.0,0.0,0.0,0.0,0.0,1.0,0.0,0.0,0.0,2264
46,9,1,3.43,64,2.1,10000.0,-2.41,0.0,0.0,53361.0,0,0,1.0,0.0,0.0,0.0,0.0,0.0,0.0,0.0,0.0,3864
47,19,0,-5.76,90,0.51,4000.0,-6.98,0.0,0.0,54019.0,0,0,0.0,0.0,0.0,0.0,0.0,1.0,0.0,0.0,0.0,4940
48,23,2,0.32,93,2.57,7000.0,-0.6,0.0,0.0,53735.0,0,0,1.0,0.0,0.0,0.0,0.0,0.0,0.0,0.0,0.0,190
49,21,3,-6.64,67,1.47,9150.339366515836,-11.19,0.0,0.0,53925.0,0,0,0.0,0.0,0.0,0.0,0.0,0.0,0.0,0.0,0.0,2563
50,8,1,-9.15,48,5.66,10000.0,-17.21,0.0,0.0,53864.0,0,0,0.0,0.0,0.0,0.0,0.0,0.0,0.0,0.0,0.0,4638
51,16,6,-3.63,58,4.63,10000.0,-9.92,0.0,0.0,53656.0,1,0,0.0,0.0,0.0,0.0,0.0,0.0,0.0,0.0,0.0,1589
52,9,4,4.51,81,3.6,3500.0,1.54,0.0,0.0,53433.0,0,0,0.0,0.0,0.0,0.0,0.0,1.0,0.0,0.0,0.0,4259
53,2,4,7.19,71,3.6,3500.0,2.29,0.0,0.0,53426.0,0,0,0.0,0.0,0.0,0.0,1.0,0.0,0.0,0.0,0.0,800
54,15,2,-2.98,100,1.54,2500.0,-2.98,0.0,0.0,53559.0,0,0,0.0,0.0,0.0,0.0,0.0,1.0,0.0,0.0,0.0,3112
55,12,4,-0.73,59,1.03,10000.0,-6.96,0.0,0.0,53604.0,0,0,0.0,0.0,0.0,0.0,0.0,0.0,0.0,0.0,0.0,3580
56,14,3,1.88,93,1.54,6000.0,0.87,0.0,0.0,53582.0,0,0,1.0,0.0,0.0,0.0,0.0,0.0,0.0,0.0,0.0,3139
57,11,5,0.66,93,1.54,900.0,-0.3,0.0,1.11,53459.0,1,0,0.0,0.0,0.0,0.0,0.0,0.0,0.0,1.0,0.0,3577
58,12,1,-1.44,69,2.57,10000.0,-5.82,0.0,0.0,54036.0,0,0,0.0,0.0,0.0,0.0,0.0,0.0,0.0,0.0,0.0,3279
59,4,5,3.91,38,2.06,10000.0,-8.1,0.0,0.0,53452.0,1,0,0.0,0.0,0.0,0.0,0.0,0.0,0.0,0.0,0.0,523
60,5,3,5.2,65,3.09,10000.0,-0.74,0.0,0.0,53405.0,0,0,1.0,0.0,0.0,0.0,0.0,0.0,0.0,0.0,0.0,997
61,12,0,-1.04,72,0.51,10000.0,-4.94,0.0,0.0,54012.0,0,0,0.0,0.0,0.0,0.0,0.0,0.0,0.0,0.0,0.0,3190
62,22,3,4.17,87,1.54,5000.0,2.2,0.0,0.0,53422.0,0,0,0.0,0.0,0.0,0.0,0.0,1.0,0.0,0.0,0.0,3376
63,18,3,4.03,81,3.09,10000.0,1.07,0.0,0.0,53754.0,0,0,0.0,0.0,0.0,0.0,0.0,0.0,0.0,0.0,0.0,7965
64,16,2,-7.42,57,2.06,10000.0,-13.72,0.0,0.0,53896.0,0,0,0.0,0.0,0.0,0.0,0.0,0.0,0.0,0.0,0.0,2769
65,22,3,4.19,70,1.54,10000.0,-0.69,0.0,0.0,53758.0,0,0,0.0,0.0,0.0,0.0,0.0,0.0,0.0,0.0,0.0,3259
66,18,0,-7.26,73,1.03,10000.0,-10.83,0.0,0.0,53682.0,0,0,0.0,0.0,0.0,0.0,0.0,0.0,0.0,0.0,0.0,6979
67,12,2,-2.14,93,2.06,2500.0,-3.0,0.0,0.0,53556.0,0,0,0.0,0.0,0.0,0.0,0.0,1.0,0.0,0.0,0.0,2745
68,0,4,-1.5,93,0.0,2500.0,-2.37,0.0,0.0,53592.0,0,0,0.0,0.0,0.0,0.0,0.0,1.0,0.0,0.0,0.0,1600
69,7,3,8.57,61,1.03,10000.0,1.48,0.0,0.0,53743.0,0,0,0.0,0.0,0.0,0.0,0.0,0.0,0.0,0.0,0.0,2878
70,12,2,2.25,75,1.54,6000.0,-1.52,0.0,0.0,54060.0,0,0,0.0,0.0,0.0,0.0,0.0,0.0,0.0,0.0,0.0,3766
71,17,0,-2.01,69,2.06,10000.0,-6.38,0.0,0.0,53513.0,0,0,1.0,0.0,0.0,0.0,0.0,0.0,0.0,0.0,0.0,5152
72,1,3,-6.64,42,5.14,10000.0,-16.3,0.0,0.0,53905.0,0,0,0.0,0.0,0.0,0.0,0.0,0.0,0.0,0.0,0.0,768
73,4,4,8.36,61,3.6,5000.0,1.29,0.0,0.0,53428.0,0,0,0.0,0.0,0.0,0.0,1.0,0.0,0.0,0.0,0.0,579
74,11,4,-1.78,86,1.03,10000.0,-3.58,0.0,0.0,53939.0,0,0,0.0,0.0,0.0,0.0,0.0,0.0,0.0,0.0,0.0,2916
75,11,2,3.09,75,2.57,6000.0,-0.8,0.0,0.0,54059.0,0,0,0.0,0.0,0.0,0.0,0.0,0.0,0.0,0.0,0.0,3413
76,22,1,0.2,80,0.51,7000.0,-2.51,0.0,0.0,54046.0,0,0,1.0,0.0,0.0,0.0,0.0,0.0,0.0,0.0,0.0,3134
77,13,4,-1.49,74,0.51,10000.0,-5.06,0.0,0.0,53605.0,0,0,0.0,0.0,0.0,0.0,0.0,0.0,0.0,0.0,0.0,3521
78,12,1,-10.61,55,4.63,10000.0,-17.14,0.0,0.0,53868.0,0,0,1.0,0.0,0.0,0.0,0.0,0.0,0.0,0.0,0.0,1734
79,17,5,-2.44,79,2.32,9150.339366515836,-5.22,0.0,0.0,53465.0,1,0,0.0,0.0,0.0,0.0,0.0,0.0,0.0,0.0,0.0,4542
80,13,0,4.07,87,4.12,10000.0,2.1,0.0,0.0,54517.0,0,0,1.0,0.0,0.0,0.0,0.0,0.0,0.0,0.0,0.0,1117
81,8,1,8.98,40,1.03,10000.0,-3.44,0.0,0.0,54704.0,0,0,1.0,0.0,0.0,0.0,0.0,0.0,0.0,0.0,0.0,8429
82,4,0,3.69,87,4.12,10000.0,1.73,0.36,0.0,54172.0,0,0,0.0,0.0,0.0,0.0,0.0,0.0,1.0,0.0,0.0,350
83,19,2,-0.06,97,2.57,600.0,-0.43,0.0,0.58,54571.0,0,0,0.0,0.0,0.0,0.0,0.0,0.0,0.0,1.0,0.0,418
84,21,0,-0.57,93,3.09,10000.0,-1.44,0.0,0.0,54189.0,0,0,0.0,0.0,0.0,0.0,0.0,0.0,0.0,1.0,0.0,594
85,4,1,6.84,82,3.4,9150.339366515836,3.99,0.0,0.0,54532.0,0,0,1.0,0.0,0.0,0.0,0.0,0.0,0.0,0.0,0.0,423
86,4,4,5.35,45,3.09,10000.0,-4.98,0.0,0.0,54436.0,0,0,1.0,0.0,0.0,0.0,0.0,0.0,0.0,0.0,0.0,508
87,9,5,4.76,60,3.09,10000.0,-2.07,0.15,0.0,54633.0,1,0,0.0,0.0,0.0,0.0,0.0,0.0,1.0,0.0,0.0,3063
88,3,3,2.89,90,6.17,7000.0,1.41,1.03,0.0,54411.0,0,0,0.0,0.0,0.0,0.0,0.0,0.0,1.0,0.0,0.0,605
89,4,0,6.56,39,2.57,10000.0,-5.67,0.0,0.0,54340.0,0,1,0.0,0.0,0.0,0.0,0.0,0.0,0.0,0.0,0.0,363
90,12,4,1.39,75,1.54,10000.0,-2.25,0.0,0.0,54444.0,0,0,0.0,0.0,0.0,0.0,0.0,0.0,0.0,0.0,0.0,4310
91,4,2,6.9,62,1.6,9150.339366515836,0.13,0.0,0.0,54724.0,0,0,1.0,0.0,0.0,0.0,0.0,0.0,0.0,0.0,0.0,561
92,22,3,-0.02,80,1.54,10000.0,-2.7,0.0,0.0,54094.0,0,0,1.0,0.0,0.0,0.0,0.0,0.0,0.0,0.0,0.0,3216
93,10,1,9.66,76,3.09,10000.0,5.64,0.0,0.0,54370.0,0,0,0.0,0.0,0.0,0.0,0.0,0.0,0.0,0.0,0.0,3215
94,23,0,1.48,56,5.14,10000.0,-5.62,0.0,0.0,54695.0,0,0,0.0,0.0,0.0,0.0,0.0,0.0,0.0,0.0,0.0,2114
95,20,5,-4.93,86,2.06,8000.0,-6.68,0.0,0.0,54308.0,1,0,0.0,0.0,0.0,0.0,0.0,0.0,0.0,0.0,0.0,1766
96,21,5,-4.09,86,1.54,8000.0,-5.85,0.0,0.0,54309.0,1,0,0.0,0.0,0.0,0.0,0.0,0.0,0.0,0.0,0.0,1632
97,15,6,-1.78,93,2.06,3500.0,-2.65,0.0,0.0,54327.0,1,0,0.0,0.0,0.0,0.0,0.0,1.0,0.0,0.0,0.0,2849
98,8,6,6.2,61,2.57,10000.0,-0.67,0.0,0.0,54656.0,1,0,1.0,0.0,0.0,0.0,0.0,0.0,0.0,0.0,0.0,614
99,8,6,8.62,53,3.09,10000.0,-0.36,0.0,0.0,54152.0,1,0,0.0,0.0,0.0,0.0,0.0,0.0,0.0,0.0,0.0,1769
100,23,1,-2.21,93,1.54,8000.0,-3.07,0.0,0.0,54215.0,0,0,1.0,0.0,0.0,0.0,0.0,0.0,0.0,0.0,0.0,2125
101,6,6,9.81,46,1.54,10000.0,-1.1,0.0,0.0,54150.0,1,0,1.0,0.0,0.0,0.0,0.0,0.0,0.0,0.0,0.0,697
102,5,0,8.32,34,2.57,10000.0,-5.87,0.0,0.0,54341.0,0,1,0.0,0.0,0.0,0.0,0.0,0.0,0.0,0.0,0.0,380
103,15,6,9.0,100,4.63,3000.0,9.0,0.68,0.0,54495.0,1,0,0.0,0.0,0.0,0.0,0.0,0.0,1.0,0.0,0.0,1882
104,8,3,7.77,53,4.12,9000.0,-1.06,0.0,0.0,54752.0,0,0,1.0,0.0,0.0,0.0,0.0,0.0,0.0,0.0,0.0,8434
105,23,4,-2.23,93,2.06,5000.0,-3.09,0.0,0.0,54287.0,0,1,0.0,0.0,0.0,0.0,0.0,1.0,0.0,0.0,0.0,1237
106,12,2,1.29,100,2.06,3500.0,1.29,0.0,0.4,54564.0,0,0,0.0,0.0,0.0,0.0,0.0,0.0,0.0,1.0,0.0,212
107,14,3,1.53,41,4.12,10000.0,-9.16,0.0,0.0,54758.0,0,0,1.0,0.0,0.0,0.0,0.0,0.0,0.0,0.0,0.0,4458
108,18,2,1.55,93,1.54,5000.0,0.54,0.0,0.0,54738.0,0,0,0.0,0.0,0.0,0.0,0.0,1.0,0.0,0.0,0.0,10128
109,2,1,1.6,86,1.54,10000.0,-0.43,0.0,0.0,54194.0,0,0,0.0,0.0,0.0,0.0,0.0,0.0,0.0,0.0,0.0,398
110,8,6,6.2,61,2.57,10000.0,-0.67,0.0,0.0,54656.0,1,0,1.0,0.0,0.0,0.0,0.0,0.0,0.0,0.0,0.0,614
111,17,6,9.6,100,2.57,2500.0,9.6,0.78,0.0,54497.0,1,0,0.0,0.0,0.0,0.0,0.0,0.0,1.0,0.0,0.0,427
112,18,1,3.13,70,2.06,10000.0,-1.59,0.0,0.0,54714.0,0,0,0.0,0.0,0.0,0.0,0.0,0.0,0.0,0.0,0.0,10026
113,9,2,2.52,93,3.6,7000.0,1.5,0.36,0.0,54561.0,0,0,0.0,0.0,0.0,0.0,0.0,0.0,1.0,0.0,0.0,400
114,12,5,1.76,90,4.12,9000.0,0.3,0.0,0.47,54636.0,1,0,0.0,0.0,0.0,0.0,0.0,0.0,1.0,0.0,0.0,4201
115,1,5,1.18,80,2.06,7000.0,-1.66,0.0,0.0,54289.0,1,0,1.0,0.0,0.0,0.0,0.0,0.0,0.0,0.0,0.0,727
116,4,4,2.98,48,4.12,10000.0,-6.17,0.0,0.0,54604.0,0,0,0.0,0.0,0.0,0.0,0.0,0.0,0.0,0.0,0.0,362
117,8,6,4.07,65,5.14,6000.0,-1.69,0.0,0.0,54320.0,1,0,1.0,0.0,0.0,0.0,0.0,0.0,0.0,0.0,0.0,1124
118,17,6,-1.38,93,1.54,9000.0,-2.25,0.0,0.0,54665.0,1,0,0.0,0.0,0.0,0.0,0.0,0.0,0.0,0.0,0.0,4566
119,9,3,7.12,49,4.12,10000.0,-2.53,0.0,0.0,54753.0,0,0,0.0,0.0,0.0,0.0,0.0,0.0,0.0,0.0,0.0,4582
120,13,2,-1.66,93,1.03,10000.0,-2.53,0.0,0.0,54229.0,0,0,0.0,0.0,0.0,0.0,0.0,0.0,0.0,0.0,0.0,1716
121,17,1,7.88,93,0.51,6000.0,6.82,0.0,0.0,54377.0,0,0,1.0,0.0,0.0,0.0,0.0,0.0,0.0,0.0,0.0,8366
122,8,2,2.12,64,3.09,10000.0,-3.52,0.0,0.0,54224.0,0,0,1.0,0.0,0.0,0.0,0.0,0.0,0.0,0.0,0.0,7514
123,8,4,4.33,65,3.6,7000.0,-1.47,0.0,0.0,54104.0,0,0,1.0,0.0,0.0,0.0,0.0,0.0,0.0,0.0,0.0,8053
124,5,5,6.43,39,5.14,10000.0,-5.78,0.0,0.0,54293.0,1,0,0.0,0.0,0.0,0.0,0.0,0.0,0.0,0.0,0.0,340
125,13,6,0.3,93,1.54,3500.0,-0.61,0.0,0.0,54325.0,1,0,0.0,0.0,0.0,0.0,0.0,1.0,0.0,0.0,0.0,2949
126,21,1,2.81,70,1.03,10000.0,-1.87,0.0,0.0,54717.0,0,0,0.0,0.0,0.0,0.0,0.0,0.0,0.0,0.0,0.0,4750
127,4,3,3.68,48,1.54,10000.0,-5.59,0.0,0.0,54244.0,0,0,0.0,0.0,0.0,0.0,0.0,0.0,0.0,0.0,0.0,504
128,16,6,9.29,100,2.57,3000.0,9.29,1.16,0.0,54496.0,1,0,0.0,0.0,0.0,0.0,0.0,0.0,1.0,0.0,0.0,1207
129,18,4,-2.24,84,1.1,9150.339366515836,-4.31,0.0,0.0,54282.0,0,1,0.0,0.0,0.0,0.0,0.0,0.0,0.0,0.0,0.0,2668
130,21,5,0.87,100,1.54,2500.0,0.87,0.0,0.4,54645.0,1,0,0.0,0.0,0.0,0.0,0.0,0.0,0.0,1.0,0.0,387
131,2,1,5.6,81,0.51,8000.0,2.6,0.0,0.0,54530.0,0,0,0.0,0.0,0.0,0.0,0.0,1.0,0.0,0.0,0.0,407
132,21,6,3.72,81,1.54,10000.0,0.77,0.24,0.0,54165.0,1,0,0.0,0.0,0.0,0.0,0.0,0.0,1.0,0.0,0.0,3090
133,4,2,15.91,67,4.63,10000.0,9.8,0.15,0.0,54388.0,0,0,0.0,0.0,0.0,0.0,0.0,0.0,1.0,0.0,0.0,528
134,9,5,4.76,60,3.09,10000.0,-2.07,0.15,0.0,54633.0,1,0,0.0,0.0,0.0,0.0,0.0,0.0,1.0,0.0,0.0,3063
135,9,1,8.3,46,2.06,10000.0,-2.33,0.0,0.0,54705.0,0,0,1.0,0.0,0.0,0.0,0.0,0.0,0.0,0.0,0.0,4521
136,3,6,8.15,53,1.54,10000.0,-0.75,0.0,0.0,54147.0,1,0,0.0,0.0,0.0,0.0,0.0,0.0,0.0,0.0,0.0,637
137,7,1,13.22,58,6.69,10000.0,5.15,0.0,0.0,54367.0,0,0,1.0,0.0,0.0,0.0,0.0,0.0,0.0,0.0,0.0,4571
138,6,0,8.86,29,2.57,10000.0,-7.29,0.0,0.0,54342.0,0,1,0.0,0.0,0.0,0.0,0.0,0.0,0.0,0.0,0.0,515
139,7,4,6.38,46,3.09,10000.0,-3.89,0.0,0.0,54439.0,0,0,1.0,0.0,0.0,0.0,0.0,0.0,0.0,0.0,0.0,4612
140,6,6,9.81,46,1.54,10000.0,-1.1,0.0,0.0,54150.0,1,0,1.0,0.0,0.0,0.0,0.0,0.0,0.0,0.0,0.0,697
141,20,2,0.97,100,2.06,4000.0,0.97,0.0,0.0,54740.0,0,0,0.0,0.0,0.0,0.0,0.0,1.0,0.0,0.0,0.0,5189
142,20,6,3.54,81,4.63,10000.0,0.59,0.21,0.0,54164.0,1,0,0.0,0.0,0.0,0.0,0.0,0.0,1.0,0.0,0.0,3345
143,10,2,1.77,100,2.06,6000.0,1.77,0.0,0.39,54562.0,0,0,0.0,0.0,0.0,0.0,0.0,0.0,0.0,1.0,0.0,228
144,6,6,5.04,52,8.23,8000.0,-3.54,0.0,0.0,54318.0,1,0,1.0,0.0,0.0,0.0,0.0,0.0,0.0,0.0,0.0,386
145,11,5,3.75,75,1.54,8000.0,-0.23,0.0,0.0,54467.0,1,0,0.0,0.0,0.0,0.0,0.0,0.0,0.0,0.0,0.0,4438
146,11,0,5.44,93,4.63,10000.0,4.4,0.0,0.0,54515.0,0,0,1.0,0.0,0.0,0.0,0.0,0.0,0.0,0.0,0.0,1407
147,10,6,2.32,75,2.57,4000.0,-1.46,0.0,0.0,54322.0,1,0,0.0,0.0,0.0,0.0,1.0,0.0,0.0,0.0,0.0,1914
148,18,4,-2.24,84,1.1,9150.339366515836,-4.31,0.0,0.0,54282.0,0,1,0.0,0.0,0.0,0.0,0.0,0.0,0.0,0.0,0.0,2668
149,3,3,3.07,52,2.57,8000.0,-5.16,0.0,0.0,54243.0,0,0,1.0,0.0,0.0,0.0,0.0,0.0,0.0,0.0,0.0,586
150,20,2,0.97,100,2.06,4000.0,0.97,0.0,0.0,54740.0,0,0,0.0,0.0,0.0,0.0,0.0,1.0,0.0,0.0,0.0,5189
151,6,2,8.12,50,1.03,10000.0,-1.47,0.0,0.0,54726.0,0,0,1.0,0.0,0.0,0.0,0.0,0.0,0.0,0.0,0.0,2387
152,3,5,6.02,49,4.12,10000.0,-3.43,0.0,0.0,54123.0,1,0,1.0,0.0,0.0,0.0,0.0,0.0,0.0,0.0,0.0,1437
153,7,1,13.22,58,6.69,10000.0,5.15,0.0,0.0,54367.0,0,0,1.0,0.0,0.0,0.0,0.0,0.0,0.0,0.0,0.0,4571
154,6,3,1.75,75,3.09,10000.0,-1.94,0.0,0.0,54582.0,0,0,1.0,0.0,0.0,0.0,0.0,0.0,0.0,0.0,0.0,369
155,6,3,4.6,48,2.06,10000.0,-4.84,0.0,0.0,54246.0,0,0,0.0,0.0,0.0,0.0,0.0,0.0,0.0,0.0,0.0,1878
156,7,5,5.63,45,5.14,7000.0,-4.75,0.0,0.0,54295.0,1,0,0.0,0.0,0.0,0.0,0.0,0.0,0.0,0.0,0.0,695
157,15,3,0.37,64,2.06,10000.0,-5.0,0.0,0.0,54423.0,0,0,0.0,0.0,0.0,0.0,0.0,0.0,0.0,0.0,0.0,1478
158,15,0,3.47,84,4.63,10000.0,1.03,0.0,0.0,54519.0,0,0,1.0,0.0,0.0,0.0,0.0,0.0,0.0,0.0,0.0,1390
159,15,1,0.2,93,2.06,5000.0,-0.7,0.0,0.0,54207.0,0,0,0.0,0.0,0.0,0.0,0.0,1.0,0.0,0.0,0.0,3442
160,17,2,-1.03,64,1.54,10000.0,-6.3,0.0,0.0,55241.0,0,0,0.0,0.0,0.0,0.0,0.0,0.0,0.0,0.0,0.0,8316
161,13,5,11.4,71,1.03,10000.0,6.34,0.0,0.0,55309.0,1,0,0.0,0.0,0.0,0.0,0.0,0.0,0.0,0.0,0.0,7885
162,23,5,-0.33,93,0.51,3500.0,-1.21,0.0,0.0,54815.0,1,0,0.0,0.0,0.0,0.0,0.0,1.0,0.0,0.0,0.0,1706
163,16,5,4.39,75,6.69,5000.0,0.35,0.0,0.0,54808.0,1,0,0.0,0.0,0.0,0.0,0.0,1.0,0.0,0.0,0.0,3775
164,13,4,7.17,53,1.54,10000.0,-1.55,0.0,0.0,55453.0,0,0,0.0,0.0,0.0,0.0,0.0,0.0,0.0,0.0,0.0,1006
165,3,5,12.31,40,2.57,10000.0,-0.79,0.0,0.0,55467.0,1,0,0.0,0.0,0.0,0.0,0.0,0.0,0.0,0.0,0.0,943
166,17,5,8.97,42,1.54,10000.0,-2.87,0.0,0.0,55145.0,1,0,1.0,0.0,0.0,0.0,0.0,0.0,0.0,0.0,0.0,8408
167,23,5,5.48,65,1.54,10000.0,-0.5,0.0,0.0,55487.0,1,0,0.0,0.0,0.0,0.0,0.0,0.0,0.0,0.0,0.0,2806
168,6,3,9.66,37,5.14,10000.0,-3.82,0.0,0.0,55254.0,0,0,0.0,0.0,0.0,0.0,0.0,0.0,0.0,0.0,0.0,2860
169,19,0,4.55,60,2.06,10000.0,-2.24,0.0,0.0,55195.0,0,0,0.0,0.0,0.0,0.0,0.0,0.0,0.0,0.0,0.0,7524
170,10,6,4.26,65,2.57,10000.0,-1.53,0.0,0.0,54994.0,1,0,0.0,0.0,0.0,0.0,0.0,0.0,0.0,0.0,0.0,3379
171,0,3,3.62,65,2.57,10000.0,-2.07,0.0,0.0,54912.0,0,0,1.0,0.0,0.0,0.0,0.0,0.0,0.0,0.0,0.0,1757
172,17,2,2.14,86,4.12,6000.0,0.05,0.0,0.0,55073.0,0,0,0.0,0.0,0.0,0.0,0.0,0.0,0.0,0.0,0.0,9002
173,4,2,11.48,37,5.66,10000.0,-2.38,0.0,0.0,55060.0,0,0,0.0,0.0,0.0,0.0,0.0,0.0,0.0,0.0,0.0,496
174,13,5,0.63,75,2.8,9150.339366515836,-2.91,0.0,0.0,54973.0,1,0,0.0,0.0,0.0,0.0,0.0,0.0,0.0,0.0,0.0,5374
175,23,5,9.86,76,1.54,10000.0,5.83,0.0,0.0,55319.0,1,0,0.0,0.0,0.0,0.0,0.0,0.0,0.0,0.0,0.0,3309
176,16,6,1.61,87,1.03,10000.0,-0.28,0.0,0.0,55000.0,1,0,0.0,0.0,0.0,0.0,0.0,0.0,0.0,0.0,0.0,6613
177,6,5,16.94,16,3.09,10000.0,-8.04,0.0,0.0,55134.0,1,0,0.0,0.0,0.0,0.0,0.0,0.0,0.0,0.0,0.0,1066
178,6,2,15.02,51,3.6,10000.0,4.97,0.0,0.0,55398.0,0,0,0.0,0.0,0.0,0.0,0.0,0.0,0.0,0.0,0.0,3112
179,3,2,10.85,35,5.14,10000.0,-3.54,0.0,0.0,55059.0,0,0,0.0,0.0,0.0,0.0,0.0,0.0,0.0,0.0,0.0,637
180,14,4,-6.24,46,3.6,10000.0,-14.94,0.0,0.0,54782.0,0,1,0.0,0.0,0.0,0.0,0.0,0.0,0.0,0.0,0.0,2836
181,15,4,4.35,70,1.54,10000.0,-0.56,0.0,0.0,55455.0,0,0,0.0,0.0,0.0,0.0,0.0,0.0,0.0,0.0,0.0,4246
182,23,2,3.1,87,3.09,4500.0,1.15,0.0,0.0,55079.0,0,0,0.0,0.0,0.0,0.0,0.0,1.0,0.0,0.0,0.0,2521
183,9,3,7.39,39,4.63,10000.0,-5.01,0.0,0.0,55257.0,0,0,0.0,0.0,0.0,0.0,0.0,0.0,0.0,0.0,0.0,5464
184,17,1,3.42,80,3.6,10000.0,0.3,0.0,0.0,54881.0,0,0,0.0,0.0,0.0,0.0,0.0,0.0,0.0,0.0,0.0,8250
185,10,1,7.34,70,1.03,10000.0,2.24,0.0,0.0,55042.0,0,0,1.0,0.0,0.0,0.0,0.0,0.0,0.0,0.0,0.0,2054
186,6,2,10.9,46,1.54,10000.0,-0.22,0.0,0.0,54894.0,0,0,1.0,0.0,0.0,0.0,0.0,0.0,0.0,0.0,0.0,2829
187,6,0,9.86,40,3.6,10000.0,-2.74,0.0,0.0,55014.0,0,0,1.0,0.0,0.0,0.0,0.0,0.0,0.0,0.0,0.0,2775
188,3,0,13.48,44,5.66,10000.0,1.48,0.0,0.0,55347.0,0,0,0.0,0.0,0.0,0.0,0.0,0.0,0.0,0.0,0.0,577
189,13,4,6.76,76,1.54,7000.0,2.83,0.0,0.0,55117.0,0,0,0.0,0.0,0.0,0.0,0.0,0.0,0.0,0.0,0.0,5179
190,9,1,10.51,71,4.63,10000.0,5.48,0.0,0.0,55377.0,0,0,1.0,0.0,0.0,0.0,0.0,0.0,0.0,0.0,0.0,1045
191,12,5,3.65,70,4.63,9000.0,-1.15,0.0,0.0,54804.0,1,0,1.0,0.0,0.0,0.0,0.0,0.0,0.0,0.0,0.0,3458
192,6,4,-1.47,31,7.72,10000.0,-14.84,0.0,0.0,54774.0,0,1,0.0,0.0,0.0,0.0,0.0,0.0,0.0,0.0,0.0,703
193,21,4,1.71,100,0.51,3000.0,1.71,0.0,0.0,55125.0,0,0,0.0,0.0,0.0,1.0,0.0,0.0,0.0,0.0,0.0,4944
194,8,4,11.2,66,5.66,7000.0,5.09,0.0,0.0,55448.0,0,0,1.0,0.0,0.0,0.0,0.0,0.0,0.0,0.0,0.0,9447
195,6,5,17.77,42,4.63,10000.0,4.7,0.0,0.0,55302.0,1,0,0.0,0.0,0.0,0.0,0.0,0.0,0.0,0.0,0.0,1012
196,4,6,19.7,26,4.63,10000.0,-0.28,0.0,0.0,55324.0,1,0,0.0,0.0,0.0,0.0,0.0,0.0,0.0,0.0,0.0,646
197,0,6,1.43,86,0.57,9150.339366515836,-0.57,0.0,0.0,54816.0,1,0,1.0,0.0,0.0,0.0,0.0,0.0,0.0,0.0,0.0,1547
198,8,3,12.95,26,5.14,10000.0,-5.4,0.0,0.0,55088.0,0,0,0.0,0.0,0.0,0.0,0.0,0.0,0.0,0.0,0.0,10356
199,19,5,-2.19,69,1.54,10000.0,-6.55,0.0,0.0,54979.0,1,0,0.0,0.0,0.0,0.0,0.0,0.0,0.0,0.0,0.0,3475
200,15,6,5.14,42,3.52,9150.339366515836,-5.96,0.0,0.0,55167.0,1,0,1.0,0.0,0.0,0.0,0.0,0.0,0.0,0.0,0.0,6956
201,15,2,4.3,76,3.19,9150.339366515836,0.45,0.0,0.0,55071.0,0,0,0.0,0.0,0.0,0.0,0.0,0.0,0.0,0.0,0.0,5389
202,14,1,5.34,70,2.57,10000.0,0.32,0.0,0.0,54878.0,0,0,0.0,0.0,0.0,0.0,0.0,0.0,0.0,0.0,0.0,3850
203,2,0,6.23,24,2.06,10000.0,-11.46,0.0,0.0,54842.0,0,0,0.0,0.0,0.0,0.0,0.0,0.0,0.0,0.0,0.0,469
204,9,4,11.2,66,1.54,10000.0,5.09,0.0,0.0,55113.0,0,0,0.0,0.0,0.0,0.0,0.0,0.0,0.0,0.0,0.0,5426
205,16,1,4.2,75,3.09,10000.0,0.17,0.0,0.0,54880.0,0,0,0.0,0.0,0.0,0.0,0.0,0.0,0.0,0.0,0.0,6015
206,0,0,3.49,60,3.09,10000.0,-3.13,0.0,0.0,55008.0,0,0,0.0,0.0,0.0,0.0,0.0,0.0,0.0,0.0,0.0,1357
207,23,6,1.88,76,2.17,9150.339366515836,-1.67,0.0,0.0,55007.0,1,0,1.0,0.0,0.0,0.0,0.0,0.0,0.0,0.0,0.0,1632
208,5,4,-1.27,31,7.72,10000.0,-14.66,0.0,0.0,54773.0,0,1,0.0,0.0,0.0,0.0,0.0,0.0,0.0,0.0,0.0,539
209,23,4,-5.21,54,3.6,10000.0,-12.22,0.0,0.0,54791.0,0,1,0.0,0.0,0.0,0.0,0.0,0.0,0.0,0.0,0.0,1134
210,8,3,6.64,45,5.66,10000.0,-3.93,0.0,0.0,54920.0,0,0,1.0,0.0,0.0,0.0,0.0,0.0,0.0,0.0,0.0,9811
211,3,6,7.12,23,1.03,10000.0,-11.25,0.0,0.0,54987.0,1,0,0.0,0.0,0.0,0.0,0.0,0.0,0.0,0.0,0.0,623
212,9,4,11.2,66,1.54,10000.0,5.09,0.0,0.0,55113.0,0,0,0.0,0.0,0.0,0.0,0.0,0.0,0.0,0.0,0.0,5426
213,16,6,10.84,62,1.03,10000.0,3.86,0.0,0.0,55336.0,1,0,0.0,0.0,0.0,0.0,0.0,0.0,0.0,0.0,0.0,11479
214,9,4,11.2,66,1.54,10000.0,5.09,0.0,0.0,55113.0,0,0,0.0,0.0,0.0,0.0,0.0,0.0,0.0,0.0,0.0,5426
215,6,6,21.5,23,2.57,10000.0,-0.43,0.0,0.0,55326.0,1,0,0.0,0.0,0.0,0.0,0.0,0.0,0.0,0.0,0.0,876
216,0,2,4.27,48,6.69,10000.0,-5.11,0.0,0.0,55224.0,0,0,0.0,0.0,0.0,0.0,0.0,0.0,0.0,0.0,0.0,1600
217,7,2,10.67,37,6.17,10000.0,-3.02,0.0,0.0,55063.0,0,0,0.0,0.0,0.0,0.0,0.0,0.0,0.0,0.0,0.0,7085
218,23,6,7.23,71,1.54,10000.0,2.33,0.0,0.0,55511.0,1,0,0.0,0.0,0.0,0.0,0.0,0.0,0.0,0.0,0.0,2493
219,10,0,6.16,45,2.57,10000.0,-4.32,0.0,0.0,54850.0,0,0,0.0,0.0,0.0,0.0,0.0,0.0,0.0,0.0,0.0,3436
220,8,0,10.37,50,2.57,10000.0,0.41,0.0,0.0,55016.0,0,0,1.0,0.0,0.0,0.0,0.0,0.0,0.0,0.0,0.0,9253
221,18,4,3.28,93,1.03,4500.0,2.26,0.0,0.0,55122.0,0,0,0.0,0.0,0.0,0.0,0.0,1.0,0.0,0.0,0.0,11919
222,4,0,8.15,31,3.6,10000.0,-7.07,0.0,0.0,55012.0,0,0,0.0,0.0,0.0,0.0,0.0,0.0,0.0,0.0,0.0,463
223,11,2,6.16,81,2.57,10000.0,3.15,0.0,0.0,54899.0,0,0,1.0,0.0,0.0,0.0,0.0,0.0,0.0,0.0,0.0,4128
224,9,3,10.92,37,3.6,10000.0,-2.82,0.0,0.0,55089.0,0,0,0.0,0.0,0.0,0.0,0.0,0.0,0.0,0.0,0.0,5363
225,20,0,4.59,60,1.93,9150.339366515836,-2.21,0.0,0.0,54860.0,0,0,1.0,0.0,0.0,0.0,0.0,0.0,0.0,0.0,0.0,5535
226,2,1,8.52,69,7.72,10000.0,3.17,0.0,0.0,55202.0,0,0,0.0,0.0,0.0,0.0,0.0,0.0,1.0,0.0,0.0,807
227,3,1,9.17,40,3.6,10000.0,-3.29,0.0,0.0,54867.0,0,0,0.0,0.0,0.0,0.0,0.0,0.0,0.0,0.0,0.0,512
228,13,2,5.12,56,4.63,10000.0,-2.59,0.0,0.0,54901.0,0,0,1.0,0.0,0.0,0.0,0.0,0.0,0.0,0.0,0.0,4224
229,3,6,18.5,30,4.63,10000.0,0.62,0.0,0.0,55323.0,1,0,0.0,0.0,0.0,0.0,0.0,0.0,0.0,0.0,0.0,952
230,13,2,5.82,60,1.54,10000.0,-1.18,0.0,0.0,55069.0,0,0,0.0,0.0,0.0,0.0,0.0,0.0,0.0,0.0,0.0,4504
231,12,0,8.11,81,4.63,10000.0,5.05,0.26,0.0,55356.0,0,0,0.0,0.0,0.0,0.0,0.0,0.0,1.0,0.0,0.0,4095
232,10,3,5.35,49,1.03,10000.0,-3.98,0.0,0.0,55258.0,0,0,0.0,0.0,0.0,0.0,0.0,0.0,0.0,0.0,0.0,3782
233,21,0,5.08,56,4.63,10000.0,-2.62,0.0,0.0,55197.0,0,0,0.0,0.0,0.0,0.0,0.0,0.0,0.0,0.0,0.0,5313
234,6,4,11.04,74,5.66,3500.0,6.59,0.0,0.0,55446.0,0,0,0.0,0.0,0.0,0.0,0.0,1.0,0.0,0.0,0.0,2802
235,0,0,12.74,38,6.17,10000.0,-1.06,0.0,0.0,55344.0,0,0,0.0,0.0,0.0,0.0,0.0,0.0,0.0,0.0,0.0,2160
236,15,5,-1.37,80,0.51,10000.0,-4.03,0.0,0.0,54975.0,1,0,0.0,0.0,0.0,0.0,0.0,0.0,0.0,0.0,0.0,5778
237,10,2,6.78,57,5.14,10000.0,-1.0,0.0,0.0,55066.0,0,0,0.0,0.0,0.0,0.0,0.0,0.0,0.0,0.0,0.0,3828
238,11,5,3.63,61,6.17,10000.0,-2.82,0.18,0.0,54803.0,1,0,0.0,0.0,0.0,0.0,0.0,0.0,0.0,1.0,0.0,3155
239,16,1,1.55,64,1.03,10000.0,-4.0,0.0,0.0,55048.0,0,0,0.0,0.0,0.0,0.0,0.0,0.0,0.0,0.0,0.0,4995
240,10,0,21.09,52,2.57,10000.0,10.86,0.0,0.0,56194.0,0,0,0.0,0.0,0.0,0.0,0.0,0.0,0.0,0.0,0.0,5430
241,9,2,17.56,48,2.06,9000.0,6.44,0.0,0.0,55905.0,0,0,1.0,0.0,0.0,0.0,0.0,0.0,0.0,0.0,0.0,6645
242,13,2,14.61,63,1.54,10000.0,7.65,0.0,0.0,55573.0,0,0,0.0,0.0,0.0,0.0,0.0,0.0,0.0,0.0,0.0,4543
243,17,2,11.84,71,1.54,10000.0,6.76,0.0,0.0,55577.0,0,0,0.0,0.0,0.0,0.0,0.0,0.0,0.0,0.0,0.0,11149
244,9,3,17.67,52,4.12,10000.0,7.7,0.0,0.0,55593.0,0,0,0.0,0.0,0.0,0.0,0.0,0.0,0.0,0.0,0.0,6814
245,6,6,27.3,41,3.6,10000.0,12.91,0.0,0.0,56166.0,1,0,0.0,0.0,0.0,0.0,0.0,0.0,0.0,0.0,0.0,1507
246,17,4,10.64,91,1.45,9150.339366515836,9.23,0.0,0.0,55793.0,0,0,1.0,0.0,0.0,0.0,0.0,0.0,0.0,0.0,0.0,13693
247,17,1,11.92,70,2.91,9150.339366515836,6.63,0.0,0.0,55553.0,0,0,1.0,0.0,0.0,0.0,0.0,0.0,0.0,0.0,0.0,12405
248,18,1,10.65,50,4.12,10000.0,0.66,0.0,0.0,55722.0,0,0,0.0,0.0,0.0,0.0,0.0,0.0,0.0,0.0,0.0,16283
249,8,4,21.55,43,5.14,10000.0,8.45,0.0,0.0,55784.0,0,0,0.0,0.0,0.0,0.0,0.0,0.0,0.0,0.0,0.0,12342
250,12,4,15.26,82,2.57,10000.0,12.21,0.0,0.0,55788.0,0,0,0.0,0.0,0.0,0.0,0.0,0.0,0.0,0.0,0.0,6763
251,14,0,17.0,59,3.84,9150.339366515836,8.94,0.0,0.0,56030.0,0,0,1.0,0.0,0.0,0.0,0.0,0.0,0.0,0.0,0.0,6170
252,5,2,16.39,67,4.12,10000.0,10.25,0.23,0.0,56069.0,0,0,0.0,0.0,0.0,0.0,0.0,0.0,1.0,0.0,0.0,157
253,14,3,12.87,55,3.09,10000.0,4.06,0.0,0.0,55934.0,0,0,0.0,0.0,0.0,0.0,0.0,0.0,0.0,0.0,0.0,5707
254,13,1,12.13,91,1.02,9150.339366515836,10.71,0.0,0.0,55885.0,0,0,1.0,0.0,0.0,0.0,0.0,0.0,0.0,0.0,0.0,5054
255,14,6,15.7,77,0.51,10000.0,11.68,0.0,0.0,55838.0,1,0,0.0,0.0,0.0,0.0,0.0,0.0,0.0,0.0,0.0,8860
256,7,6,19.69,60,3.09,10000.0,11.72,0.0,0.0,55999.0,1,0,1.0,0.0,0.0,0.0,0.0,0.0,0.0,0.0,0.0,1824
257,1,3,13.85,72,1.03,10000.0,8.89,0.0,0.0,55753.0,0,0,0.0,0.0,0.0,0.0,0.0,0.0,1.0,0.0,0.0,1536
258,10,0,20.84,43,1.54,10000.0,7.81,0.0,0.0,56026.0,0,0,0.0,0.0,0.0,0.0,0.0,0.0,0.0,0.0,0.0,4601
259,12,6,17.47,59,5.14,10000.0,9.38,0.0,0.0,56004.0,1,0,0.0,0.0,0.0,0.0,0.0,0.0,0.0,0.0,0.0,7649
260,13,3,15.16,58,4.63,10000.0,6.96,0.0,0.0,55597.0,0,0,0.0,0.0,0.0,0.0,0.0,0.0,0.0,0.0,0.0,6184
261,8,6,19.56,24,6.69,10000.0,-1.36,0.0,0.0,55664.0,1,0,0.0,0.0,0.0,0.0,0.0,0.0,0.0,0.0,0.0,3303
262,12,5,16.7,66,1.41,9150.339366515836,10.32,0.0,0.0,56148.0,1,0,0.0,0.0,0.0,0.0,0.0,0.0,0.0,0.0,0.0,8640
263,0,1,11.67,38,2.06,10000.0,-1.91,0.0,0.0,55536.0,0,0,0.0,0.0,0.0,0.0,0.0,0.0,0.0,0.0,0.0,2172
264,8,4,22.8,43,4.12,10000.0,9.58,0.0,0.0,56120.0,0,0,0.0,0.0,0.0,0.0,0.0,0.0,0.0,0.0,0.0,12547
265,4,4,17.75,47,4.12,10000.0,6.3,0.21,0.0,55612.0,0,0,0.0,0.0,0.0,0.0,0.0,0.0,1.0,0.0,0.0,967
266,20,3,9.54,87,1.03,10000.0,7.49,0.0,0.0,55772.0,0,0,1.0,0.0,0.0,0.0,0.0,0.0,0.0,0.0,0.0,8717
267,3,1,14.5,77,3.09,7000.0,10.52,0.0,0.0,55875.0,0,0,1.0,0.0,0.0,0.0,0.0,0.0,0.0,0.0,0.0,369
268,17,4,13.13,76,2.06,10000.0,9.0,0.0,0.0,55961.0,0,0,0.0,0.0,0.0,0.0,0.0,0.0,0.0,0.0,0.0,13217
269,9,3,19.36,42,3.6,10000.0,6.14,0.0,0.0,55761.0,0,0,0.0,0.0,0.0,0.0,0.0,0.0,0.0,0.0,0.0,6065
270,19,3,9.63,87,1.54,10000.0,7.57,0.0,0.0,55771.0,0,0,0.0,0.0,0.0,0.0,0.0,0.0,0.0,0.0,0.0,10329
271,22,4,12.06,93,0.51,5000.0,10.96,0.0,0.0,56134.0,0,0,0.0,0.0,0.0,0.0,0.0,1.0,0.0,0.0,0.0,6867
272,23,0,15.53,55,5.66,10000.0,6.54,0.0,0.0,56039.0,0,0,0.0,0.0,0.0,0.0,0.0,0.0,0.0,0.0,0.0,3920
273,13,1,12.13,91,1.02,9150.339366515836,10.71,0.0,0.0,55885.0,0,0,1.0,0.0,0.0,0.0,0.0,0.0,0.0,0.0,0.0,5054
274,13,1,15.48,82,2.06,9000.0,12.42,0.0,0.0,56221.0,0,0,1.0,0.0,0.0,0.0,0.0,0.0,0.0,0.0,0.0,6573
275,8,2,19.02,42,4.63,10000.0,5.83,0.0,0.0,55904.0,0,0,1.0,0.0,0.0,0.0,0.0,0.0,0.0,0.0,0.0,12360
276,20,3,9.54,87,1.03,10000.0,7.49,0.0,0.0,55772.0,0,0,1.0,0.0,0.0,0.0,0.0,0.0,0.0,0.0,0.0,8717
277,11,1,14.5,38,2.57,10000.0,0.36,0.0,0.0,55715.0,0,0,0.0,0.0,0.0,0.0,0.0,0.0,0.0,0.0,0.0,5847
278,1,6,13.9,23,1.03,10000.0,-6.11,0.0,0.0,55657.0,1,0,0.0,0.0,0.0,0.0,0.0,0.0,0.0,0.0,0.0,2248
279,16,5,13.69,82,2.06,10000.0,10.68,0.34,0.0,55984.0,1,0,0.0,0.0,0.0,0.0,0.0,0.0,1.0,0.0,0.0,521
280,22,3,11.13,50,2.06,10000.0,1.11,0.0,0.0,55606.0,0,0,1.0,0.0,0.0,0.0,0.0,0.0,0.0,0.0,0.0,6390
281,16,5,7.44,73,1.46,9150.339366515836,2.92,0.0,0.0,55648.0,1,0,1.0,0.0,0.0,0.0,0.0,0.0,0.0,0.0,0.0,11856
282,1,1,17.68,63,2.06,9000.0,10.56,0.0,0.0,56209.0,0,0,1.0,0.0,0.0,0.0,0.0,0.0,0.0,0.0,0.0,2005
283,7,1,20.91,47,1.84,9150.339366515836,9.19,0.0,0.0,55543.0,0,0,1.0,0.0,0.0,0.0,0.0,0.0,0.0,0.0,0.0,9158
284,0,0,16.44,45,5.14,10000.0,4.49,0.0,0.0,56016.0,0,0,0.0,0.0,0.0,0.0,0.0,0.0,0.0,0.0,0.0,2349
285,9,1,19.89,52,3.6,10000.0,9.75,0.0,0.0,56049.0,0,0,0.0,0.0,0.0,0.0,0.0,0.0,0.0,0.0,0.0,7114
286,5,0,24.64,36,2.57,10000.0,8.59,0.0,0.0,56189.0,0,0,0.0,0.0,0.0,0.0,0.0,0.0,0.0,0.0,0.0,1644
287,19,6,15.53,55,3.6,10000.0,6.54,0.0,0.0,56011.0,1,0,0.0,0.0,0.0,0.0,0.0,0.0,0.0,0.0,0.0,7122
288,12,3,14.8,58,3.6,10000.0,6.63,0.0,0.0,55596.0,0,0,0.0,0.0,0.0,0.0,0.0,0.0,0.0,0.0,0.0,6380
289,5,0,18.37,20,5.14,10000.0,-4.41,0.0,0.0,55517.0,0,0,0.0,0.0,0.0,0.0,0.0,0.0,0.0,0.0,0.0,1331
290,6,5,26.84,34,5.14,10000.0,9.68,0.0,0.0,55806.0,1,0,0.0,0.0,0.0,0.0,0.0,0.0,0.0,0.0,0.0,1528
291,7,1,20.91,47,1.84,9150.339366515836,9.19,0.0,0.0,55543.0,0,0,1.0,0.0,0.0,0.0,0.0,0.0,0.0,0.0,0.0,9158
292,0,2,13.13,67,5.14,10000.0,7.15,0.0,0.0,55728.0,0,1,1.0,0.0,0.0,0.0,0.0,0.0,0.0,0.0,0.0,3595
293,16,5,13.69,82,2.06,10000.0,10.68,0.34,0.0,55984.0,1,0,0.0,0.0,0.0,0.0,0.0,0.0,1.0,0.0,0.0,521
294,15,0,13.62,78,1.73,9150.339366515836,9.86,0.0,0.0,55695.0,0,0,1.0,0.0,0.0,0.0,0.0,0.0,0.0,0.0,0.0,6955
295,10,4,17.06,63,3.09,10000.0,9.97,0.0,0.0,55786.0,0,0,0.0,0.0,0.0,0.0,0.0,0.0,0.0,0.0,0.0,5320
296,23,2,12.85,62,2.06,10000.0,5.76,0.0,0.0,55583.0,0,0,1.0,0.0,0.0,0.0,0.0,0.0,0.0,0.0,0.0,3713
297,21,6,8.92,78,0.59,9150.339366515836,5.3,0.0,0.0,55677.0,1,0,1.0,0.0,0.0,0.0,0.0,0.0,0.0,0.0,0.0,5986
298,23,6,17.86,72,4.12,10000.0,12.75,1.02,0.0,55847.0,1,0,0.0,0.0,0.0,0.0,0.0,0.0,1.0,0.0,0.0,3651
299,20,2,11.78,66,1.54,10000.0,5.64,0.0,0.0,55580.0,0,0,1.0,0.0,0.0,0.0,0.0,0.0,0.0,0.0,0.0,8547
300,11,2,13.35,66,2.57,10000.0,7.14,0.0,0.0,55907.0,0,0,0.0,0.0,0.0,0.0,0.0,0.0,0.0,0.0,0.0,5559
301,16,2,11.77,88,0.58,9150.339366515836,9.85,0.0,0.0,55912.0,0,0,0.0,0.0,0.0,0.0,0.0,0.0,0.0,0.0,0.0,8519
302,6,5,16.08,82,4.19,9150.339366515836,13.01,0.25,0.0,55974.0,1,0,0.0,0.0,0.0,0.0,0.0,0.0,1.0,0.0,0.0,1632
303,5,6,26.96,32,2.06,10000.0,8.88,0.0,0.0,56165.0,1,0,0.0,0.0,0.0,0.0,0.0,0.0,0.0,0.0,0.0,854
304,15,0,6.85,56,1.03,10000.0,-1.16,0.0,0.0,55527.0,0,0,0.0,0.0,0.0,0.0,0.0,0.0,0.0,0.0,0.0,6702
305,9,4,19.85,55,4.12,10000.0,10.56,0.0,0.0,55785.0,0,0,0.0,0.0,0.0,0.0,0.0,0.0,0.0,0.0,0.0,6828
306,3,0,16.29,88,5.14,7000.0,14.3,2.4,0.0,55851.0,0,0,0.0,0.0,0.0,0.0,0.0,0.0,1.0,0.0,0.0,693
307,22,2,10.79,100,1.03,8000.0,10.79,0.0,0.0,55918.0,0,0,1.0,0.0,0.0,0.0,0.0,0.0,0.0,0.0,0.0,6156
308,7,0,15.67,100,4.63,3200.0,15.67,0.63,0.0,55855.0,0,0,0.0,0.0,0.0,0.0,0.0,0.0,1.0,0.0,0.0,7766
309,17,0,12.82,70,2.26,9150.339366515836,7.49,0.0,0.0,55697.0,0,0,0.0,0.0,0.0,0.0,0.0,0.0,0.0,0.0,0.0,12335
310,23,4,12.29,88,1.54,7000.0,10.36,0.0,0.0,55799.0,0,0,1.0,0.0,0.0,0.0,0.0,0.0,0.0,0.0,0.0,4607
311,20,4,13.0,82,2.06,7000.0,10.0,0.0,0.0,55964.0,0,0,1.0,0.0,0.0,0.0,0.0,0.0,0.0,0.0,0.0,8246
312,2,2,16.26,48,2.06,10000.0,5.25,0.24,0.0,55562.0,0,0,0.0,0.0,0.0,0.0,0.0,0.0,1.0,0.0,0.0,1083
313,22,0,15.39,79,1.03,10000.0,11.77,0.0,0.0,56206.0,0,0,0.0,0.0,0.0,0.0,0.0,0.0,0.0,0.0,0.0,6723
314,7,1,16.51,72,2.57,7000.0,11.45,0.0,0.0,55879.0,0,0,1.0,0.0,0.0,0.0,0.0,0.0,0.0,0.0,0.0,2176
315,20,1,8.54,93,1.54,1500.0,7.47,0.0,0.0,55892.0,0,0,0.0,0.0,1.0,0.0,0.0,0.0,0.0,0.0,0.0,7552
316,15,4,9.18,87,1.54,10000.0,7.13,0.0,0.0,55623.0,0,0,0.0,0.0,0.0,0.0,0.0,0.0,0.0,0.0,0.0,8492
317,17,2,10.65,92,0.64,9150.339366515836,9.41,0.0,0.0,55913.0,0,0,0.0,0.0,0.0,0.0,0.0,0.0,0.0,0.0,0.0,12141
318,2,6,21.36,53,1.03,10000.0,11.4,0.0,0.0,56162.0,1,0,0.0,0.0,0.0,0.0,0.0,0.0,0.0,0.0,0.0,1832
319,7,1,22.85,40,3.6,10000.0,8.55,0.0,0.0,56047.0,0,0,0.0,0.0,0.0,0.0,0.0,0.0,0.0,0.0,0.0,10115
320,12,5,15.06,100,3.6,7000.0,15.06,1.56,0.0,56484.0,1,0,0.0,0.0,0.0,0.0,0.0,0.0,1.0,0.0,0.0,7427
321,10,6,18.15,100,5.66,9000.0,18.15,1.01,0.0,56842.0,1,0,0.0,0.0,0.0,0.0,0.0,0.0,1.0,0.0,0.0,5987
322,7,5,17.94,94,7.72,5000.0,16.96,1.54,0.0,56479.0,1,0,0.0,0.0,0.0,0.0,0.0,0.0,1.0,0.0,0.0,3128
323,4,4,23.7,43,4.63,10000.0,10.39,0.0,0.0,56956.0,0,0,0.0,0.0,0.0,0.0,0.0,0.0,0.0,0.0,0.0,946
324,10,0,18.42,48,1.54,10000.0,7.22,0.0,0.0,56530.0,0,0,0.0,0.0,0.0,0.0,0.0,0.0,0.0,0.0,0.0,4869
325,21,3,12.29,100,2.06,7000.0,12.29,0.0,0.0,56445.0,0,0,0.0,0.0,0.0,0.0,0.0,0.0,0.0,0.0,0.0,8009
326,11,4,17.85,48,1.03,10000.0,6.7,0.0,0.0,56291.0,0,0,0.0,0.0,0.0,0.0,0.0,0.0,0.0,0.0,0.0,6657
327,6,6,21.53,49,6.69,10000.0,10.38,0.0,0.0,56502.0,1,0,0.0,0.0,0.0,0.0,0.0,0.0,0.0,0.0,0.0,1043
328,21,6,14.07,94,3.6,10000.0,13.12,0.0,0.0,56349.0,1,0,1.0,0.0,0.0,0.0,0.0,0.0,0.0,0.0,0.0,211
329,9,5,22.62,64,3.6,10000.0,15.47,0.0,0.0,56649.0,1,0,0.0,0.0,0.0,0.0,0.0,0.0,0.0,0.0,0.0,6460
330,18,5,11.89,97,1.7,9150.339366515836,11.43,0.0,0.0,56490.0,1,0,1.0,0.0,0.0,0.0,0.0,0.0,0.0,0.0,0.0,114
331,11,5,19.31,77,1.03,10000.0,15.18,0.0,0.0,56819.0,1,0,0.0,0.0,0.0,0.0,0.0,0.0,0.0,0.0,0.0,7667
332,0,3,14.88,67,2.57,10000.0,8.82,0.0,0.0,56424.0,0,0,0.0,0.0,0.0,0.0,0.0,0.0,0.0,0.0,0.0,2629
333,10,4,20.33,53,3.09,10000.0,10.45,0.0,0.0,56626.0,0,0,0.0,0.0,0.0,0.0,0.0,0.0,0.0,0.0,0.0,5482
334,18,2,11.0,79,1.04,9150.339366515836,7.5,0.0,0.0,56418.0,0,0,0.0,0.0,0.0,0.0,0.0,0.0,0.0,0.0,0.0,17115
335,14,4,16.32,72,2.57,10000.0,11.27,0.0,0.0,56630.0,0,0,0.0,0.0,0.0,0.0,0.0,0.0,0.0,0.0,0.0,7054
336,15,1,17.1,94,2.06,3500.0,16.13,0.0,0.0,56727.0,0,0,0.0,0.0,0.0,0.0,0.0,1.0,0.0,0.0,0.0,6251
337,4,6,21.33,64,4.63,10000.0,14.25,0.0,0.0,56836.0,1,0,1.0,0.0,0.0,0.0,0.0,0.0,0.0,0.0,0.0,929
338,21,5,17.71,72,1.54,10000.0,12.6,0.0,0.0,56829.0,1,0,0.0,0.0,0.0,0.0,0.0,0.0,0.0,0.0,0.0,8351
339,7,1,14.95,75,2.57,10000.0,10.56,0.0,0.0,56383.0,0,0,0.0,0.0,0.0,0.0,0.0,0.0,1.0,0.0,0.0,3438
340,21,3,12.29,100,2.06,7000.0,12.29,0.0,0.0,56445.0,0,0,0.0,0.0,0.0,0.0,0.0,0.0,0.0,0.0,0.0,8009
341,7,2,19.87,49,5.66,10000.0,8.85,0.0,0.0,56407.0,0,0,0.0,0.0,0.0,0.0,0.0,0.0,0.0,0.0,0.0,9703
342,22,4,17.92,82,4.12,10000.0,14.81,0.0,0.0,56974.0,0,0,1.0,0.0,0.0,0.0,0.0,0.0,0.0,0.0,0.0,7053
343,17,6,16.14,100,2.57,7000.0,16.14,0.0,0.0,56849.0,1,0,0.0,0.0,0.0,0.0,0.0,0.0,0.0,0.0,0.0,349
344,0,6,21.65,56,3.6,10000.0,12.5,0.0,0.0,56832.0,1,0,0.0,0.0,0.0,0.0,0.0,0.0,0.0,0.0,0.0,4153
345,0,1,19.9,53,6.17,10000.0,10.05,0.0,0.0,56880.0,0,0,0.0,0.0,0.0,0.0,0.0,0.0,0.0,0.0,0.0,2888
346,16,3,11.07,93,3.09,9000.0,9.98,0.0,0.0,56608.0,0,0,0.0,0.0,0.0,0.0,0.0,0.0,0.0,0.0,0.0,9749
347,7,4,23.43,53,4.12,10000.0,13.31,0.0,0.0,56623.0,0,0,0.0,0.0,0.0,0.0,0.0,0.0,0.0,0.0,0.0,10111
348,2,6,23.88,53,1.03,10000.0,13.73,0.0,0.0,56666.0,1,0,0.0,0.0,0.0,0.0,0.0,0.0,0.0,0.0,0.0,1771
349,19,2,11.07,82,1.03,10000.0,8.12,0.0,0.0,56251.0,0,0,0.0,0.0,0.0,0.0,0.0,0.0,0.0,0.0,0.0,10577
350,14,6,18.28,77,1.03,10000.0,14.18,0.0,0.0,56678.0,1,0,0.0,0.0,0.0,0.0,0.0,0.0,0.0,0.0,0.0,8489
351,18,5,17.77,68,3.09,9000.0,11.79,0.0,0.0,56322.0,1,0,0.0,0.0,0.0,0.0,0.0,0.0,1.0,0.0,0.0,10051
352,9,0,19.64,82,4.63,10000.0,16.48,0.0,0.0,56697.0,0,0,1.0,0.0,0.0,0.0,0.0,0.0,0.0,0.0,0.0,6835
353,4,0,14.29,94,4.63,7000.0,13.34,0.11,0.0,56356.0,0,1,0.0,1.0,0.0,0.0,0.0,0.0,0.0,0.0,0.0,149
354,10,4,20.58,40,1.03,10000.0,6.52,0.0,0.0,56290.0,0,0,0.0,0.0,0.0,0.0,0.0,0.0,0.0,0.0,0.0,5775
355,2,2,19.8,68,2.57,6000.0,13.73,0.0,0.0,56738.0,0,0,1.0,0.0,0.0,0.0,0.0,0.0,0.0,0.0,0.0,1247
356,23,2,15.12,59,2.57,10000.0,7.18,0.0,0.0,56255.0,0,0,0.0,0.0,0.0,0.0,0.0,0.0,0.0,0.0,0.0,4035
357,10,4,21.17,83,3.6,9000.0,18.17,0.0,0.0,56794.0,0,0,1.0,0.0,0.0,0.0,0.0,0.0,0.0,0.0,0.0,5585
358,18,4,18.29,76,3.08,9150.339366515836,13.99,0.0,0.0,56802.0,0,0,1.0,0.0,0.0,0.0,0.0,0.0,0.0,0.0,0.0,16254
359,16,3,17.61,82,1.03,10000.0,14.5,0.0,0.0,56944.0,0,0,0.0,0.0,0.0,0.0,0.0,0.0,0.0,0.0,0.0,9672
360,11,3,16.6,51,2.06,10000.0,6.43,0.0,0.0,56267.0,0,0,0.0,0.0,0.0,0.0,0.0,0.0,0.0,0.0,0.0,6277
361,0,5,19.5,60,2.06,10000.0,11.54,0.0,0.0,56808.0,1,0,1.0,0.0,0.0,0.0,0.0,0.0,0.0,0.0,0.0,4084
362,13,3,15.4,56,1.95,9150.339366515836,6.68,0.0,0.0,56269.0,0,0,0.0,0.0,0.0,0.0,0.0,0.0,0.0,0.0,0.0,6435
363,8,0,20.8,73,3.6,10000.0,15.79,0.0,0.0,56696.0,0,0,1.0,0.0,0.0,0.0,0.0,0.0,0.0,0.0,0.0,12657
364,21,2,15.18,100,1.54,4500.0,15.18,0.0,0.0,56757.0,0,0,0.0,0.0,0.0,0.0,0.0,1.0,0.0,0.0,0.0,8722
365,5,1,23.87,31,5.14,10000.0,5.74,0.0,0.0,56549.0,0,0,0.0,0.0,0.0,0.0,0.0,0.0,0.0,0.0,0.0,1906
366,20,6,14.03,94,4.12,10000.0,13.08,0.27,0.0,56348.0,1,0,0.0,0.0,0.0,0.0,0.0,0.0,1.0,0.0,0.0,120
367,17,0,11.45,82,1.54,10000.0,8.49,0.0,0.0,56537.0,0,0,0.0,0.0,0.0,0.0,0.0,0.0,0.0,0.0,0.0,13418
368,3,1,14.77,72,4.63,10000.0,9.78,0.0,0.0,56379.0,0,0,1.0,0.0,0.0,0.0,0.0,0.0,0.0,0.0,0.0,353
369,1,2,17.57,86,1.28,9150.339366515836,15.2,0.0,0.0,56737.0,0,0,1.0,0.0,0.0,0.0,0.0,0.0,0.0,0.0,0.0,2014
370,10,5,15.79,94,4.63,9000.0,14.83,1.41,0.0,56482.0,1,0,0.0,0.0,0.0,0.0,0.0,0.0,1.0,0.0,0.0,6619
371,5,3,18.94,37,5.66,10000.0,3.94,0.0,0.0,56597.0,0,0,0.0,0.0,0.0,0.0,0.0,0.0,0.0,0.0,0.0,1335
372,11,3,17.42,88,4.63,10000.0,15.41,0.0,0.0,56771.0,0,0,0.0,0.0,0.0,0.0,0.0,0.0,0.0,0.0,0.0,5862
373,16,1,11.23,82,3.09,10000.0,8.27,0.0,0.0,56392.0,0,0,0.0,0.0,0.0,0.0,0.0,0.0,0.0,0.0,0.0,4705
374,15,4,13.96,77,0.51,10000.0,10.0,0.0,0.0,56295.0,0,0,0.0,0.0,0.0,0.0,0.0,0.0,0.0,0.0,0.0,7939
375,8,5,25.0,33,4.12,10000.0,7.63,0.0,0.0,56312.0,1,0,0.0,0.0,0.0,0.0,0.0,0.0,0.0,0.0,0.0,4853
376,7,5,26.29,33,4.12,10000.0,8.75,0.0,0.0,56311.0,1,0,0.0,0.0,0.0,0.0,0.0,0.0,0.0,0.0,0.0,3130
377,9,2,23.98,43,4.12,10000.0,10.65,0.0,0.0,56913.0,0,0,0.0,0.0,0.0,0.0,0.0,0.0,0.0,0.0,0.0,7624
378,15,6,15.01,94,4.63,7000.0,14.05,0.3,0.0,56343.0,1,0,0.0,0.0,0.0,0.0,0.0,0.0,1.0,0.0,0.0,140
379,0,0,18.9,79,1.7,9150.339366515836,15.18,0.0,0.0,56688.0,0,0,1.0,0.0,0.0,0.0,0.0,0.0,0.0,0.0,0.0,2534
380,10,3,15.44,51,3.6,10000.0,5.36,0.0,0.0,56602.0,0,0,0.0,0.0,0.0,0.0,0.0,0.0,0.0,0.0,0.0,5028
381,18,5,15.03,100,0.51,10000.0,15.03,0.0,0.0,56658.0,1,0,0.0,0.0,0.0,0.0,0.0,0.0,0.0,0.0,0.0,11337
382,16,2,15.4,72,1.03,10000.0,10.38,0.0,0.0,56920.0,0,0,0.0,0.0,0.0,0.0,0.0,0.0,0.0,0.0,0.0,9265
383,3,2,21.67,71,2.58,9150.339366515836,16.19,0.0,0.0,56739.0,0,0,1.0,0.0,0.0,0.0,0.0,0.0,0.0,0.0,0.0,944
384,10,3,20.91,53,0.51,10000.0,10.98,0.0,0.0,56938.0,0,0,0.0,0.0,0.0,0.0,0.0,0.0,0.0,0.0,0.0,5266
385,20,5,11.34,100,2.06,3200.0,11.34,0.0,0.0,56492.0,1,0,0.0,0.0,0.0,0.0,0.0,1.0,0.0,0.0,0.0,100
386,11,3,16.6,51,2.06,10000.0,6.43,0.0,0.0,56267.0,0,0,0.0,0.0,0.0,0.0,0.0,0.0,0.0,0.0,0.0,6277
387,12,2,8.53,93,6.69,10000.0,7.46,2.57,0.0,56580.0,0,1,0.0,0.0,0.0,0.0,0.0,0.0,1.0,0.0,0.0,5758
388,11,0,14.03,88,3.09,9000.0,12.08,0.0,0.0,56363.0,0,1,0.0,1.0,0.0,0.0,0.0,0.0,0.0,0.0,0.0,589
389,23,0,18.02,68,3.09,10000.0,12.03,0.0,0.0,56879.0,0,0,0.0,0.0,0.0,0.0,0.0,0.0,0.0,0.0,0.0,4196
390,11,1,16.79,45,1.03,10000.0,4.8,0.0,0.0,56555.0,0,0,0.0,0.0,0.0,0.0,0.0,0.0,0.0,0.0,0.0,6225
391,10,4,20.33,53,3.09,10000.0,10.45,0.0,0.0,56626.0,0,0,0.0,0.0,0.0,0.0,0.0,0.0,0.0,0.0,0.0,5482
392,21,6,16.54,88,0.51,10000.0,14.55,0.0,0.0,56685.0,1,0,1.0,0.0,0.0,0.0,0.0,0.0,0.0,0.0,0.0,7391
393,15,3,17.84,77,2.06,10000.0,13.76,0.0,0.0,56943.0,0,0,0.0,0.0,0.0,0.0,0.0,0.0,0.0,0.0,0.0,6809
394,10,6,21.28,60,4.12,10000.0,13.21,0.0,0.0,56674.0,1,0,0.0,0.0,0.0,0.0,0.0,0.0,0.0,0.0,0.0,5950
395,22,6,17.38,82,0.0,10000.0,14.28,0.0,0.0,56686.0,1,0,1.0,0.0,0.0,0.0,0.0,0.0,0.0,0.0,0.0,5610
396,10,0,13.91,88,2.57,10000.0,11.96,0.0,0.0,56362.0,0,1,1.0,0.0,0.0,0.0,0.0,0.0,0.0,0.0,0.0,536
397,5,0,24.28,43,4.63,10000.0,10.92,0.0,0.0,56525.0,0,0,0.0,0.0,0.0,0.0,0.0,0.0,0.0,0.0,0.0,1813
398,0,3,18.43,73,1.54,8000.0,13.51,0.0,0.0,56760.0,0,0,1.0,0.0,0.0,0.0,0.0,0.0,0.0,0.0,0.0,3241
399,4,4,22.08,35,5.66,10000.0,5.92,0.0,0.0,56452.0,0,0,0.0,0.0,0.0,0.0,0.0,0.0,0.0,0.0,0.0,859
400,1,6,21.64,43,3.09,10000.0,8.54,0.0,0.0,57001.0,1,0,0.0,0.0,0.0,0.0,0.0,0.0,0.0,0.0,0.0,2720
401,22,5,17.43,70,1.03,10000.0,11.91,0.0,0.0,56998.0,1,0,0.0,0.0,0.0,0.0,0.0,0.0,0.0,0.0,0.0,6894
402,13,3,20.07,56,1.03,10000.0,11.03,0.0,0.0,57109.0,0,1,0.0,0.0,0.0,0.0,0.0,0.0,0.0,0.0,0.0,7419
403,21,4,18.09,91,1.03,6000.0,16.6,0.14,0.0,57141.0,0,0,0.0,0.0,0.0,0.0,0.0,0.0,1.0,0.0,0.0,6525
404,16,2,18.43,82,1.03,10000.0,15.3,0.0,0.0,57088.0,0,0,0.0,0.0,0.0,0.0,0.0,0.0,0.0,0.0,0.0,9182
405,16,6,19.24,77,0.0,10000.0,15.11,0.0,0.0,57352.0,1,0,0.0,0.0,0.0,0.0,0.0,0.0,0.0,0.0,0.0,8209
406,17,1,19.4,94,3.09,10000.0,18.41,0.0,0.0,57569.0,0,0,0.0,0.0,0.0,0.0,0.0,0.0,0.0,0.0,0.0,13248
407,18,5,19.9,91,1.95,9150.339366515836,18.39,0.0,0.0,57330.0,1,0,0.0,0.0,0.0,0.0,0.0,0.0,0.0,0.0,0.0,9311
408,13,6,23.42,78,1.54,8000.0,19.37,0.15,0.0,57517.0,1,0,0.0,0.0,0.0,0.0,0.0,0.0,0.0,0.0,1.0,6538
409,3,3,28.09,42,1.54,9000.0,13.98,0.0,0.0,57099.0,0,1,1.0,0.0,0.0,0.0,0.0,0.0,0.0,0.0,0.0,1521
410,4,0,27.79,61,5.66,10000.0,19.58,0.0,0.0,57532.0,0,0,1.0,0.0,0.0,0.0,0.0,0.0,0.0,0.0,0.0,717
411,10,3,24.19,50,2.57,10000.0,13.12,0.0,0.0,57106.0,0,1,0.0,0.0,0.0,0.0,0.0,0.0,0.0,0.0,0.0,5912
412,22,4,17.74,94,2.57,7000.0,16.76,1.18,0.0,57142.0,0,0,0.0,0.0,0.0,0.0,0.0,0.0,1.0,0.0,0.0,5841
413,8,5,26.96,61,5.14,10000.0,18.8,0.0,0.0,57320.0,1,0,1.0,0.0,0.0,0.0,0.0,0.0,0.0,0.0,0.0,4331
414,18,6,18.2,100,0.0,6000.0,18.2,0.0,0.0,57186.0,1,0,0.0,0.0,0.0,0.0,0.0,0.0,0.0,0.0,0.0,10221
415,19,1,19.17,100,0.51,8000.0,19.17,0.0,0.0,57403.0,0,0,0.0,0.0,0.0,0.0,0.0,0.0,0.0,0.0,0.0,12334
416,9,4,26.11,65,3.6,10000.0,19.02,0.0,0.0,57297.0,0,0,0.0,0.0,0.0,0.0,0.0,0.0,0.0,0.0,0.0,6827
417,10,2,23.86,60,3.6,10000.0,15.63,0.0,0.0,57250.0,0,0,0.0,0.0,0.0,0.0,0.0,0.0,0.0,0.0,0.0,4972
418,23,3,24.27,61,1.03,10000.0,16.28,0.0,0.0,57623.0,0,0,0.0,0.0,0.0,0.0,0.0,0.0,0.0,0.0,0.0,5069
419,11,5,24.87,97,5.66,4500.0,24.36,4.32,0.0,57659.0,1,0,0.0,0.0,0.0,0.0,0.0,0.0,1.0,0.0,0.0,6401
420,9,6,24.83,64,5.14,10000.0,17.56,0.0,0.0,57177.0,1,0,0.0,0.0,0.0,0.0,0.0,0.0,0.0,0.0,0.0,4902
421,5,2,30.16,42,5.14,10000.0,15.84,0.0,0.0,57245.0,0,0,0.0,0.0,0.0,0.0,0.0,0.0,0.0,0.0,0.0,2118
422,10,6,20.8,43,4.63,10000.0,7.78,0.0,0.0,57010.0,1,0,0.0,0.0,0.0,0.0,0.0,0.0,0.0,0.0,0.0,5871
423,16,3,23.02,68,1.54,10000.0,16.8,0.0,0.0,57448.0,0,0,0.0,0.0,0.0,0.0,0.0,0.0,0.0,0.0,0.0,7913
424,4,1,30.93,45,3.09,10000.0,17.62,0.0,0.0,57388.0,0,0,0.0,0.0,0.0,0.0,0.0,0.0,0.0,0.0,0.0,984
425,6,1,31.33,45,4.12,10000.0,17.98,0.0,0.0,57390.0,0,0,0.0,0.0,0.0,0.0,0.0,0.0,0.0,0.0,0.0,4986
426,4,2,28.95,45,2.06,10000.0,15.83,0.0,0.0,57580.0,0,0,0.0,0.0,0.0,0.0,0.0,0.0,0.0,0.0,0.0,986
427,19,5,23.04,100,1.03,5000.0,23.04,0.0,0.0,57499.0,1,0,0.0,0.0,0.0,0.0,0.0,1.0,0.0,0.0,0.0,4059
428,20,3,18.49,100,1.03,10000.0,18.49,0.0,0.0,57620.0,0,0,0.0,0.0,0.0,0.0,0.0,0.0,0.0,0.0,0.0,10401
429,23,2,22.6,69,1.03,10000.0,16.63,0.0,0.0,57263.0,0,0,0.0,0.0,0.0,0.0,0.0,0.0,0.0,0.0,0.0,4659
430,4,3,33.41,33,1.03,10000.0,14.95,0.0,0.0,57436.0,0,0,0.0,0.0,0.0,0.0,0.0,0.0,0.0,0.0,0.0,977
431,9,0,25.94,65,4.63,10000.0,18.86,0.0,0.0,57201.0,0,0,0.0,0.0,0.0,0.0,0.0,0.0,0.0,0.0,0.0,6904
432,11,6,23.3,94,3.09,10000.0,22.28,0.0,0.0,57683.0,1,0,1.0,0.0,0.0,0.0,0.0,0.0,0.0,0.0,0.0,3126
433,19,1,17.16,81,2.02,9150.339366515836,13.88,0.0,0.0,57067.0,0,0,0.0,0.0,0.0,0.0,0.0,0.0,0.0,0.0,0.0,12870
434,21,4,18.09,91,1.03,6000.0,16.6,0.14,0.0,57141.0,0,0,0.0,0.0,0.0,0.0,0.0,0.0,1.0,0.0,0.0,6525
435,13,5,19.83,59,2.61,9150.339366515836,11.59,0.0,0.0,56989.0,1,0,0.0,0.0,0.0,0.0,0.0,0.0,0.0,0.0,0.0,8916
436,3,0,27.58,61,4.63,10000.0,19.39,0.0,0.0,57531.0,0,0,1.0,0.0,0.0,0.0,0.0,0.0,0.0,0.0,0.0,647
437,12,6,22.77,53,1.54,10000.0,12.7,0.0,0.0,57348.0,1,0,0.0,0.0,0.0,0.0,0.0,0.0,0.0,0.0,0.0,6395
438,3,3,29.77,40,1.54,10000.0,14.73,0.0,0.0,57603.0,0,0,0.0,0.0,0.0,0.0,0.0,0.0,0.0,0.0,0.0,1131
439,21,0,14.77,77,2.06,10000.0,10.78,0.0,0.0,57045.0,0,0,0.0,0.0,0.0,0.0,0.0,0.0,0.0,0.0,0.0,9453
440,8,0,27.98,57,5.14,10000.0,18.67,0.0,0.0,57200.0,0,0,0.0,0.0,0.0,0.0,0.0,0.0,0.0,0.0,0.0,13231
441,12,6,22.77,53,1.54,10000.0,12.7,0.0,0.0,57348.0,1,0,0.0,0.0,0.0,0.0,0.0,0.0,0.0,0.0,0.0,6395
442,18,2,18.85,94,0.51,10000.0,17.86,0.0,0.0,57258.0,0,0,0.0,0.0,0.0,0.0,0.0,0.0,0.0,0.0,0.0,17003
443,1,1,24.64,56,3.68,9150.339366515836,15.29,0.0,0.0,57553.0,0,0,1.0,0.0,0.0,0.0,0.0,0.0,0.0,0.0,0.0,2254
444,2,0,26.64,74,4.12,10000.0,21.62,0.0,0.0,57530.0,0,0,1.0,0.0,0.0,0.0,0.0,0.0,0.0,0.0,0.0,813
445,8,3,28.61,54,5.66,10000.0,18.39,0.0,0.0,57104.0,0,1,1.0,0.0,0.0,0.0,0.0,0.0,0.0,0.0,0.0,4113
446,10,0,24.14,78,5.14,10000.0,20.06,0.0,0.0,57202.0,0,0,1.0,0.0,0.0,0.0,0.0,0.0,0.0,0.0,0.0,4850
447,0,4,21.11,56,1.03,10000.0,12.0,0.0,0.0,57120.0,0,0,0.0,0.0,0.0,0.0,0.0,0.0,0.0,0.0,0.0,3439
448,10,3,26.46,61,3.6,10000.0,18.33,0.0,0.0,57274.0,0,0,0.0,0.0,0.0,0.0,0.0,0.0,0.0,0.0,0.0,4819
449,21,6,21.85,100,0.51,8000.0,21.85,0.0,0.0,57693.0,1,0,1.0,0.0,0.0,0.0,0.0,0.0,0.0,0.0,0.0,6858
450,4,3,31.05,35,3.09,10000.0,13.8,0.0,0.0,57268.0,0,0,0.0,0.0,0.0,0.0,0.0,0.0,0.0,0.0,0.0,1004
451,4,2,29.69,48,3.6,10000.0,17.51,0.0,0.0,57244.0,0,0,0.0,0.0,0.0,0.0,0.0,0.0,0.0,0.0,0.0,900
452,17,5,24.46,94,5.66,8000.0,23.43,0.55,0.0,57665.0,1,0,0.0,0.0,0.0,0.0,0.0,0.0,1.0,0.0,0.0,8172
453,20,5,18.9,93,1.13,9150.339366515836,17.74,0.0,0.0,57332.0,1,0,0.0,0.0,0.0,0.0,0.0,0.0,0.0,0.0,0.0,8667
454,21,4,18.09,91,1.03,6000.0,16.6,0.14,0.0,57141.0,0,0,0.0,0.0,0.0,0.0,0.0,0.0,1.0,0.0,0.0,6525
455,4,4,26.63,44,2.57,10000.0,13.38,0.0,0.0,57124.0,0,0,0.0,0.0,0.0,0.0,0.0,0.0,0.0,0.0,0.0,849
456,13,5,19.83,59,2.61,9150.339366515836,11.59,0.0,0.0,56989.0,1,0,0.0,0.0,0.0,0.0,0.0,0.0,0.0,0.0,0.0,8916
457,1,4,22.63,53,2.06,10000.0,12.57,0.0,0.0,57121.0,0,0,0.0,0.0,0.0,0.0,0.0,0.0,0.0,0.0,0.0,2073
458,4,2,28.43,42,2.06,10000.0,14.29,0.0,0.0,57076.0,0,0,0.0,0.0,0.0,0.0,0.0,0.0,0.0,0.0,0.0,879
459,19,1,18.26,100,1.54,8000.0,18.26,0.0,0.0,57235.0,0,0,1.0,0.0,0.0,0.0,0.0,0.0,0.0,0.0,0.0,12361
460,4,3,31.05,35,3.09,10000.0,13.8,0.0,0.0,57268.0,0,0,0.0,0.0,0.0,0.0,0.0,0.0,0.0,0.0,0.0,1004
461,8,3,30.81,37,6.17,10000.0,14.45,0.0,0.0,57440.0,0,0,0.0,0.0,0.0,0.0,0.0,0.0,0.0,0.0,0.0,12953
462,3,2,32.11,40,1.03,10000.0,16.81,0.0,0.0,57411.0,0,0,0.0,0.0,0.0,0.0,0.0,0.0,0.0,0.0,0.0,1046
463,5,2,30.16,42,5.14,10000.0,15.84,0.0,0.0,57245.0,0,0,0.0,0.0,0.0,0.0,0.0,0.0,0.0,0.0,0.0,2118
464,23,2,24.96,61,1.54,10000.0,16.92,0.0,0.0,57431.0,0,0,0.0,0.0,0.0,0.0,0.0,0.0,0.0,0.0,0.0,4677
465,23,0,20.94,46,2.57,10000.0,8.9,0.0,0.0,57047.0,0,0,0.0,0.0,0.0,0.0,0.0,0.0,0.0,0.0,0.0,4311
466,10,0,24.94,36,4.63,10000.0,8.85,0.0,0.0,57034.0,0,0,0.0,0.0,0.0,0.0,0.0,0.0,0.0,0.0,0.0,4904
467,22,5,17.43,70,1.03,10000.0,11.91,0.0,0.0,56998.0,1,0,0.0,0.0,0.0,0.0,0.0,0.0,0.0,0.0,0.0,6894
468,12,5,22.77,83,2.57,10000.0,19.73,0.0,0.0,57324.0,1,0,0.0,0.0,0.0,0.0,0.0,0.0,0.0,0.0,0.0,4332
469,18,6,21.89,100,2.57,10000.0,21.89,1.03,0.0,57522.0,1,0,0.0,0.0,0.0,0.0,0.0,0.0,1.0,0.0,0.0,9108
470,18,6,21.89,100,2.57,10000.0,21.89,1.03,0.0,57522.0,1,0,0.0,0.0,0.0,0.0,0.0,0.0,1.0,0.0,0.0,9108
471,9,5,26.02,69,4.12,10000.0,19.89,0.27,0.0,57321.0,1,0,0.0,0.0,0.0,0.0,0.0,0.0,1.0,0.0,0.0,5475
472,19,5,14.63,82,2.06,10000.0,11.59,0.0,0.0,56995.0,1,0,0.0,0.0,0.0,0.0,0.0,0.0,0.0,0.0,0.0,10088
473,6,4,31.2,48,4.63,10000.0,18.89,0.0,0.0,57462.0,0,0,0.0,0.0,0.0,0.0,0.0,0.0,0.0,0.0,0.0,4686
474,7,0,28.82,37,5.14,10000.0,12.69,0.0,0.0,57367.0,0,0,0.0,0.0,0.0,0.0,0.0,0.0,0.0,0.0,0.0,10704
475,7,5,23.59,88,3.6,10000.0,21.49,4.54,0.0,57487.0,1,0,0.0,0.0,0.0,0.0,0.0,0.0,1.0,0.0,0.0,2852
476,22,3,18.95,73,0.51,10000.0,14.01,0.0,0.0,57118.0,0,1,0.0,0.0,0.0,0.0,0.0,0.0,0.0,0.0,0.0,6239
477,11,1,21.27,49,2.57,10000.0,10.14,0.0,0.0,57059.0,0,0,0.0,0.0,0.0,0.0,0.0,0.0,0.0,0.0,0.0,5849
478,3,3,29.77,40,1.54,10000.0,14.73,0.0,0.0,57603.0,0,0,0.0,0.0,0.0,0.0,0.0,0.0,0.0,0.0,0.0,1131
479,16,5,17.13,63,3.6,10000.0,10.04,0.0,0.0,56992.0,1,0,0.0,0.0,0.0,0.0,0.0,0.0,0.0,0.0,0.0,10469
480,20,4,27.09,89,2.57,10000.0,25.12,0.0,0.0,58316.0,0,0,1.0,0.0,0.0,0.0,0.0,0.0,0.0,0.0,0.0,6046
481,1,4,26.73,83,2.57,6000.0,23.6,0.0,0.0,58129.0,0,0,1.0,0.0,0.0,0.0,0.0,0.0,0.0,0.0,0.0,1316
482,10,5,26.65,89,7.72,10000.0,24.69,0.0,0.0,57826.0,1,0,1.0,0.0,0.0,0.0,0.0,0.0,0.0,0.0,0.0,4993
483,3,3,31.25,74,2.06,10000.0,26.06,0.0,0.0,58275.0,0,0,1.0,0.0,0.0,0.0,0.0,0.0,0.0,0.0,0.0,921
484,2,1,26.44,92,5.14,10000.0,25.03,0.21,0.0,58226.0,0,0,0.0,0.0,0.0,0.0,0.0,0.0,1.0,0.0,0.0,682
485,10,1,26.49,89,2.06,10000.0,24.53,0.0,0.0,58234.0,0,0,0.0,0.0,0.0,0.0,0.0,0.0,1.0,0.0,0.0,1945
486,13,5,24.77,88,5.14,10000.0,22.65,0.0,0.0,57829.0,1,0,1.0,0.0,0.0,0.0,0.0,0.0,0.0,0.0,0.0,6462
487,22,2,27.08,94,2.06,10000.0,26.03,0.0,0.0,58270.0,0,0,0.0,0.0,0.0,0.0,0.0,0.0,1.0,0.0,0.0,6533
488,3,2,29.73,70,2.06,10000.0,23.67,0.0,0.0,57915.0,0,0,1.0,0.0,0.0,0.0,0.0,0.0,0.0,0.0,0.0,447
489,20,4,23.5,95,0.88,9150.339366515836,22.65,0.0,0.0,57980.0,0,0,1.0,0.0,0.0,0.0,0.0,0.0,0.0,0.0,0.0,9156
490,4,1,28.97,66,6.17,10000.0,21.98,0.0,0.0,58060.0,0,0,0.0,0.0,0.0,0.0,0.0,0.0,1.0,0.0,0.0,847
491,10,1,28.38,89,3.6,10000.0,26.39,0.0,0.0,58402.0,0,0,1.0,0.0,0.0,0.0,0.0,0.0,0.0,0.0,0.0,4420
492,22,1,24.25,88,2.06,10000.0,22.14,0.27,0.0,57910.0,0,0,0.0,0.0,0.0,0.0,0.0,0.0,1.0,0.0,0.0,2791
493,6,1,30.26,70,3.6,10000.0,24.18,0.0,0.0,58398.0,0,0,1.0,0.0,0.0,0.0,0.0,0.0,0.0,0.0,0.0,3762
494,14,0,23.53,88,1.03,10000.0,21.43,0.0,0.0,57710.0,0,0,0.0,0.0,0.0,0.0,0.0,0.0,0.0,0.0,0.0,5330
495,3,1,29.21,74,3.6,10000.0,24.1,0.0,0.0,58395.0,0,0,1.0,0.0,0.0,0.0,0.0,0.0,0.0,0.0,0.0,882
496,15,0,23.17,100,1.03,10000.0,23.17,0.0,0.0,57879.0,0,0,1.0,0.0,0.0,0.0,0.0,0.0,0.0,0.0,0.0,1263
497,16,6,27.59,89,5.66,10000.0,25.61,0.0,0.0,58360.0,1,0,1.0,0.0,0.0,0.0,0.0,0.0,0.0,0.0,0.0,5942
498,5,2,31.7,62,4.63,10000.0,23.52,0.0,0.0,58421.0,0,0,1.0,0.0,0.0,0.0,0.0,0.0,0.0,0.0,0.0,1866
499,21,3,22.48,100,3.09,7000.0,22.48,0.13,0.0,57789.0,0,0,0.0,1.0,0.0,0.0,0.0,0.0,0.0,0.0,0.0,6681
500,12,5,26.36,83,1.03,7000.0,23.24,0.0,0.0,57996.0,1,0,1.0,0.0,0.0,0.0,0.0,0.0,0.0,0.0,0.0,6527
501,0,5,25.57,92,3.6,10000.0,24.17,0.0,0.0,58152.0,1,0,0.0,0.0,0.0,0.0,0.0,0.0,1.0,0.0,0.0,3773
502,3,2,26.21,89,5.66,10000.0,24.25,0.53,0.0,58083.0,0,0,0.0,0.0,0.0,0.0,0.0,0.0,1.0,0.0,0.0,220
503,1,3,25.38,73,3.6,6000.0,20.19,0.0,0.0,57769.0,0,0,1.0,0.0,0.0,0.0,0.0,0.0,0.0,0.0,0.0,2198
504,3,1,29.6,66,3.6,10000.0,22.57,0.19,0.0,58059.0,0,0,0.0,0.0,0.0,0.0,0.0,0.0,1.0,0.0,0.0,953
505,13,3,23.29,91,1.51,9150.339366515836,21.74,0.0,0.0,57949.0,0,0,1.0,0.0,0.0,0.0,0.0,0.0,0.0,0.0,0.0,5256
506,0,5,25.57,92,3.6,10000.0,24.17,0.0,0.0,58152.0,1,0,0.0,0.0,0.0,0.0,0.0,0.0,1.0,0.0,0.0,3773
507,2,5,26.14,83,4.63,10000.0,23.02,0.28,0.0,58154.0,1,0,0.0,0.0,0.0,0.0,0.0,0.0,1.0,0.0,0.0,1930
508,17,2,27.36,89,1.54,10000.0,25.38,0.0,0.0,58433.0,0,0,1.0,0.0,0.0,0.0,0.0,0.0,0.0,0.0,0.0,9662
509,5,2,26.96,100,5.14,10000.0,26.96,0.16,0.0,58085.0,0,0,0.0,0.0,0.0,0.0,0.0,0.0,1.0,0.0,0.0,958
510,16,0,23.58,100,0.51,10000.0,23.58,0.0,0.0,57712.0,0,0,0.0,0.0,0.0,0.0,0.0,0.0,0.0,0.0,0.0,7947
511,12,2,27.35,94,2.06,10000.0,26.3,0.15,0.0,58260.0,0,0,0.0,0.0,0.0,0.0,0.0,0.0,1.0,0.0,0.0,4855
512,12,1,24.2,94,5.66,10000.0,23.17,1.37,0.0,57732.0,0,0,0.0,0.0,0.0,0.0,0.0,0.0,1.0,0.0,0.0,101
513,5,4,25.83,71,4.63,10000.0,20.17,0.0,0.0,57797.0,0,0,1.0,0.0,0.0,0.0,0.0,0.0,0.0,0.0,0.0,946
514,11,2,25.91,100,2.06,10000.0,25.91,0.16,0.0,58091.0,0,0,0.0,0.0,0.0,0.0,0.0,0.0,1.0,0.0,0.0,2329
515,3,6,31.01,66,6.17,10000.0,23.91,0.14,0.0,58347.0,1,0,0.0,0.0,0.0,0.0,0.0,0.0,1.0,0.0,0.0,1005
516,12,3,23.39,94,2.06,10000.0,22.37,0.0,0.0,57948.0,0,0,0.0,0.0,0.0,0.0,0.0,0.0,0.0,0.0,0.0,5630
517,4,3,26.85,83,4.12,7000.0,23.72,0.0,0.0,57940.0,0,0,1.0,0.0,0.0,0.0,0.0,0.0,0.0,0.0,0.0,893
518,10,4,23.91,78,3.6,10000.0,19.84,0.0,0.0,57802.0,0,0,1.0,0.0,0.0,0.0,0.0,0.0,0.0,0.0,0.0,5135
519,0,4,24.17,94,4.63,10000.0,23.14,0.0,0.0,57792.0,0,0,1.0,0.0,0.0,0.0,0.0,0.0,0.0,0.0,0.0,465
520,3,5,26.28,83,3.6,10000.0,23.16,0.38,0.0,58155.0,1,0,0.0,0.0,0.0,0.0,0.0,0.0,1.0,0.0,0.0,1318
521,4,1,25.82,83,4.12,10000.0,22.71,1.02,0.0,57892.0,0,0,0.0,0.0,0.0,0.0,0.0,0.0,1.0,0.0,0.0,739
522,3,4,26.52,78,1.54,7000.0,22.37,0.0,0.0,57963.0,0,0,0.0,0.0,0.0,0.0,0.0,1.0,0.0,0.0,0.0,1086
523,9,0,28.11,65,4.12,10000.0,20.91,0.0,0.0,57705.0,0,0,0.0,0.0,0.0,0.0,0.0,0.0,0.0,0.0,0.0,6948
524,18,0,22.54,100,1.03,10000.0,22.54,0.0,0.0,57714.0,0,0,0.0,0.0,0.0,0.0,0.0,0.0,0.0,0.0,0.0,17069
525,17,0,25.83,94,1.03,10000.0,24.79,0.21,0.0,58049.0,0,0,0.0,0.0,0.0,0.0,0.0,0.0,1.0,0.0,0.0,11537
526,15,2,23.73,94,3.09,3500.0,22.71,0.0,0.0,57759.0,0,0,0.0,0.0,0.0,0.0,0.0,1.0,0.0,0.0,0.0,6531
527,21,3,26.16,100,3.09,10000.0,26.16,0.0,0.0,58293.0,0,0,0.0,0.0,0.0,0.0,0.0,0.0,0.0,0.0,0.0,1759
528,17,4,27.27,94,3.09,10000.0,26.22,0.75,0.0,58313.0,0,0,0.0,0.0,0.0,0.0,0.0,0.0,1.0,0.0,0.0,5784
529,13,2,27.91,89,2.06,10000.0,25.93,0.0,0.0,58429.0,0,0,1.0,0.0,0.0,0.0,0.0,0.0,0.0,0.0,0.0,4717
530,14,1,26.78,94,1.54,10000.0,25.73,0.0,0.0,58406.0,0,0,1.0,0.0,0.0,0.0,0.0,0.0,0.0,0.0,0.0,4625
531,12,6,27.85,89,5.14,10000.0,25.87,0.0,0.0,58356.0,1,0,1.0,0.0,0.0,0.0,0.0,0.0,0.0,0.0,0.0,4882
532,21,0,25.01,94,0.51,10000.0,23.98,0.0,0.0,58053.0,0,0,1.0,0.0,0.0,0.0,0.0,0.0,0.0,0.0,0.0,8510
533,7,2,25.64,78,5.14,10000.0,21.52,0.0,0.0,57751.0,0,0,1.0,0.0,0.0,0.0,0.0,0.0,0.0,0.0,0.0,7834
534,1,2,27.09,95,2.06,10000.0,26.22,0.13,0.0,58249.0,0,0,0.0,0.0,0.0,0.0,0.0,0.0,1.0,0.0,0.0,1007
535,1,3,29.45,84,2.57,10000.0,26.46,0.0,0.0,58273.0,0,0,1.0,0.0,0.0,0.0,0.0,0.0,0.0,0.0,0.0,1979
536,14,5,25.0,83,1.03,8000.0,21.91,0.0,0.0,57998.0,1,0,0.0,0.0,0.0,0.0,0.0,0.0,1.0,0.0,0.0,5988
537,6,4,29.3,63,1.03,9000.0,21.53,0.0,0.0,57966.0,0,0,0.0,0.0,0.0,0.0,0.0,1.0,0.0,0.0,0.0,4430
538,2,5,30.35,70,4.63,10000.0,24.26,0.0,0.0,58322.0,1,0,1.0,0.0,0.0,0.0,0.0,0.0,0.0,0.0,0.0,1618
539,12,2,26.01,89,6.17,10000.0,24.05,0.15,0.0,58092.0,0,0,0.0,0.0,0.0,0.0,0.0,0.0,1.0,0.0,0.0,3025
540,6,1,22.56,100,4.12,4000.0,22.56,2.76,0.0,57726.0,0,0,0.0,0.0,0.0,0.0,0.0,0.0,1.0,0.0,0.0,3812
541,15,6,25.72,74,3.6,10000.0,20.74,0.0,0.0,58023.0,1,0,1.0,0.0,0.0,0.0,0.0,0.0,0.0,0.0,0.0,6098
542,4,3,26.85,83,4.12,7000.0,23.72,0.0,0.0,57940.0,0,0,1.0,0.0,0.0,0.0,0.0,0.0,0.0,0.0,0.0,893
543,10,3,25.08,100,1.03,10000.0,25.08,0.0,0.0,58114.0,0,0,1.0,0.0,0.0,0.0,0.0,0.0,0.0,0.0,0.0,132
544,2,1,25.39,78,2.06,10000.0,21.28,0.0,0.0,57890.0,0,0,1.0,0.0,0.0,0.0,0.0,0.0,0.0,0.0,0.0,1095
545,21,1,25.3,100,4.12,10000.0,25.3,0.0,0.0,58245.0,0,0,0.0,0.0,0.0,0.0,0.0,0.0,0.0,0.0,1.0,6925
546,5,1,30.03,74,4.12,10000.0,24.88,0.0,0.0,58397.0,0,0,1.0,0.0,0.0,0.0,0.0,0.0,0.0,0.0,0.0,1863
547,8,3,27.13,74,4.12,8000.0,22.09,0.0,0.0,57944.0,0,0,1.0,0.0,0.0,0.0,0.0,0.0,0.0,0.0,0.0,12897
548,21,1,26.66,89,2.57,10000.0,24.7,0.0,0.0,58413.0,0,0,1.0,0.0,0.0,0.0,0.0,0.0,0.0,0.0,0.0,8038
549,16,6,23.87,100,2.06,9000.0,23.87,5.85,0.0,57856.0,1,0,0.0,0.0,0.0,0.0,0.0,0.0,1.0,0.0,0.0,8176
550,9,2,24.63,83,4.12,10000.0,21.55,0.31,0.0,57753.0,0,0,0.0,0.0,0.0,0.0,0.0,0.0,1.0,0.0,0.0,6869
551,15,6,25.72,74,3.6,10000.0,20.74,0.0,0.0,58023.0,1,0,1.0,0.0,0.0,0.0,0.0,0.0,0.0,0.0,0.0,6098
552,2,0,27.37,89,3.09,8000.0,25.39,0.43,0.0,58202.0,0,0,0.0,0.0,0.0,0.0,0.0,1.0,0.0,0.0,0.0,942
553,18,1,24.01,88,5.14,10000.0,21.9,0.32,0.0,57738.0,0,0,0.0,0.0,0.0,0.0,0.0,0.0,1.0,0.0,0.0,3815
554,19,2,23.58,97,1.03,6000.0,23.08,0.0,0.0,57931.0,0,0,0.0,0.0,0.0,0.0,0.0,1.0,0.0,0.0,0.0,10642
555,5,1,22.71,100,2.06,10000.0,22.71,4.88,0.0,57725.0,0,0,0.0,0.0,0.0,0.0,0.0,0.0,1.0,0.0,0.0,2121
556,2,2,30.61,70,3.09,10000.0,24.51,0.0,0.0,58418.0,0,0,1.0,0.0,0.0,0.0,0.0,0.0,0.0,0.0,0.0,1352
557,19,3,22.38,100,1.54,4000.0,22.38,0.0,0.0,57955.0,0,0,0.0,0.0,0.0,0.0,0.0,1.0,0.0,0.0,0.0,11512
558,18,2,23.67,94,3.09,3500.0,22.65,0.0,0.0,57762.0,0,0,0.0,0.0,0.0,0.0,0.0,1.0,0.0,0.0,0.0,15709
559,19,0,26.46,100,5.14,10000.0,26.46,0.17,0.0,58387.0,0,0,0.0,0.0,0.0,0.0,0.0,0.0,1.0,0.0,0.0,9345
560,0,5,29.79,70,3.09,10000.0,23.73,0.0,0.0,58824.0,1,0,0.0,0.0,0.0,0.0,0.0,0.0,0.0,0.0,0.0,3085
561,3,5,29.01,54,1.54,10000.0,18.76,0.0,0.0,59163.0,1,0,0.0,0.0,0.0,0.0,0.0,0.0,0.0,0.0,0.0,1394
562,23,0,25.62,91,2.57,10000.0,24.04,0.0,0.0,59063.0,0,0,0.0,1.0,0.0,0.0,0.0,0.0,0.0,0.0,0.0,3828
563,15,0,26.47,83,4.12,10000.0,23.35,0.0,0.0,59055.0,0,0,0.0,0.0,0.0,0.0,0.0,0.0,0.0,0.0,0.0,5587
564,1,5,26.47,69,2.57,10000.0,20.32,0.0,0.0,59161.0,1,0,0.0,0.0,0.0,0.0,0.0,0.0,0.0,0.0,0.0,2881
565,7,3,32.83,51,3.6,10000.0,21.36,0.0,0.0,59119.0,0,0,0.0,0.0,0.0,0.0,0.0,0.0,0.0,0.0,0.0,9872
566,16,5,27.18,100,2.06,10000.0,27.18,0.0,0.0,58840.0,1,0,0.0,0.0,0.0,0.0,0.0,0.0,0.0,0.0,0.0,5837
567,1,4,28.42,74,3.09,10000.0,23.34,0.22,0.0,58969.0,0,0,0.0,0.0,0.0,0.0,0.0,0.0,1.0,0.0,0.0,1991
568,1,4,28.43,61,3.09,10000.0,20.18,0.0,0.0,59137.0,0,0,0.0,0.0,0.0,0.0,0.0,0.0,0.0,0.0,0.0,2214
569,2,4,30.28,58,3.09,10000.0,21.1,0.0,0.0,59138.0,0,0,0.0,0.0,0.0,0.0,0.0,0.0,0.0,0.0,0.0,1447
570,6,5,33.68,66,3.6,10000.0,26.44,0.0,0.0,58494.0,1,0,1.0,0.0,0.0,0.0,0.0,0.0,0.0,0.0,0.0,1869
571,20,6,26.07,100,1.03,10000.0,26.07,0.0,0.0,58868.0,1,0,0.0,0.0,0.0,0.0,0.0,0.0,0.0,0.0,0.0,4958
572,16,6,28.19,94,0.51,10000.0,27.13,0.0,0.0,58528.0,1,0,1.0,0.0,0.0,0.0,0.0,0.0,0.0,0.0,0.0,4586
573,1,1,30.85,76,0.76,9150.339366515836,26.12,0.0,0.0,58729.0,0,0,0.0,0.0,0.0,0.0,0.0,0.0,0.0,0.0,0.0,1884
574,18,6,27.86,94,1.03,10000.0,26.8,0.0,0.0,58530.0,1,0,0.0,0.0,0.0,0.0,0.0,0.0,1.0,0.0,0.0,5958
575,20,4,25.59,100,1.03,10000.0,25.59,0.0,0.0,58652.0,0,0,0.0,0.0,0.0,0.0,0.0,0.0,0.0,0.0,0.0,7521
576,5,4,32.91,67,1.36,9150.339366515836,25.96,0.0,0.0,58637.0,0,0,1.0,0.0,0.0,0.0,0.0,0.0,0.0,0.0,0.0,1867
577,23,2,28.85,79,5.14,10000.0,24.84,0.0,0.0,58943.0,0,0,1.0,0.0,0.0,0.0,0.0,0.0,0.0,0.0,0.0,3201
578,22,0,26.68,94,1.03,10000.0,25.63,0.6,0.0,58558.0,0,0,0.0,0.0,0.0,0.0,0.0,0.0,1.0,0.0,0.0,5142
579,21,4,26.6,100,0.51,8000.0,26.6,0.0,0.0,58821.0,0,0,1.0,0.0,0.0,0.0,0.0,0.0,0.0,0.0,0.0,7604
580,18,3,26.39,94,3.6,10000.0,25.35,0.18,0.0,58962.0,0,0,0.0,0.0,0.0,0.0,0.0,0.0,1.0,0.0,0.0,11012
581,10,2,29.32,84,1.63,9150.339366515836,26.33,0.17,0.0,58762.0,0,0,0.0,0.0,0.0,0.0,0.0,0.0,1.0,0.0,0.0,4061
582,15,1,26.79,100,2.57,10000.0,26.79,0.0,0.0,58575.0,0,0,0.0,0.0,0.0,0.0,0.0,0.0,0.0,0.0,0.0,4426
583,0,4,28.56,84,1.03,10000.0,25.59,0.0,0.0,58632.0,0,0,1.0,0.0,0.0,0.0,0.0,0.0,0.0,0.0,0.0,2872
584,16,4,25.57,100,2.06,7000.0,25.57,0.0,0.0,58984.0,0,0,0.0,0.0,0.0,0.0,0.0,0.0,0.0,0.0,0.0,7313
585,3,4,31.51,55,2.06,10000.0,21.37,0.2,0.0,58803.0,0,0,0.0,0.0,0.0,0.0,0.0,0.0,1.0,0.0,0.0,843
586,15,5,27.6,94,1.54,10000.0,26.55,0.0,0.0,58671.0,1,0,0.0,0.0,0.0,0.0,0.0,0.0,0.0,0.0,0.0,5429
587,3,2,30.6,48,3.6,10000.0,18.34,0.0,0.0,59091.0,0,0,0.0,0.0,0.0,0.0,0.0,0.0,0.0,0.0,0.0,953
588,4,1,34.28,52,4.12,10000.0,23.01,0.0,0.0,58900.0,0,0,1.0,0.0,0.0,0.0,0.0,0.0,0.0,0.0,0.0,871
589,2,4,30.2,79,5.14,10000.0,26.15,0.0,0.0,58466.0,0,0,1.0,0.0,0.0,0.0,0.0,0.0,0.0,0.0,0.0,1295
590,4,4,32.02,49,2.06,10000.0,19.97,0.0,0.0,58636.0,0,0,1.0,0.0,0.0,0.0,0.0,0.0,0.0,0.0,0.0,821
591,2,2,33.1,62,1.54,10000.0,24.84,0.0,0.0,58754.0,0,0,1.0,0.0,0.0,0.0,0.0,0.0,0.0,0.0,0.0,1195
592,21,6,26.06,97,3.09,10000.0,25.55,0.0,0.0,58869.0,1,0,0.0,0.0,0.0,0.0,0.0,0.0,0.0,0.0,0.0,4692
593,5,4,32.91,67,1.36,9150.339366515836,25.96,0.0,0.0,58637.0,0,0,1.0,0.0,0.0,0.0,0.0,0.0,0.0,0.0,0.0,1867
594,11,3,28.29,69,3.6,10000.0,22.06,0.0,0.0,59123.0,0,0,0.0,0.0,0.0,0.0,0.0,0.0,0.0,0.0,0.0,4784
595,15,6,26.5,100,0.51,8000.0,26.5,0.0,0.0,59031.0,1,0,1.0,0.0,0.0,0.0,0.0,0.0,0.0,0.0,0.0,5372
596,5,4,30.86,74,4.12,10000.0,25.68,1.69,0.0,58469.0,0,0,0.0,0.0,0.0,0.0,0.0,0.0,1.0,0.0,0.0,1842
597,20,5,26.29,100,1.54,10000.0,26.29,0.0,0.0,58508.0,1,0,0.0,0.0,0.0,0.0,0.0,0.0,0.0,0.0,0.0,6112
598,12,3,28.38,89,0.51,10000.0,26.39,0.0,0.0,58788.0,0,1,0.0,0.0,0.0,0.0,0.0,0.0,0.0,0.0,0.0,4476
599,19,0,26.13,89,2.06,10000.0,24.17,0.0,0.0,58555.0,0,0,0.0,0.0,0.0,0.0,0.0,0.0,0.0,0.0,0.0,9357
600,8,4,32.87,62,2.57,10000.0,24.62,0.0,0.0,58808.0,0,0,1.0,0.0,0.0,0.0,0.0,0.0,0.0,0.0,0.0,9130
601,11,0,28.79,84,1.54,10000.0,25.81,0.0,0.0,58883.0,0,0,0.0,0.0,0.0,0.0,0.0,0.0,0.0,0.0,0.0,4149
602,4,5,32.28,62,3.09,10000.0,24.07,0.0,0.0,58660.0,1,0,1.0,0.0,0.0,0.0,0.0,0.0,0.0,0.0,0.0,890
603,5,5,33.71,55,2.06,10000.0,23.41,0.0,0.0,58829.0,1,0,1.0,0.0,0.0,0.0,0.0,0.0,0.0,0.0,0.0,1254
604,11,0,27.9,87,4.63,10000.0,25.53,1.25,0.0,58547.0,0,0,0.0,0.0,0.0,0.0,0.0,0.0,1.0,0.0,0.0,4062
605,19,4,27.39,100,1.03,4500.0,27.39,0.0,0.0,58483.0,0,0,0.0,0.0,0.0,0.0,0.0,1.0,0.0,0.0,0.0,9322
606,16,3,26.85,100,0.51,10000.0,26.85,0.0,0.0,58792.0,0,1,1.0,0.0,0.0,0.0,0.0,0.0,0.0,0.0,0.0,5346
607,13,4,28.16,90,0.94,9150.339366515836,26.36,0.0,0.0,58813.0,0,0,1.0,0.0,0.0,0.0,0.0,0.0,0.0,0.0,0.0,4261
608,21,6,26.06,97,3.09,10000.0,25.55,0.0,0.0,58869.0,1,0,0.0,0.0,0.0,0.0,0.0,0.0,0.0,0.0,0.0,4692
609,4,0,28.83,79,2.06,8000.0,24.82,0.42,0.0,59044.0,0,0,0.0,0.0,0.0,0.0,0.0,0.0,1.0,0.0,0.0,797
610,18,5,26.77,100,1.54,10000.0,26.77,0.0,0.0,58842.0,1,0,0.0,0.0,0.0,0.0,0.0,0.0,0.0,0.0,0.0,5891
611,18,0,26.16,94,3.09,10000.0,25.12,0.0,0.0,58554.0,0,0,1.0,0.0,0.0,0.0,0.0,0.0,0.0,0.0,0.0,12401
612,6,5,30.5,66,1.03,8000.0,23.43,0.0,0.0,58998.0,1,0,1.0,0.0,0.0,0.0,0.0,0.0,0.0,0.0,0.0,2061
613,8,4,30.99,89,4.12,10000.0,28.96,0.0,0.0,58472.0,0,0,1.0,0.0,0.0,0.0,0.0,0.0,0.0,0.0,0.0,10502
614,15,6,26.5,100,0.51,8000.0,26.5,0.0,0.0,59031.0,1,0,1.0,0.0,0.0,0.0,0.0,0.0,0.0,0.0,0.0,5372
615,19,1,27.07,100,1.54,10000.0,27.07,0.0,0.0,58747.0,0,0,0.0,0.0,0.0,0.0,0.0,0.0,0.0,0.0,0.0,8479
616,19,4,27.39,100,1.03,4500.0,27.39,0.0,0.0,58483.0,0,0,0.0,0.0,0.0,0.0,0.0,1.0,0.0,0.0,0.0,9322
617,1,4,29.28,82,4.12,10000.0,25.89,0.0,0.0,58465.0,0,0,0.0,0.0,0.0,0.0,0.0,0.0,1.0,0.0,0.0,2040
618,6,4,30.96,70,4.12,10000.0,24.84,0.1,0.0,58974.0,0,0,0.0,0.0,0.0,0.0,0.0,0.0,1.0,0.0,0.0,3825
619,2,6,32.96,66,2.06,10000.0,25.76,0.0,0.0,58514.0,1,0,1.0,0.0,0.0,0.0,0.0,0.0,0.0,0.0,0.0,1509
620,5,2,34.35,66,4.12,10000.0,27.07,0.0,0.0,58757.0,0,0,1.0,0.0,0.0,0.0,0.0,0.0,0.0,0.0,0.0,2062
621,15,2,27.06,94,1.54,10000.0,26.01,0.0,0.0,58599.0,0,0,0.0,0.0,0.0,0.0,0.0,0.0,0.0,0.0,0.0,4443
622,11,2,28.37,84,4.12,10000.0,25.4,0.45,0.0,58931.0,0,0,0.0,0.0,0.0,0.0,0.0,0.0,1.0,0.0,0.0,1336
623,4,6,32.5,55,3.6,10000.0,22.29,0.0,0.0,58684.0,1,0,1.0,0.0,0.0,0.0,0.0,0.0,0.0,0.0,0.0,778
624,12,5,25.01,89,2.06,10000.0,23.07,0.0,0.0,59172.0,1,0,0.0,0.0,0.0,0.0,0.0,0.0,0.0,0.0,0.0,6043
625,13,3,26.75,65,3.6,10000.0,19.62,0.0,0.0,59125.0,0,0,0.0,0.0,0.0,0.0,0.0,0.0,0.0,0.0,0.0,4531
626,20,6,26.93,100,1.03,8000.0,26.93,0.0,0.0,58700.0,1,0,1.0,0.0,0.0,0.0,0.0,0.0,0.0,0.0,0.0,6615
627,3,0,32.2,64,2.06,10000.0,24.52,0.0,0.0,58539.0,0,0,0.0,0.0,0.0,0.0,0.0,0.0,1.0,0.0,0.0,588
628,21,4,26.6,100,0.51,8000.0,26.6,0.0,0.0,58821.0,0,0,1.0,0.0,0.0,0.0,0.0,0.0,0.0,0.0,0.0,7604
629,4,2,31.21,51,3.6,10000.0,19.87,0.0,0.0,59092.0,0,0,0.0,0.0,0.0,0.0,0.0,0.0,0.0,0.0,0.0,920
630,17,2,24.29,69,2.57,10000.0,18.24,0.0,0.0,59105.0,0,0,0.0,0.0,0.0,0.0,0.0,0.0,0.0,0.0,0.0,11267
631,11,0,27.79,94,2.57,10000.0,26.73,0.0,0.0,59051.0,0,0,1.0,0.0,0.0,0.0,0.0,0.0,0.0,0.0,0.0,4652
632,18,4,27.48,100,1.54,6000.0,27.48,0.0,0.0,58482.0,0,0,1.0,0.0,0.0,0.0,0.0,0.0,0.0,0.0,0.0,12485
633,13,2,27.45,89,0.75,9150.339366515836,25.47,0.0,0.0,58765.0,0,0,1.0,0.0,0.0,0.0,0.0,0.0,0.0,0.0,0.0,4145
634,13,3,26.75,65,3.6,10000.0,19.62,0.0,0.0,59125.0,0,0,0.0,0.0,0.0,0.0,0.0,0.0,0.0,0.0,0.0,4531
635,12,2,27.94,94,2.57,10000.0,26.88,0.0,0.0,58596.0,0,0,0.0,0.0,0.0,0.0,0.0,0.0,0.0,0.0,0.0,4388
636,18,4,25.83,94,1.17,9150.339366515836,24.79,0.0,0.0,58986.0,0,0,1.0,0.0,0.0,0.0,0.0,0.0,0.0,0.0,0.0,13640
637,23,5,28.63,84,2.57,10000.0,25.66,0.0,0.0,58847.0,1,0,1.0,0.0,0.0,0.0,0.0,0.0,0.0,0.0,0.0,3865
638,14,5,24.03,100,1.03,10000.0,24.03,0.0,0.0,59174.0,1,0,0.0,0.0,0.0,0.0,0.0,0.0,0.0,0.0,0.0,5721
639,4,2,31.21,51,3.6,10000.0,19.87,0.0,0.0,59092.0,0,0,0.0,0.0,0.0,0.0,0.0,0.0,0.0,0.0,0.0,920
640,3,6,26.29,50,4.12,10000.0,15.05,0.0,0.0,59859.0,1,0,0.0,0.0,0.0,0.0,0.0,0.0,0.0,0.0,0.0,1348
641,17,3,19.22,100,2.06,10000.0,19.22,0.0,0.0,59801.0,0,0,0.0,0.0,0.0,0.0,0.0,0.0,0.0,0.0,0.0,13018
642,19,1,22.29,73,3.09,10000.0,17.22,0.0,0.0,59251.0,0,0,0.0,0.0,0.0,0.0,0.0,0.0,0.0,0.0,0.0,11936
643,4,6,29.36,74,4.39,9150.339366515836,24.24,0.0,0.0,59524.0,1,0,1.0,0.0,0.0,0.0,0.0,0.0,0.0,0.0,0.0,813
644,16,2,26.62,95,2.57,4000.0,25.75,0.0,0.0,59440.0,0,0,0.0,0.0,0.0,0.0,0.0,1.0,0.0,0.0,0.0,6760
645,14,3,25.03,100,2.57,10000.0,25.03,0.15,0.0,59462.0,0,0,0.0,0.0,0.0,0.0,0.0,0.0,1.0,0.0,0.0,654
646,23,5,23.28,100,1.03,5000.0,23.28,0.0,0.0,59351.0,1,0,0.0,0.0,0.0,0.0,0.0,1.0,0.0,0.0,0.0,5018
647,1,3,25.96,100,1.54,7000.0,25.96,2.34,0.0,59449.0,0,0,0.0,0.0,0.0,0.0,0.0,0.0,1.0,0.0,0.0,954
648,18,2,25.66,89,2.06,10000.0,23.71,0.0,0.0,59610.0,0,1,1.0,0.0,0.0,0.0,0.0,0.0,0.0,0.0,0.0,8209
649,7,0,27.12,49,4.63,10000.0,15.49,0.0,0.0,59887.0,0,0,0.0,0.0,0.0,0.0,0.0,0.0,0.0,0.0,0.0,10388
650,16,0,23.98,69,4.63,10000.0,17.95,0.0,0.0,59224.0,0,0,0.0,0.0,0.0,0.0,0.0,0.0,0.0,0.0,0.0,8099
651,1,1,28.31,89,1.03,10000.0,26.32,0.0,0.0,59569.0,0,1,0.0,0.0,0.0,0.0,0.0,0.0,0.0,0.0,0.0,1657
652,5,3,26.57,91,1.54,9150.339366515836,24.98,0.24,0.0,59453.0,0,0,0.0,0.0,0.0,0.0,0.0,0.0,1.0,0.0,0.0,743
653,8,1,25.18,38,1.54,10000.0,9.87,0.0,0.0,59744.0,0,0,0.0,0.0,0.0,0.0,0.0,0.0,0.0,0.0,0.0,14305
654,21,5,17.91,82,4.12,10000.0,14.8,0.18,0.0,59685.0,1,0,0.0,0.0,0.0,0.0,0.0,0.0,1.0,0.0,0.0,7807
655,20,4,22.7,88,2.57,10000.0,20.61,0.0,0.0,59324.0,0,0,1.0,0.0,0.0,0.0,0.0,0.0,0.0,0.0,0.0,8791
656,6,5,27.54,51,4.63,10000.0,16.5,0.0,0.0,59838.0,1,0,0.0,0.0,0.0,0.0,0.0,0.0,0.0,0.0,0.0,2053
657,14,0,24.14,73,1.54,10000.0,19.0,0.0,0.0,59222.0,0,0,0.0,0.0,0.0,0.0,0.0,0.0,0.0,0.0,0.0,5021
658,2,0,30.48,66,2.06,10000.0,23.41,0.0,0.0,59378.0,0,0,1.0,0.0,0.0,0.0,0.0,0.0,0.0,0.0,0.0,940
659,6,4,27.27,54,3.6,10000.0,17.15,0.16,0.0,59814.0,0,0,0.0,0.0,0.0,0.0,0.0,0.0,1.0,0.0,0.0,4367
660,5,3,31.21,71,0.93,9150.339366515836,25.32,0.0,0.0,59621.0,0,0,1.0,0.0,0.0,0.0,0.0,0.0,0.0,0.0,0.0,1681
661,11,1,25.66,73,2.57,10000.0,20.46,0.0,0.0,59243.0,0,0,1.0,0.0,0.0,0.0,0.0,0.0,0.0,0.0,0.0,5244
662,6,0,24.41,78,3.09,10000.0,20.33,0.25,0.0,59214.0,0,0,0.0,0.0,0.0,0.0,0.0,0.0,1.0,0.0,0.0,2072
663,6,3,26.59,100,4.12,5000.0,26.59,0.16,0.0,59454.0,0,0,0.0,0.0,0.0,0.0,0.0,0.0,1.0,0.0,0.0,871
664,12,1,25.92,78,2.06,10000.0,21.79,0.0,0.0,59412.0,0,0,0.0,0.0,0.0,0.0,0.0,0.0,0.0,0.0,0.0,4969
665,8,5,28.86,65,4.12,10000.0,21.62,0.0,0.0,59336.0,1,0,1.0,0.0,0.0,0.0,0.0,0.0,0.0,0.0,0.0,5149
666,10,5,25.16,78,2.06,10000.0,21.05,0.0,0.0,59338.0,1,0,0.0,0.0,0.0,0.0,0.0,0.0,0.0,0.0,0.0,5892
667,21,1,25.41,100,1.03,7000.0,25.41,0.0,0.0,59589.0,0,1,1.0,0.0,0.0,0.0,0.0,0.0,0.0,0.0,0.0,5746
668,11,0,20.78,83,0.51,10000.0,17.79,0.0,0.0,59891.0,0,0,0.0,0.0,0.0,0.0,0.0,0.0,0.0,0.0,0.0,5737
669,5,2,30.92,48,2.57,10000.0,18.63,0.0,0.0,59261.0,0,0,0.0,0.0,0.0,0.0,0.0,0.0,0.0,0.0,0.0,2138
670,12,2,27.35,92,1.03,7000.0,25.93,0.16,0.0,59436.0,0,0,0.0,0.0,0.0,0.0,0.0,0.0,1.0,0.0,0.0,4821
671,9,1,28.95,54,4.63,10000.0,18.71,0.0,0.0,59241.0,0,0,1.0,0.0,0.0,0.0,0.0,0.0,0.0,0.0,0.0,6961
672,4,5,20.54,87,3.72,9150.339366515836,18.3,0.29,0.0,59668.0,1,0,0.0,0.0,0.0,0.0,0.0,0.0,1.0,0.0,0.0,176
673,6,6,28.3,48,3.09,10000.0,16.25,0.0,0.0,59862.0,1,0,0.0,0.0,0.0,0.0,0.0,0.0,0.0,0.0,0.0,1701
674,20,1,21.56,78,2.57,10000.0,17.56,0.0,0.0,59252.0,0,0,0.0,0.0,0.0,0.0,0.0,0.0,0.0,0.0,0.0,10403
675,11,4,25.92,97,2.57,10000.0,25.41,1.06,0.0,59483.0,0,0,0.0,0.0,0.0,0.0,0.0,0.0,1.0,0.0,0.0,2986
676,19,5,22.54,100,0.51,4000.0,22.54,0.0,0.0,59347.0,1,0,0.0,0.0,0.0,0.0,0.0,1.0,0.0,0.0,0.0,9330
677,17,0,16.35,72,2.06,10000.0,11.3,0.0,0.0,59729.0,0,0,0.0,0.0,0.0,0.0,0.0,0.0,0.0,0.0,0.0,13782
678,13,5,26.29,100,1.03,10000.0,26.29,0.0,0.0,59509.0,1,0,0.0,0.0,0.0,0.0,0.0,0.0,0.0,0.0,0.0,6131
679,23,0,24.27,50,3.6,10000.0,13.19,0.0,0.0,59231.0,0,0,0.0,0.0,0.0,0.0,0.0,0.0,0.0,0.0,0.0,4293
680,2,0,22.63,49,5.14,10000.0,11.38,0.0,0.0,59714.0,0,0,0.0,0.0,0.0,0.0,0.0,0.0,0.0,0.0,0.0,958
681,10,6,23.91,65,0.51,10000.0,16.93,0.0,0.0,59866.0,1,0,0.0,0.0,0.0,0.0,0.0,0.0,0.0,0.0,0.0,6034
682,20,2,20.62,100,1.03,10000.0,20.62,0.0,0.0,59780.0,0,0,0.0,0.0,0.0,0.0,0.0,0.0,1.0,0.0,0.0,10312
683,1,4,26.45,83,2.57,10000.0,23.33,3.19,0.0,59641.0,0,0,0.0,0.0,0.0,0.0,0.0,0.0,1.0,0.0,0.0,1917
684,10,5,25.16,78,2.06,10000.0,21.05,0.0,0.0,59338.0,1,0,0.0,0.0,0.0,0.0,0.0,0.0,0.0,0.0,0.0,5892
685,21,6,23.18,100,0.51,5000.0,23.18,0.0,0.0,59373.0,1,0,0.0,0.0,0.0,0.0,0.0,1.0,0.0,0.0,0.0,7391
686,13,4,21.21,83,2.57,10000.0,18.21,0.0,0.0,59821.0,0,0,0.0,0.0,0.0,0.0,0.0,0.0,0.0,0.0,0.0,6056
687,21,0,24.06,100,0.51,9000.0,24.06,0.0,0.0,59397.0,0,0,0.0,0.0,0.0,0.0,0.0,0.0,0.0,0.0,0.0,8971
688,13,3,25.43,100,3.09,10000.0,25.43,0.0,0.0,59293.0,0,0,0.0,0.0,0.0,0.0,0.0,0.0,1.0,0.0,0.0,1624
689,5,2,30.92,48,2.57,10000.0,18.63,0.0,0.0,59261.0,0,0,0.0,0.0,0.0,0.0,0.0,0.0,0.0,0.0,0.0,2138
690,7,0,30.27,58,2.57,10000.0,21.09,0.0,0.0,59551.0,0,1,0.0,0.0,0.0,0.0,0.0,0.0,0.0,0.0,0.0,869
691,6,5,21.05,83,3.78,9150.339366515836,18.05,0.0,0.0,59670.0,1,0,1.0,0.0,0.0,0.0,0.0,0.0,0.0,0.0,0.0,152
692,3,4,27.52,89,3.6,10000.0,25.54,0.72,0.0,59475.0,0,0,0.0,0.0,0.0,0.0,0.0,0.0,1.0,0.0,0.0,669
693,8,4,26.02,73,4.12,10000.0,20.8,0.0,0.0,59312.0,0,0,1.0,0.0,0.0,0.0,0.0,0.0,0.0,0.0,0.0,11884
694,9,0,30.1,66,3.6,10000.0,23.05,0.0,0.0,59385.0,0,0,0.0,0.0,0.0,0.0,0.0,0.0,0.0,0.0,0.0,6635
695,17,4,23.21,78,3.09,10000.0,19.16,0.17,0.0,59321.0,0,0,0.0,0.0,0.0,0.0,0.0,0.0,1.0,0.0,0.0,11941
696,2,2,23.96,69,3.09,10000.0,17.93,0.0,0.0,59762.0,0,0,0.0,0.0,0.0,0.0,0.0,0.0,0.0,0.0,0.0,1305
697,3,6,28.55,51,4.63,10000.0,17.43,0.0,0.0,59187.0,1,0,1.0,0.0,0.0,0.0,0.0,0.0,0.0,0.0,0.0,1215
698,11,3,27.55,94,1.54,10000.0,26.5,0.0,0.0,59627.0,0,0,0.0,0.0,0.0,0.0,0.0,0.0,0.0,0.0,0.0,4991
699,3,2,31.37,70,1.03,10000.0,25.24,0.13,0.0,59595.0,0,1,0.0,0.0,0.0,0.0,0.0,0.0,1.0,0.0,0.0,844
700,13,1,18.04,88,1.54,10000.0,16.02,0.0,0.0,59749.0,0,0,0.0,0.0,0.0,0.0,0.0,0.0,0.0,0.0,0.0,5738
701,8,6,27.41,65,3.6,10000.0,20.25,0.0,0.0,59192.0,1,0,0.0,0.0,0.0,0.0,0.0,0.0,0.0,0.0,0.0,3426
702,16,0,25.01,100,1.03,10000.0,25.01,0.0,0.0,59560.0,0,1,1.0,0.0,0.0,0.0,0.0,0.0,0.0,0.0,0.0,5411
703,4,6,29.63,58,2.06,10000.0,20.49,0.0,0.0,59356.0,1,0,1.0,0.0,0.0,0.0,0.0,0.0,0.0,0.0,0.0,924
704,12,1,27.03,100,1.54,10000.0,27.03,0.0,0.0,59580.0,0,1,0.0,0.0,0.0,0.0,0.0,0.0,0.0,0.0,0.0,2885
705,2,0,23.36,81,2.06,10000.0,19.92,0.66,0.0,59210.0,0,0,0.0,0.0,0.0,0.0,0.0,0.0,1.0,0.0,0.0,963
706,22,6,18.69,77,1.03,10000.0,14.58,0.0,0.0,59878.0,1,0,0.0,0.0,0.0,0.0,0.0,0.0,0.0,0.0,0.0,5792
707,22,5,25.18,100,0.51,8000.0,25.18,0.0,0.0,59518.0,1,0,1.0,0.0,0.0,0.0,0.0,0.0,0.0,0.0,0.0,5595
708,2,6,28.14,80,3.54,9150.339366515836,24.36,0.0,0.0,59522.0,1,0,1.0,0.0,0.0,0.0,0.0,0.0,0.0,0.0,0.0,1546
709,18,0,24.49,100,1.03,9000.0,24.49,0.0,0.0,59394.0,0,0,1.0,0.0,0.0,0.0,0.0,0.0,0.0,0.0,0.0,16096
710,2,6,28.14,80,3.54,9150.339366515836,24.36,0.0,0.0,59522.0,1,0,1.0,0.0,0.0,0.0,0.0,0.0,0.0,0.0,0.0,1546
711,13,6,19.32,82,2.06,10000.0,16.17,0.0,0.0,59701.0,1,0,0.0,0.0,0.0,0.0,0.0,0.0,0.0,0.0,0.0,8470
712,2,6,28.44,54,3.6,10000.0,18.24,0.0,0.0,59186.0,1,0,1.0,0.0,0.0,0.0,0.0,0.0,0.0,0.0,0.0,1678
713,8,5,20.92,78,5.14,10000.0,16.94,0.0,0.0,59672.0,1,0,1.0,0.0,0.0,0.0,0.0,0.0,0.0,0.0,0.0,172
714,13,0,26.34,100,2.06,10000.0,26.34,0.0,0.0,59557.0,0,1,1.0,0.0,0.0,0.0,0.0,0.0,0.0,0.0,0.0,3903
715,7,0,25.3,41,2.57,10000.0,11.12,0.0,0.0,59719.0,0,0,0.0,0.0,0.0,0.0,0.0,0.0,0.0,0.0,0.0,10508
716,10,5,25.16,78,2.06,10000.0,21.05,0.0,0.0,59338.0,1,0,0.0,0.0,0.0,0.0,0.0,0.0,0.0,0.0,0.0,5892
717,18,4,25.93,97,2.06,10000.0,25.42,2.12,0.0,59490.0,0,0,0.0,0.0,0.0,0.0,0.0,0.0,1.0,0.0,0.0,6427
718,15,4,18.28,100,8.75,10000.0,18.28,2.87,0.0,59655.0,0,0,0.0,0.0,0.0,0.0,0.0,0.0,1.0,0.0,0.0,296
719,0,0,19.77,60,3.6,10000.0,11.79,0.0,0.0,59712.0,0,0,0.0,0.0,0.0,0.0,0.0,0.0,0.0,0.0,0.0,2656
720,13,6,11.6,58,4.63,10000.0,3.63,0.0,0.0,60373.0,1,0,0.0,0.0,0.0,0.0,0.0,0.0,0.0,0.0,0.0,7788
721,14,4,11.96,100,1.03,10000.0,11.96,0.0,0.0,60494.0,0,0,0.0,0.0,0.0,0.0,0.0,0.0,0.0,0.0,0.0,6746
722,10,3,17.09,88,1.8,9150.339366515836,15.09,0.0,0.0,60130.0,0,0,1.0,0.0,0.0,0.0,0.0,0.0,0.0,0.0,0.0,5434
723,20,3,10.45,100,1.54,10000.0,10.45,0.0,0.0,59972.0,0,1,0.0,0.0,0.0,0.0,0.0,0.0,0.0,0.0,0.0,7557
724,6,5,22.96,46,3.6,10000.0,10.73,0.0,0.0,60510.0,1,0,0.0,0.0,0.0,0.0,0.0,0.0,0.0,0.0,0.0,1500
725,6,3,20.14,40,1.54,10000.0,6.13,0.0,0.0,59958.0,0,1,0.0,0.0,0.0,0.0,0.0,0.0,0.0,0.0,0.0,1767
726,7,5,23.09,31,3.09,10000.0,5.06,0.0,0.0,60175.0,1,0,0.0,0.0,0.0,0.0,0.0,0.0,0.0,0.0,0.0,3177
727,14,3,15.01,100,0.51,7000.0,15.01,0.0,0.0,60134.0,0,0,0.0,0.0,0.0,0.0,0.0,0.0,0.0,0.0,0.0,6104
728,12,5,14.13,63,6.17,10000.0,7.2,0.0,0.0,60348.0,1,0,1.0,0.0,0.0,0.0,0.0,0.0,0.0,0.0,0.0,7930
729,3,1,15.51,100,3.6,10000.0,15.51,0.4,0.0,60411.0,0,0,0.0,0.0,0.0,0.0,0.0,0.0,1.0,0.0,0.0,399
730,5,1,17.8,52,2.06,10000.0,7.82,0.0,0.0,60581.0,0,0,0.0,0.0,0.0,0.0,0.0,0.0,0.0,0.0,0.0,1647
731,23,2,13.79,100,1.03,7000.0,13.79,0.0,0.0,60287.0,0,0,1.0,0.0,0.0,0.0,0.0,0.0,0.0,0.0,0.0,4061
732,10,5,17.73,77,2.57,10000.0,13.65,0.0,0.0,60514.0,1,0,0.0,0.0,0.0,0.0,0.0,0.0,0.0,0.0,0.0,6335
733,11,4,13.66,77,1.54,10000.0,9.71,0.0,0.0,60491.0,0,0,0.0,0.0,0.0,0.0,0.0,0.0,0.0,0.0,0.0,5998
734,5,6,22.73,56,2.06,10000.0,13.51,0.0,0.0,60197.0,1,0,0.0,0.0,0.0,0.0,0.0,0.0,0.0,0.0,0.0,861
735,2,1,16.98,61,2.62,9150.339366515836,9.41,0.0,0.0,60578.0,0,0,1.0,0.0,0.0,0.0,0.0,0.0,0.0,0.0,0.0,1060
736,3,0,19.31,64,3.6,10000.0,12.34,0.0,0.0,60051.0,0,0,0.0,0.0,0.0,0.0,0.0,0.0,0.0,0.0,0.0,700
737,6,1,16.03,97,1.54,10000.0,15.55,0.88,0.0,60414.0,0,0,0.0,0.0,0.0,0.0,0.0,1.0,0.0,0.0,0.0,1426
738,2,1,19.34,94,1.54,9000.0,18.35,0.2,0.0,60242.0,0,0,0.0,0.0,0.0,0.0,0.0,0.0,1.0,0.0,0.0,808
739,7,1,22.77,53,1.54,10000.0,12.7,0.0,0.0,60079.0,0,0,1.0,0.0,0.0,0.0,0.0,0.0,0.0,0.0,0.0,10058
740,20,2,8.48,93,1.54,10000.0,7.41,0.0,0.0,59948.0,0,0,0.0,0.0,0.0,0.0,0.0,0.0,0.0,0.0,0.0,8844
741,23,0,13.52,100,1.54,800.0,13.52,0.0,0.0,60071.0,0,0,0.0,0.0,0.0,1.0,0.0,0.0,0.0,0.0,0.0,3877
742,0,1,14.62,100,2.06,1500.0,14.62,0.0,0.0,60072.0,0,0,0.0,0.0,0.0,0.0,0.0,1.0,0.0,0.0,0.0,2759
743,14,1,16.16,94,1.03,10000.0,15.19,0.0,0.0,60086.0,0,0,0.0,0.0,0.0,0.0,0.0,0.0,0.0,0.0,0.0,6375
744,3,2,19.94,77,2.57,7000.0,15.79,0.0,0.0,60267.0,0,0,1.0,0.0,0.0,0.0,0.0,0.0,0.0,0.0,0.0,877
745,6,4,21.04,28,2.06,10000.0,1.85,0.0,0.0,60486.0,0,0,0.0,0.0,0.0,0.0,0.0,0.0,0.0,0.0,0.0,3366
746,15,6,13.03,100,2.06,10000.0,13.03,0.0,0.0,60039.0,1,0,0.0,0.0,0.0,0.0,0.0,0.0,0.0,0.0,0.0,4859
747,10,2,18.34,63,0.51,10000.0,11.18,0.0,0.0,60106.0,0,1,0.0,0.0,0.0,0.0,0.0,0.0,0.0,0.0,0.0,6347
748,7,2,19.42,30,5.14,10000.0,1.41,0.0,0.0,59935.0,0,0,0.0,0.0,0.0,0.0,0.0,0.0,0.0,0.0,0.0,9713
749,4,0,19.68,64,4.12,10000.0,12.69,0.0,0.0,60052.0,0,0,0.0,0.0,0.0,0.0,0.0,0.0,0.0,0.0,0.0,832
750,10,1,14.22,94,2.06,10000.0,13.27,0.0,0.0,60586.0,0,0,0.0,0.0,0.0,0.0,0.0,0.0,0.0,0.0,0.0,4075
751,8,1,19.22,52,5.14,10000.0,9.14,0.0,0.0,59912.0,0,0,0.0,0.0,0.0,0.0,0.0,0.0,0.0,0.0,0.0,1978
752,0,4,15.96,89,1.08,9150.339366515836,14.15,0.0,0.0,60144.0,0,0,1.0,0.0,0.0,0.0,0.0,0.0,0.0,0.0,0.0,2899
753,16,5,14.4,100,1.54,10000.0,14.4,0.0,0.0,60520.0,1,0,0.0,0.0,0.0,0.0,0.0,0.0,0.0,0.0,0.0,10289
754,9,6,15.02,48,5.66,10000.0,4.11,0.0,0.0,60369.0,1,0,0.0,0.0,0.0,0.0,0.0,0.0,0.0,0.0,0.0,4403
755,11,6,16.3,94,1.54,10000.0,15.33,0.0,0.0,60035.0,1,0,0.0,0.0,0.0,0.0,0.0,0.0,0.0,0.0,0.0,5711
756,3,5,20.72,61,1.15,9150.339366515836,12.94,0.0,0.0,60171.0,1,0,0.0,0.0,0.0,0.0,0.0,0.0,0.0,0.0,0.0,1261
757,10,0,16.63,72,1.54,10000.0,11.57,0.0,0.0,60394.0,0,0,0.0,0.0,0.0,0.0,0.0,0.0,1.0,0.0,0.0,4334
758,18,3,7.85,100,0.51,5000.0,7.85,0.0,0.0,60474.0,0,0,0.0,0.0,0.0,0.0,0.0,1.0,0.0,0.0,0.0,14302
759,21,6,9.84,71,4.12,10000.0,4.84,0.0,0.0,60381.0,1,0,0.0,0.0,0.0,0.0,0.0,0.0,0.0,0.0,0.0,4811
760,15,2,12.99,100,2.06,3500.0,12.99,0.0,0.0,60279.0,0,0,0.0,0.0,0.0,0.0,0.0,1.0,0.0,0.0,0.0,7569
761,20,1,10.59,87,3.09,10000.0,8.52,0.0,0.0,59924.0,0,0,0.0,0.0,0.0,0.0,0.0,0.0,0.0,0.0,0.0,7267
762,6,5,22.85,40,3.09,10000.0,8.55,0.0,0.0,60006.0,1,0,0.0,0.0,0.0,0.0,0.0,0.0,0.0,0.0,0.0,1789
763,13,2,9.92,87,2.06,10000.0,7.86,0.0,0.0,60445.0,0,0,1.0,0.0,0.0,0.0,0.0,0.0,0.0,0.0,0.0,5563
764,19,4,11.92,100,0.51,3000.0,11.92,0.0,0.0,60163.0,0,0,0.0,0.0,0.0,0.0,0.0,1.0,0.0,0.0,0.0,11020
765,5,2,19.14,34,3.6,10000.0,2.92,0.0,0.0,59933.0,0,0,0.0,0.0,0.0,0.0,0.0,0.0,0.0,0.0,0.0,1872
766,11,1,15.25,58,4.63,10000.0,7.05,0.0,0.0,59915.0,0,0,0.0,0.0,0.0,0.0,0.0,0.0,0.0,0.0,0.0,4854
767,10,1,16.19,44,5.14,10000.0,3.94,0.0,0.0,59914.0,0,0,0.0,0.0,0.0,0.0,0.0,0.0,0.0,0.0,0.0,3021
768,12,4,16.54,97,1.03,10000.0,16.06,0.72,0.0,60324.0,0,0,0.0,0.0,0.0,0.0,0.0,0.0,1.0,0.0,0.0,241
769,15,0,13.6,100,1.03,5000.0,13.6,0.0,0.0,60063.0,0,0,0.0,0.0,0.0,0.0,0.0,1.0,0.0,0.0,0.0,6808
770,8,3,21.05,70,1.95,9150.339366515836,15.37,0.0,0.0,60128.0,0,0,1.0,0.0,0.0,0.0,0.0,0.0,0.0,0.0,0.0,13225
771,21,4,16.4,100,5.14,10000.0,16.4,0.0,0.0,60333.0,0,0,1.0,0.0,0.0,0.0,0.0,0.0,0.0,0.0,0.0,2995
772,12,4,16.54,97,1.03,10000.0,16.06,0.72,0.0,60324.0,0,0,0.0,0.0,0.0,0.0,0.0,0.0,1.0,0.0,0.0,241
773,3,1,19.55,88,1.03,10000.0,17.51,0.0,0.0,60243.0,0,0,1.0,0.0,0.0,0.0,0.0,0.0,0.0,0.0,0.0,382
774,12,3,16.7,94,0.51,8000.0,15.73,0.0,0.0,60300.0,0,0,1.0,0.0,0.0,0.0,0.0,0.0,0.0,0.0,0.0,6473
775,8,5,18.0,72,5.14,10000.0,12.88,0.0,0.0,60344.0,1,0,1.0,0.0,0.0,0.0,0.0,0.0,0.0,0.0,0.0,4246
776,23,4,16.03,94,7.2,10000.0,15.07,0.0,0.0,60335.0,0,0,1.0,0.0,0.0,0.0,0.0,0.0,0.0,0.0,0.0,2422
777,17,6,17.85,94,0.51,10000.0,16.87,0.0,0.0,60209.0,1,0,0.0,0.0,0.0,0.0,0.0,0.0,0.0,0.0,0.0,10455
778,8,3,19.4,56,2.06,10000.0,10.41,0.0,0.0,60632.0,0,0,0.0,0.0,0.0,0.0,0.0,0.0,0.0,0.0,0.0,13003
779,23,1,11.3,100,1.03,8000.0,11.3,0.0,0.0,60599.0,0,0,0.0,0.0,0.0,0.0,0.0,0.0,0.0,0.0,0.0,3584
780,13,4,16.67,85,1.66,9150.339366515836,14.14,0.0,0.0,60157.0,0,0,0.0,0.0,0.0,0.0,0.0,0.0,0.0,0.0,0.0,6778
781,9,5,20.68,67,1.37,9150.339366515836,14.34,0.0,0.0,60513.0,1,0,0.0,0.0,0.0,0.0,0.0,0.0,0.0,0.0,0.0,5897
782,20,5,10.58,62,4.63,10000.0,3.61,0.0,0.0,60356.0,1,0,0.0,0.0,0.0,0.0,0.0,0.0,0.0,0.0,0.0,6043
783,1,3,10.98,77,1.39,9150.339366515836,7.11,0.0,0.0,60457.0,0,0,0.0,0.0,0.0,0.0,0.0,0.0,0.0,0.0,0.0,1642
784,1,0,13.71,63,2.06,10000.0,6.8,0.0,0.0,60385.0,0,0,0.0,0.0,0.0,0.0,0.0,0.0,0.0,0.0,0.0,1165
785,13,4,16.23,100,3.6,10000.0,16.23,1.31,0.0,60325.0,0,0,0.0,0.0,0.0,0.0,0.0,0.0,1.0,0.0,0.0,120
786,17,0,13.01,100,1.54,3500.0,13.01,0.0,0.0,60065.0,0,0,0.0,0.0,0.0,0.0,0.0,1.0,0.0,0.0,0.0,12381
787,16,0,13.26,100,2.06,4000.0,13.26,0.0,0.0,60064.0,0,0,0.0,0.0,0.0,0.0,0.0,1.0,0.0,0.0,0.0,8650
788,23,3,17.69,77,3.09,10000.0,13.61,0.0,0.0,60311.0,0,0,1.0,0.0,0.0,0.0,0.0,0.0,0.0,0.0,0.0,4436
789,21,0,14.54,100,1.03,10000.0,14.54,0.0,0.0,60405.0,0,0,1.0,0.0,0.0,0.0,0.0,0.0,0.0,0.0,0.0,6499
790,20,4,16.51,100,4.63,10000.0,16.51,0.0,0.0,60332.0,0,0,1.0,0.0,0.0,0.0,0.0,0.0,0.0,0.0,0.0,2454
791,7,3,17.99,59,4.12,10000.0,9.87,0.0,0.0,60463.0,0,0,0.0,0.0,0.0,0.0,0.0,0.0,0.0,0.0,0.0,9037
792,22,3,13.32,100,1.54,6000.0,13.32,0.0,0.0,60142.0,0,0,1.0,0.0,0.0,0.0,0.0,0.0,0.0,0.0,0.0,6973
793,7,3,17.99,59,4.12,10000.0,9.87,0.0,0.0,60463.0,0,0,0.0,0.0,0.0,0.0,0.0,0.0,0.0,0.0,0.0,9037
794,4,2,20.87,68,2.06,8000.0,14.75,0.0,0.0,60268.0,0,0,1.0,0.0,0.0,0.0,0.0,0.0,0.0,0.0,0.0,1201
795,9,5,19.31,60,2.57,10000.0,11.36,0.0,0.0,60177.0,1,0,0.0,0.0,0.0,0.0,0.0,0.0,0.0,0.0,0.0,6395
796,15,2,9.45,87,1.54,10000.0,7.4,0.0,0.0,60447.0,0,0,0.0,0.0,0.0,0.0,0.0,0.0,0.0,0.0,0.0,6508
797,16,3,11.71,100,2.06,10000.0,11.71,0.0,0.0,59968.0,0,1,0.0,0.0,0.0,0.0,0.0,0.0,0.0,0.0,0.0,10872
798,14,2,17.58,72,3.09,10000.0,12.48,0.0,0.0,60110.0,0,1,0.0,0.0,0.0,0.0,0.0,0.0,0.0,0.0,0.0,9975
799,20,0,16.92,100,2.06,10000.0,16.92,0.0,0.0,60236.0,0,0,1.0,0.0,0.0,0.0,0.0,0.0,0.0,0.0,0.0,9416
800,19,5,8.37,100,1.54,9000.0,8.37,0.0,0.0,60859.0,1,0,1.0,0.0,0.0,0.0,0.0,0.0,0.0,0.0,0.0,5866
801,11,6,17.94,100,1.03,10000.0,17.94,0.0,0.0,60707.0,1,0,1.0,0.0,0.0,0.0,0.0,0.0,0.0,0.0,0.0,6494
802,16,3,-1.38,80,1.54,10000.0,-4.04,0.0,0.0,61312.0,0,0,0.0,0.0,0.0,0.0,0.0,0.0,0.0,0.0,0.0,3466
803,11,4,8.7,66,2.06,10000.0,2.71,0.0,0.0,60827.0,0,0,0.0,0.0,0.0,0.0,0.0,0.0,0.0,0.0,0.0,5252
804,19,3,-2.66,86,0.51,10000.0,-4.44,0.0,0.0,61315.0,0,0,0.0,0.0,0.0,0.0,0.0,0.0,0.0,0.0,0.0,3194
805,3,0,13.48,47,5.14,10000.0,2.4,0.0,0.0,61227.0,0,0,0.0,0.0,0.0,0.0,0.0,0.0,0.0,0.0,0.0,531
806,7,2,11.5,32,4.12,10000.0,-4.08,0.0,0.0,60775.0,0,0,0.0,0.0,0.0,0.0,0.0,0.0,0.0,0.0,0.0,8918
807,1,2,8.15,57,2.41,9150.339366515836,0.15,0.0,0.0,60769.0,0,0,0.0,0.0,0.0,0.0,0.0,0.0,0.0,0.0,0.0,1305
808,7,4,9.91,34,4.12,10000.0,-4.62,0.0,0.0,61159.0,0,0,0.0,0.0,0.0,0.0,0.0,0.0,0.0,0.0,0.0,7459
809,3,2,9.0,43,2.06,10000.0,-2.57,0.0,0.0,61107.0,0,0,1.0,0.0,0.0,0.0,0.0,0.0,0.0,0.0,0.0,707
810,7,1,18.67,55,3.6,10000.0,9.46,0.0,0.0,60919.0,0,0,0.0,0.0,0.0,0.0,0.0,0.0,0.0,0.0,0.0,9402
811,2,2,1.27,100,1.54,10000.0,1.27,0.0,0.0,61274.0,0,0,0.0,0.0,0.0,0.0,0.0,0.0,0.0,1.0,0.0,135
812,7,6,12.77,43,2.06,10000.0,0.52,0.0,0.0,61207.0,1,0,0.0,0.0,0.0,0.0,0.0,0.0,0.0,0.0,0.0,1464
813,8,5,9.88,40,1.03,10000.0,-2.72,0.0,0.0,61184.0,1,0,0.0,0.0,0.0,0.0,0.0,0.0,0.0,0.0,0.0,3487
814,7,0,16.98,51,6.69,10000.0,6.78,0.0,0.0,60727.0,0,0,1.0,0.0,0.0,0.0,0.0,0.0,0.0,0.0,0.0,9183
815,11,2,-1.01,97,1.03,10000.0,-1.38,0.0,0.0,61283.0,0,0,0.0,0.0,0.0,0.0,0.0,0.0,0.0,1.0,0.0,629
816,21,1,0.22,100,1.54,10000.0,0.22,0.0,0.0,61101.0,0,0,0.0,0.0,0.0,0.0,0.0,0.0,0.0,0.0,0.0,5159
817,1,6,15.71,78,2.56,9150.339366515836,11.89,0.0,0.0,60697.0,1,0,0.0,0.0,0.0,0.0,0.0,0.0,0.0,0.0,0.0,2112
818,9,0,14.41,82,3.09,9000.0,11.38,0.0,0.0,60897.0,0,0,1.0,0.0,0.0,0.0,0.0,0.0,0.0,0.0,0.0,6265
819,15,2,11.65,94,0.51,7000.0,10.72,0.0,0.0,60951.0,0,0,1.0,0.0,0.0,0.0,0.0,0.0,0.0,0.0,0.0,6859
820,9,2,16.51,55,1.54,10000.0,7.45,0.0,0.0,60945.0,0,0,0.0,0.0,0.0,0.0,0.0,0.0,0.0,0.0,0.0,7038
821,8,4,14.57,44,3.09,10000.0,2.47,0.0,0.0,60824.0,0,0,0.0,0.0,0.0,0.0,0.0,0.0,0.0,0.0,0.0,11663
822,13,5,15.64,100,3.09,7000.0,15.64,0.0,0.0,61021.0,1,0,1.0,0.0,0.0,0.0,0.0,0.0,0.0,0.0,0.0,7962
823,5,2,20.33,43,3.6,10000.0,7.35,0.0,0.0,60941.0,0,0,0.0,0.0,0.0,0.0,0.0,0.0,0.0,0.0,0.0,1577
824,11,2,6.0,49,3.6,10000.0,-3.45,0.0,0.0,60779.0,0,0,0.0,0.0,0.0,0.0,0.0,0.0,0.0,0.0,0.0,4706
825,17,0,7.63,70,3.09,10000.0,2.51,0.0,0.0,60737.0,0,0,0.0,0.0,0.0,0.0,0.0,0.0,0.0,0.0,0.0,11575
826,0,6,10.45,93,1.54,10000.0,9.37,0.0,0.0,60864.0,1,0,0.0,0.0,0.0,0.0,0.0,0.0,0.0,0.0,0.0,2764
827,13,6,3.99,38,4.63,10000.0,-8.04,0.0,0.0,61045.0,1,0,0.0,0.0,0.0,0.0,0.0,0.0,0.0,0.0,0.0,5399
828,16,1,2.42,93,1.03,10000.0,1.41,0.0,0.0,61096.0,0,0,0.0,0.0,0.0,0.0,0.0,0.0,0.0,0.0,0.0,6900
829,16,1,2.95,75,4.12,10000.0,-0.92,0.24,0.0,61264.0,0,0,0.0,0.0,0.0,0.0,0.0,0.0,0.0,1.0,0.0,1814
830,19,1,1.77,93,2.06,800.0,0.76,0.0,0.14,61267.0,0,0,0.0,0.0,0.0,0.0,0.0,0.0,0.0,1.0,0.0,1246
831,8,1,16.18,63,3.6,10000.0,9.14,0.0,0.0,60920.0,0,0,0.0,0.0,0.0,0.0,0.0,0.0,0.0,0.0,0.0,12995
832,17,5,11.09,93,5.66,10000.0,10.0,0.0,0.0,61025.0,1,0,1.0,0.0,0.0,0.0,0.0,0.0,0.0,0.0,0.0,1068
833,16,3,-1.38,80,1.54,10000.0,-4.04,0.0,0.0,61312.0,0,0,0.0,0.0,0.0,0.0,0.0,0.0,0.0,0.0,0.0,3466
834,17,5,11.55,89,2.55,9150.339366515836,9.8,0.0,0.0,60689.0,1,0,0.0,0.0,0.0,0.0,0.0,0.0,0.0,0.0,0.0,10220
835,5,3,17.33,55,2.06,10000.0,8.21,0.28,0.0,60965.0,0,0,0.0,0.0,0.0,0.0,0.0,0.0,1.0,0.0,0.0,1621
836,16,0,10.56,76,4.63,10000.0,6.51,1.4,0.0,61240.0,0,0,0.0,0.0,0.0,0.0,0.0,0.0,1.0,0.0,0.0,7053
837,8,4,18.35,49,5.14,10000.0,7.46,0.0,0.0,60992.0,0,0,0.0,0.0,0.0,0.0,0.0,0.0,0.0,0.0,0.0,10837
838,6,0,6.83,23,3.09,10000.0,-11.47,0.0,0.0,61062.0,0,0,0.0,0.0,0.0,0.0,0.0,0.0,0.0,0.0,0.0,2745
839,21,3,-4.98,82,1.65,9150.339366515836,-7.28,0.0,0.0,61317.0,0,0,0.0,0.0,0.0,0.0,0.0,0.0,0.0,0.0,0.0,2400
840,21,4,4.46,94,2.06,9000.0,3.58,0.0,0.0,60837.0,0,0,1.0,0.0,0.0,0.0,0.0,0.0,0.0,0.0,0.0,5821
841,1,4,8.22,57,1.54,10000.0,0.21,0.0,0.0,60817.0,0,0,0.0,0.0,0.0,0.0,0.0,0.0,0.0,0.0,0.0,1475
842,13,0,-0.31,47,2.57,10000.0,-9.16,0.0,0.0,61069.0,0,0,0.0,0.0,0.0,0.0,0.0,0.0,0.0,0.0,0.0,4091
843,4,3,2.12,75,3.6,10000.0,-1.63,0.0,0.0,61300.0,0,0,1.0,0.0,0.0,0.0,0.0,0.0,0.0,0.0,0.0,157
844,6,0,17.72,51,6.17,10000.0,7.47,0.0,0.0,60726.0,0,0,1.0,0.0,0.0,0.0,0.0,0.0,0.0,0.0,0.0,3513
845,17,2,-1.51,100,1.03,600.0,-1.51,0.0,0.16,61289.0,0,0,0.0,0.0,0.0,0.0,0.0,0.0,0.0,1.0,0.0,2171
846,18,0,-1.53,69,1.03,10000.0,-5.91,0.0,0.0,61074.0,0,0,0.0,0.0,0.0,0.0,0.0,0.0,0.0,0.0,0.0,10081
847,8,2,0.33,74,3.09,10000.0,-3.32,0.0,0.0,61280.0,0,0,1.0,0.0,0.0,0.0,0.0,0.0,0.0,0.0,0.0,2233
848,1,5,18.09,55,5.14,10000.0,8.92,0.0,0.0,60673.0,1,0,0.0,0.0,0.0,0.0,0.0,0.0,0.0,0.0,0.0,2535
849,22,5,0.36,100,1.03,300.0,0.36,0.0,0.0,61366.0,1,0,0.0,0.0,0.0,1.0,0.0,0.0,0.0,0.0,0.0,2009
850,2,2,1.27,100,1.54,10000.0,1.27,0.0,0.0,61274.0,0,0,0.0,0.0,0.0,0.0,0.0,0.0,0.0,1.0,0.0,135
851,12,4,0.76,100,1.54,10000.0,0.76,0.0,0.0,61332.0,0,0,0.0,0.0,0.0,0.0,0.0,0.0,0.0,0.0,0.0,3224
852,17,6,8.25,100,1.03,6000.0,8.25,0.0,0.0,60881.0,1,0,0.0,0.0,0.0,0.0,0.0,0.0,0.0,0.0,0.0,8625
853,2,5,3.23,70,1.54,10000.0,-1.51,0.0,0.0,61346.0,1,0,1.0,0.0,0.0,0.0,0.0,0.0,0.0,0.0,0.0,1104
854,0,3,7.3,100,2.06,5000.0,7.3,0.0,0.0,61128.0,0,0,0.0,0.0,0.0,0.0,0.0,1.0,0.0,0.0,0.0,1997
855,19,1,2.59,93,0.51,10000.0,1.57,0.0,0.0,60763.0,0,0,0.0,0.0,0.0,0.0,0.0,0.0,0.0,0.0,0.0,8104
856,0,5,2.14,65,2.06,10000.0,-3.32,0.0,0.0,61176.0,1,0,0.0,0.0,0.0,0.0,0.0,0.0,0.0,0.0,0.0,2430
857,5,5,5.54,81,3.6,10000.0,2.54,0.0,0.0,61349.0,1,0,0.0,0.0,0.0,0.0,0.0,0.0,0.0,0.0,0.0,640
858,17,5,1.17,100,1.54,10000.0,1.17,0.0,0.0,61193.0,1,0,0.0,0.0,0.0,0.0,0.0,0.0,0.0,0.0,0.0,6421
859,11,6,11.57,100,1.03,10000.0,11.57,0.0,0.0,60875.0,1,0,0.0,0.0,0.0,0.0,0.0,0.0,0.0,0.0,0.0,5440
860,15,1,7.39,100,1.54,6000.0,7.39,0.0,0.0,60927.0,0,0,0.0,0.0,0.0,0.0,0.0,0.0,0.0,0.0,0.0,6349
861,18,4,-0.61,74,1.54,10000.0,-4.2,0.0,0.0,61170.0,0,0,0.0,0.0,0.0,0.0,0.0,0.0,0.0,0.0,0.0,10553
862,1,2,8.15,57,2.41,9150.339366515836,0.15,0.0,0.0,60769.0,0,0,0.0,0.0,0.0,0.0,0.0,0.0,0.0,0.0,0.0,1305
863,1,4,13.87,94,2.06,8000.0,12.92,0.0,0.0,60649.0,0,0,1.0,0.0,0.0,0.0,0.0,0.0,0.0,0.0,0.0,1932
864,6,2,1.55,100,1.03,10000.0,1.55,0.0,0.0,61278.0,0,0,1.0,0.0,0.0,0.0,0.0,0.0,0.0,0.0,0.0,317
865,14,6,16.61,100,3.09,10000.0,16.61,0.1,0.0,60710.0,1,0,0.0,0.0,0.0,0.0,0.0,0.0,1.0,0.0,0.0,8899
866,5,0,6.41,20,3.09,10000.0,-13.34,0.0,0.0,61061.0,0,0,0.0,0.0,0.0,0.0,0.0,0.0,0.0,0.0,0.0,1295
867,0,2,3.58,80,1.11,9150.339366515836,0.46,0.0,0.0,61104.0,0,0,1.0,0.0,0.0,0.0,0.0,0.0,0.0,0.0,0.0,1877
868,20,1,1.71,100,1.03,10000.0,1.71,0.0,0.0,60764.0,0,0,0.0,0.0,0.0,0.0,0.0,0.0,0.0,0.0,0.0,6289
869,11,4,14.3,88,1.03,10000.0,12.34,0.0,0.0,60659.0,0,0,0.0,0.0,0.0,0.0,0.0,0.0,0.0,0.0,0.0,5782
870,21,6,15.39,100,1.03,10000.0,15.39,0.0,0.0,60717.0,1,0,1.0,0.0,0.0,0.0,0.0,0.0,0.0,0.0,0.0,5059
871,11,0,12.41,100,2.06,7000.0,12.41,0.0,0.0,60899.0,0,0,1.0,0.0,0.0,0.0,0.0,0.0,0.0,0.0,0.0,5203
872,4,2,9.43,46,2.06,10000.0,-1.41,0.0,0.0,61108.0,0,0,1.0,0.0,0.0,0.0,0.0,0.0,0.0,0.0,0.0,581
873,3,2,9.0,43,2.06,10000.0,-2.57,0.0,0.0,61107.0,0,0,1.0,0.0,0.0,0.0,0.0,0.0,0.0,0.0,0.0,707
874,11,2,6.0,49,3.6,10000.0,-3.45,0.0,0.0,60779.0,0,0,0.0,0.0,0.0,0.0,0.0,0.0,0.0,0.0,0.0,4706
875,9,6,6.34,36,6.17,10000.0,-6.78,0.0,0.0,61041.0,1,0,0.0,0.0,0.0,0.0,0.0,0.0,0.0,0.0,0.0,3327
876,7,4,2.62,65,1.03,10000.0,-2.91,0.0,0.0,61327.0,0,0,1.0,0.0,0.0,0.0,0.0,0.0,0.0,0.0,0.0,4040
877,7,3,16.04,65,2.06,10000.0,9.47,0.0,0.0,60967.0,0,0,0.0,0.0,0.0,0.0,0.0,0.0,1.0,0.0,0.0,7457
878,10,0,11.82,54,4.63,10000.0,2.82,0.0,0.0,60730.0,0,0,0.0,0.0,0.0,0.0,0.0,0.0,0.0,0.0,0.0,4658
879,22,5,0.5,100,1.03,10000.0,0.5,0.0,0.0,61198.0,1,0,0.0,0.0,0.0,0.0,0.0,0.0,0.0,0.0,0.0,3186
880,6,4,3.86,56,2.57,10000.0,-3.64,0.0,0.0,61830.0,0,0,1.0,0.0,0.0,0.0,0.0,0.0,0.0,0.0,0.0,2089
881,22,1,-1.85,83,1.68,9150.339366515836,-4.06,0.0,0.0,61438.0,0,0,0.0,0.0,0.0,0.0,0.0,0.0,0.0,0.0,0.0,3250
882,22,0,-6.98,80,1.54,10000.0,-9.53,0.0,0.0,61918.0,0,0,0.0,0.0,0.0,0.0,0.0,0.0,0.0,0.0,0.0,2547
883,4,3,3.42,22,2.57,10000.0,-14.58,0.0,0.0,61636.0,0,0,0.0,0.0,0.0,0.0,0.0,0.0,0.0,0.0,0.0,520
884,4,6,-0.52,33,4.63,10000.0,-13.3,0.0,0.0,61876.0,1,0,0.0,0.0,0.0,0.0,0.0,0.0,0.0,0.0,0.0,319
885,7,6,0.93,36,2.57,10000.0,-11.11,0.0,0.0,61879.0,1,0,0.0,0.0,0.0,0.0,0.0,0.0,0.0,0.0,0.0,673
886,22,3,-3.06,64,1.54,10000.0,-8.25,0.0,0.0,61822.0,0,0,1.0,0.0,0.0,0.0,0.0,0.0,0.0,0.0,0.0,2735
887,20,2,-2.41,100,0.51,10000.0,-2.41,0.0,0.0,61460.0,0,0,0.0,0.0,0.0,0.0,0.0,0.0,0.0,0.0,0.0,4217
888,9,3,1.1,37,1.54,10000.0,-10.67,0.0,0.0,61641.0,0,0,0.0,0.0,0.0,0.0,0.0,0.0,0.0,0.0,0.0,4579
889,7,0,5.47,44,4.63,10000.0,-5.15,0.0,0.0,61903.0,0,0,1.0,0.0,0.0,0.0,0.0,0.0,0.0,0.0,0.0,4574
890,1,6,-4.59,44,5.14,10000.0,-13.89,0.0,0.0,61873.0,1,0,0.0,0.0,0.0,0.0,0.0,0.0,0.0,0.0,0.0,937
891,22,5,-4.48,68,2.57,10000.0,-8.93,0.0,0.0,61534.0,1,0,0.0,0.0,0.0,0.0,0.0,0.0,0.0,0.0,0.0,2177
892,0,4,-0.84,53,1.03,10000.0,-8.29,0.0,0.0,61656.0,0,0,1.0,0.0,0.0,0.0,0.0,0.0,0.0,0.0,0.0,1676
893,10,0,-0.14,55,1.03,10000.0,-7.2,0.0,0.0,61906.0,0,0,0.0,0.0,0.0,0.0,0.0,0.0,0.0,0.0,0.0,2310
894,1,2,-0.94,67,1.03,10000.0,-5.68,0.0,0.0,61945.0,0,1,0.0,0.0,0.0,0.0,0.0,0.0,0.0,0.0,0.0,1063
895,12,0,-1.51,69,3.09,10000.0,-5.89,0.0,0.0,61908.0,0,0,0.0,0.0,0.0,0.0,0.0,0.0,0.0,0.0,0.0,2952
896,15,4,-4.45,57,4.12,10000.0,-10.89,0.0,0.0,62007.0,0,0,1.0,0.0,0.0,0.0,0.0,0.0,0.0,0.0,0.0,3388
897,3,2,4.88,36,2.57,10000.0,-7.94,0.0,0.0,61443.0,0,0,0.0,0.0,0.0,0.0,0.0,0.0,0.0,0.0,0.0,564
898,23,4,-4.63,61,3.09,10000.0,-10.3,0.0,0.0,61679.0,0,0,0.0,0.0,0.0,0.0,0.0,0.0,0.0,0.0,0.0,1925
899,5,3,2.2,34,1.54,10000.0,-10.73,0.0,0.0,61805.0,0,0,0.0,0.0,0.0,0.0,0.0,0.0,0.0,0.0,0.0,966
900,4,6,2.48,29,4.12,10000.0,-12.28,0.0,0.0,61540.0,1,0,0.0,0.0,0.0,0.0,0.0,0.0,0.0,0.0,0.0,427
901,3,4,1.76,44,1.03,10000.0,-8.17,0.0,0.0,61827.0,0,0,1.0,0.0,0.0,0.0,0.0,0.0,0.0,0.0,0.0,604
902,18,4,-3.94,55,3.09,10000.0,-10.81,0.0,0.0,61674.0,0,0,0.0,0.0,0.0,0.0,0.0,0.0,0.0,0.0,0.0,7212
903,5,1,2.85,30,3.09,10000.0,-11.61,0.0,0.0,61925.0,0,0,0.0,0.0,0.0,0.0,0.0,0.0,0.0,0.0,0.0,948
904,8,5,1.32,56,3.6,10000.0,-5.76,0.0,0.0,61520.0,1,0,1.0,0.0,0.0,0.0,0.0,0.0,0.0,0.0,0.0,2665
905,13,4,-2.66,64,6.69,10000.0,-7.87,0.0,0.0,62005.0,0,0,0.0,0.0,0.0,0.0,0.0,0.0,0.0,1.0,0.0,3056
906,17,4,-3.46,55,2.06,10000.0,-10.35,0.0,0.0,61673.0,0,0,0.0,0.0,0.0,0.0,0.0,0.0,0.0,0.0,0.0,6515
907,4,5,0.08,69,6.17,5000.0,-4.36,0.0,0.0,61852.0,1,0,0.0,0.0,0.0,0.0,0.0,1.0,0.0,0.0,0.0,297
908,6,1,6.68,43,4.63,10000.0,-4.44,0.0,0.0,61590.0,0,0,0.0,0.0,0.0,0.0,0.0,0.0,0.0,0.0,0.0,2380
909,5,4,3.55,52,3.09,10000.0,-4.77,0.0,0.0,61829.0,0,0,0.0,0.0,0.0,0.0,0.0,0.0,0.0,0.0,0.0,983
910,15,3,1.99,76,3.09,10000.0,-1.58,0.0,0.0,61479.0,0,0,0.0,0.0,0.0,0.0,0.0,0.0,0.0,1.0,0.0,4097
911,11,1,1.0,60,2.57,10000.0,-5.22,0.0,0.0,61595.0,0,0,0.0,0.0,0.0,0.0,0.0,0.0,0.0,0.0,0.0,3472
912,1,0,9.53,93,2.06,8000.0,8.46,0.14,0.0,61393.0,0,0,0.0,0.0,0.0,0.0,0.0,0.0,1.0,0.0,0.0,675
913,5,1,3.38,25,4.63,10000.0,-13.21,0.0,0.0,62093.0,0,0,0.0,0.0,0.0,0.0,0.0,0.0,0.0,0.0,0.0,825
914,18,3,-5.91,46,2.57,10000.0,-14.63,0.0,0.0,61986.0,0,0,0.0,0.0,0.0,0.0,0.0,0.0,0.0,0.0,0.0,6017
915,19,3,1.09,63,3.09,10000.0,-4.57,0.0,0.0,61483.0,0,0,0.0,0.0,0.0,0.0,0.0,0.0,0.0,0.0,0.0,4027
916,19,4,0.49,97,4.63,5000.0,0.07,0.0,0.48,61843.0,0,0,0.0,0.0,0.0,0.0,0.0,0.0,0.0,1.0,0.0,4292
917,13,1,-3.09,67,1.03,10000.0,-7.76,0.0,0.0,61933.0,0,0,0.0,0.0,0.0,0.0,0.0,0.0,0.0,0.0,0.0,3272
918,2,2,1.19,60,1.54,10000.0,-5.06,0.0,0.0,61946.0,0,1,1.0,0.0,0.0,0.0,0.0,0.0,0.0,0.0,0.0,822
919,15,0,-2.18,62,1.03,10000.0,-7.77,0.0,0.0,61743.0,0,0,0.0,0.0,0.0,0.0,0.0,0.0,0.0,0.0,0.0,2623
920,9,2,3.38,70,2.57,10000.0,-1.38,0.0,0.0,61953.0,0,1,1.0,0.0,0.0,0.0,0.0,0.0,0.0,0.0,0.0,1757
921,3,4,4.51,39,6.69,10000.0,-7.32,0.0,0.0,61491.0,0,0,0.0,0.0,0.0,0.0,0.0,0.0,0.0,0.0,0.0,632
922,10,0,-0.14,55,1.03,10000.0,-7.2,0.0,0.0,61906.0,0,0,0.0,0.0,0.0,0.0,0.0,0.0,0.0,0.0,0.0,2310
923,8,3,2.03,32,2.06,10000.0,-11.54,0.0,0.0,61640.0,0,0,0.0,0.0,0.0,0.0,0.0,0.0,0.0,0.0,0.0,8582
924,1,0,-0.51,55,1.03,10000.0,-7.55,0.0,0.0,61729.0,0,0,1.0,0.0,0.0,0.0,0.0,0.0,0.0,0.0,0.0,731
925,22,1,-7.36,68,1.54,10000.0,-11.72,0.0,0.0,61774.0,0,0,0.0,0.0,0.0,0.0,0.0,0.0,0.0,0.0,0.0,2575
926,16,6,-3.59,58,1.03,10000.0,-9.88,0.0,0.0,61720.0,1,0,0.0,0.0,0.0,0.0,0.0,0.0,0.0,0.0,0.0,3471
927,19,0,-1.47,69,4.12,10000.0,-5.85,0.0,0.0,61411.0,0,0,0.0,0.0,0.0,0.0,0.0,0.0,0.0,0.0,0.0,6241
928,19,3,-1.72,50,0.51,10000.0,-9.78,0.0,0.0,61651.0,0,0,1.0,0.0,0.0,0.0,0.0,0.0,0.0,0.0,0.0,5042
929,8,1,1.03,43,4.12,10000.0,-9.03,0.0,0.0,61760.0,0,0,1.0,0.0,0.0,0.0,0.0,0.0,0.0,0.0,0.0,8098
930,18,2,-0.74,75,1.77,9150.339366515836,-4.17,0.0,0.0,61458.0,0,0,0.0,0.0,0.0,0.0,0.0,0.0,0.0,0.0,0.0,8711
931,4,6,2.48,29,4.12,10000.0,-12.28,0.0,0.0,61540.0,1,0,0.0,0.0,0.0,0.0,0.0,0.0,0.0,0.0,0.0,427
932,20,6,-5.58,81,1.03,10000.0,-8.01,0.0,0.0,61724.0,1,0,0.0,0.0,0.0,0.0,0.0,0.0,0.0,0.0,0.0,2010
933,3,2,-2.19,39,4.12,10000.0,-12.99,0.0,0.0,61779.0,0,0,0.0,0.0,0.0,0.0,0.0,0.0,0.0,0.0,0.0,517
934,21,1,-2.12,100,1.03,10000.0,-2.12,0.0,0.0,61437.0,0,0,0.0,0.0,0.0,0.0,0.0,0.0,0.0,0.0,0.0,3905
935,8,1,2.45,41,2.57,10000.0,-8.41,0.0,0.0,61424.0,0,0,0.0,0.0,0.0,0.0,0.0,0.0,0.0,0.0,0.0,8850
936,3,0,1.88,44,1.54,10000.0,-8.07,0.0,0.0,61899.0,0,0,1.0,0.0,0.0,0.0,0.0,0.0,0.0,0.0,0.0,348
937,19,4,-3.61,68,0.51,10000.0,-8.09,0.0,0.0,61507.0,0,0,0.0,0.0,0.0,0.0,0.0,0.0,0.0,0.0,0.0,4963
938,15,1,-0.08,65,1.03,10000.0,-5.21,0.0,0.0,61599.0,0,0,0.0,0.0,0.0,0.0,0.0,0.0,0.0,0.0,0.0,3947
939,17,1,-2.99,76,0.51,10000.0,-6.21,0.0,0.0,61937.0,0,0,0.0,0.0,0.0,0.0,0.0,0.0,0.0,0.0,0.0,6142
940,7,4,3.89,59,3.09,10000.0,-2.99,0.0,0.0,61831.0,0,0,0.0,0.0,0.0,0.0,0.0,0.0,0.0,0.0,0.0,5029
941,20,0,-4.69,93,1.03,5000.0,-5.54,0.0,0.0,61580.0,0,0,0.0,0.0,0.0,0.0,0.0,1.0,0.0,0.0,0.0,4215
942,23,4,0.43,93,4.12,3500.0,-0.5,0.0,0.0,61847.0,0,0,0.0,0.0,0.0,0.0,0.0,1.0,0.0,0.0,0.0,876
943,17,5,-3.27,72,0.51,10000.0,-7.11,0.0,0.0,62033.0,1,0,1.0,0.0,0.0,0.0,0.0,0.0,0.0,0.0,0.0,3074
944,13,0,0.77,80,0.51,10000.0,-2.02,0.0,0.0,61573.0,0,0,0.0,0.0,0.0,0.0,0.0,0.0,0.0,0.0,0.0,3426
945,3,3,2.39,30,2.06,10000.0,-11.98,0.0,0.0,61635.0,0,0,0.0,0.0,0.0,0.0,0.0,0.0,0.0,0.0,0.0,587
946,3,2,4.88,36,2.57,10000.0,-7.94,0.0,0.0,61443.0,0,0,0.0,0.0,0.0,0.0,0.0,0.0,0.0,0.0,0.0,564
947,9,2,2.61,60,2.57,10000.0,-3.87,0.0,0.0,61449.0,0,0,0.0,0.0,0.0,0.0,0.0,0.0,0.0,0.0,0.0,4511
948,10,1,1.79,58,2.06,10000.0,-4.95,0.0,0.0,61594.0,0,0,0.0,0.0,0.0,0.0,0.0,0.0,0.0,0.0,0.0,3069
949,23,1,-7.43,67,2.06,10000.0,-11.95,0.0,0.0,61775.0,0,0,0.0,0.0,0.0,0.0,0.0,0.0,0.0,0.0,0.0,1613
950,10,5,-1.46,55,1.03,10000.0,-8.45,0.0,0.0,61690.0,1,0,0.0,0.0,0.0,0.0,0.0,0.0,0.0,0.0,0.0,3110
951,0,3,-0.22,86,0.51,10000.0,-2.04,0.0,0.0,61464.0,0,0,0.0,0.0,0.0,0.0,0.0,0.0,0.0,0.0,0.0,1725
952,22,6,-4.66,85,1.03,10000.0,-6.55,0.0,0.0,61726.0,1,0,0.0,0.0,0.0,0.0,0.0,0.0,0.0,0.0,0.0,1604
953,22,5,-1.75,90,1.03,10000.0,-3.01,0.0,0.0,61702.0,1,0,0.0,0.0,0.0,0.0,0.0,0.0,0.0,0.0,0.0,1982
954,9,6,0.19,29,1.54,10000.0,-14.09,0.0,0.0,61545.0,1,0,0.0,0.0,0.0,0.0,0.0,0.0,0.0,0.0,0.0,2095
955,5,6,0.65,32,3.6,10000.0,-12.64,0.0,0.0,61877.0,1,0,0.0,0.0,0.0,0.0,0.0,0.0,0.0,0.0,0.0,328
956,5,0,9.6,47,6.17,10000.0,-1.02,0.0,0.0,62069.0,0,0,1.0,0.0,0.0,0.0,0.0,0.0,0.0,0.0,0.0,905
957,2,5,1.72,48,4.12,10000.0,-7.21,0.0,0.0,61514.0,1,0,0.0,0.0,0.0,0.0,0.0,0.0,0.0,0.0,0.0,1197
958,15,0,-2.01,93,1.03,9000.0,-2.88,0.0,0.0,61575.0,0,0,0.0,0.0,0.0,0.0,0.0,0.0,0.0,0.0,0.0,4214
959,18,2,-7.84,66,1.54,10000.0,-12.51,0.0,0.0,61794.0,0,0,0.0,0.0,0.0,0.0,0.0,0.0,0.0,0.0,0.0,6552
