datetime,dt,sunrise,sunset,temp,feels_like,pressure,humidity,dew_point,uvi,clouds,visibility,wind_speed,wind_deg,rain,snow,weather,isHoliday
2025-01-13,1736773200,1736721978,1736757275,1.83,-0.95,1024,90,0.37,,75,1800.0,2.6,180,0.0,0.0,Rain,False
2025-01-29,1738162800,1738190254,1738227175,-5.28,-9.4,1028,59,-11.3,,0,10000.0,2.6,270,0.0,0.0,Clear,True
2025-01-23,1737633600,1737585734,1737621908,-2.21,-2.21,1026,68,-6.74,,0,10000.0,1.03,300,0.0,0.0,Clear,False
2025-01-31,1738281600,1738276607,1738313643,-3.22,-6.34,1029,92,-4.2,,100,4000.0,2.1,20,0.0,0.27,Snow,False
2025-01-28,1738094400,1738103899,1738140708,-5.14,-9.78,1023,79,-7.87,,40,3300.0,3.1,300,0.0,0.0,Snow,True
2025-01-04,1736002800,1736030831,1736065628,-3.22,-5.5,1025,73,-6.9,,20,10000.0,1.54,180,0.0,0.0,Clouds,False
2025-01-18,1737219600,1737240254,1737276048,-4.22,-6.64,1021,85,-6.12,,75,10000.0,1.54,80,0.0,0.0,Clouds,False
2025-01-23,1737637200,1737585734,1737621908,-3.22,-6.34,1026,73,-6.9,,0,10000.0,2.1,300,0.0,0.0,Clear,False
2025-01-29,1738112400,1738103899,1738140708,-5.07,-9.15,1026,73,-8.7,,40,10000.0,2.6,270,0.0,0.0,Snow,True
2025-01-09,1736391600,1736376420,1736411443,-7.77,-14.77,1026,33,-19.89,,0,4200.0,8.23,310,0.0,0.0,Clear,False
2025-01-24,1737756000,1737758463,1737794840,-5.21,-7.77,1029,92,-6.18,,0,10000.0,1.54,310,0.0,0.0,Clear,False
2025-01-18,1737230400,1737240254,1737276048,0.53,-2.95,1020,58,-6.01,,75,10000.0,3.1,70,0.0,0.0,Clouds,False
2025-01-22,1737568800,1737585734,1737621908,-5.22,-5.22,1026,100,-5.22,,0,3000.0,1.03,210,0.0,0.0,Mist,False
2025-01-14,1736812800,1736808362,1736843736,1.43,-0.79,1024,96,0.86,,40,1200.0,2.0,20,0.0,0.0,Mist,False
2025-01-01,1735711200,1735685210,1735719833,8.73,5.74,1021,51,-0.74,,20,1400.0,5.7,260,0.0,0.0,Clouds,True
2025-01-06,1736175600,1736203630,1736238533,-2.78,-7.38,1020,62,-8.35,,0,2810.0,3.6,300,0.0,0.0,Clear,False
2025-01-02,1735779600,1735771619,1735806280,0.02,-2.55,1027,56,-6.84,,20,2420.0,2.1,330,0.0,0.0,Clouds,False
2025-01-30,1738270800,1738276607,1738313643,-2.28,-6.33,1028,73,-5.99,,75,10000.0,3.1,360,0.0,0.0,Snow,True
2025-01-08,1736362800,1736376420,1736411443,-8.47,-15.47,1025,34,-20.21,,0,4660.0,5.7,310,0.0,0.0,Clear,False
2025-01-08,1736370000,1736376420,1736411443,-9.27,-16.27,1025,37,-20.07,,0,4920.0,6.2,320,0.0,0.0,Clear,False
2025-01-20,1737352800,1737326627,1737362512,4.79,1.84,1016,60,-2.04,,75,5000.0,3.6,210,0.0,0.0,Haze,False
2025-01-30,1738231200,1738190254,1738227175,-1.57,-4.41,1029,35,-13.61,,75,10000.0,2.1,300,0.0,0.0,Clouds,True
2025-01-24,1737676800,1737672099,1737708374,-1.77,-4.52,1028,64,-7.01,,0,10000.0,2.0,20,0.0,0.0,Clear,False
2025-01-31,1738285200,1738276607,1738313643,-1.68,-5.12,1029,84,-3.75,,75,7000.0,2.6,50,0.0,0.0,Snow,False
2025-01-05,1736042400,1736030831,1736065628,0.73,-2.26,1021,94,-0.11,,100,270.0,2.6,160,0.0,0.0,Snow,False
2025-01-13,1736787600,1736808362,1736843736,2.02,-1.16,1024,92,0.86,,100,2500.0,3.1,210,0.0,0.0,Mist,False
2025-01-16,1736985600,1736981125,1737016659,-2.27,-6.32,1026,56,-9.02,,75,10000.0,3.1,140,0.0,0.0,Clouds,False
2025-01-26,1737914400,1737931184,1737967774,1.78,-1.01,1017,93,0.77,,100,10000.0,2.6,160,0.0,0.43,Rain,False
2025-01-06,1736143200,1736117232,1736152080,2.73,-1.85,1016,63,-3.19,,20,480.0,5.7,310,0.0,0.0,Haze,False
2025-01-26,1737921600,1737931184,1737967774,2.94,0.86,1015,88,1.15,,40,10000.0,2.1,90,0.48,0.0,Rain,False
2025-01-31,1738339200,1738362959,1738400110,0.61,-1.12,1026,91,-0.61,,100,6000.0,1.54,330,0.0,0.0,Mist,False
2025-01-15,1736935200,1736894744,1736930197,-2.98,-7.62,1030,40,-13.44,,0,10000.0,3.6,290,0.0,0.0,Clear,False
2025-01-03,1735941600,1735944429,1735979177,-9.21,-9.21,1028,85,-11.04,,0,10000.0,1.03,40,0.0,0.0,Clear,False
2025-01-30,1738213200,1738190254,1738227175,-1.07,-4.4,1029,33,-13.8,,40,10000.0,2.6,200,0.0,0.0,Clouds,True
2025-01-23,1737594000,1737585734,1737621908,1.42,1.42,1027,66,-3.75,,0,10000.0,1.03,360,0.0,0.0,Mist,False
2025-01-13,1736805600,1736808362,1736843736,-2.21,-5.75,1024,100,-2.21,,40,3500.0,2.6,140,0.0,0.0,Mist,False
2025-01-25,1737820800,1737844824,1737881307,3.43,-0.13,1030,58,-3.58,,40,10000.0,4.1,50,0.0,0.0,Clouds,False
2025-01-14,1736845200,1736808362,1736843736,4.02,1.25,1025,56,-3.5,,20,10000.0,3.1,270,0.0,0.0,Clouds,False
2025-01-19,1737284400,1737240254,1737276048,2.78,2.78,1017,100,2.78,,75,8000.0,0.51,50,0.0,0.0,Clouds,False
2025-01-04,1735988400,1735944429,1735979177,-1.22,-5.06,1026,54,-8.44,,0,10000.0,3.1,140,0.0,0.0,Clear,False
2025-01-06,1736186400,1736203630,1736238533,-3.67,-9.26,1020,51,-11.4,,0,3040.0,4.63,290,0.0,0.0,Clear,False
2025-01-30,1738206000,1738190254,1738227175,-2.07,-5.58,1030,37,-13.45,,20,10000.0,2.6,340,0.0,0.0,Clouds,True
2025-01-13,1736755200,1736721978,1736757275,2.33,0.84,1024,87,0.39,,75,2400.0,1.54,170,0.0,0.0,Snow,False
2025-01-23,1737651600,1737672099,1737708374,-5.22,-5.22,1027,92,-6.19,,0,10000.0,1.03,360,0.0,0.0,Clear,False
2025-01-11,1736632800,1736635591,1736670816,-10.22,-10.22,1026,100,-10.22,,0,7000.0,1.03,320,0.0,0.0,Clear,False
2025-01-23,1737590400,1737585734,1737621908,-1.27,-3.2,1027,79,-4.08,,0,10000.0,1.5,50,0.0,0.0,Mist,False
2025-01-17,1737079200,1737067503,1737103121,0.14,-2.96,1029,65,-5.01,,0,9000.0,2.6,50,0.0,0.0,Haze,False
2025-01-11,1736578800,1736549203,1736584358,-0.37,-4.03,1028,38,-11.6,,0,10000.0,3.1,250,0.0,0.0,Clear,False
2025-01-07,1736262000,1736290026,1736324988,-5.22,-7.78,1020,73,-8.84,,20,10000.0,1.54,200,0.0,0.0,Clouds,False
2025-01-31,1738364400,1738362959,1738400110,-4.21,-7.5,1024,86,-5.97,,0,8000.0,2.1,330,0.0,0.0,Mist,False
2025-01-11,1736622000,1736635591,1736670816,-10.22,-10.22,1026,92,-11.15,,0,10000.0,1.03,320,0.0,0.0,Clear,False
2025-01-09,1736402400,1736376420,1736411443,-7.77,-14.77,1025,32,-20.21,,0,3210.0,9.3,320,0.0,0.0,Clear,False
2025-01-03,1735891200,1735858025,1735892728,0.78,-3.04,1025,59,-5.6,,20,10000.0,3.6,230,0.0,0.0,Clouds,False
2025-01-14,1736830800,1736808362,1736843736,4.93,2.01,1024,65,-0.96,,20,7000.0,3.6,330,0.0,0.0,Haze,False
2025-01-27,1737986400,1737931184,1737967774,-2.07,-7.91,1015,77,-5.16,,75,10000.0,5.7,280,0.0,0.0,Snow,True
2025-01-06,1736197200,1736203630,1736238533,-4.77,-9.33,1019,55,-11.6,,0,2650.0,3.1,350,0.0,0.0,Clear,False
2025-01-26,1737856800,1737844824,1737881307,5.83,3.43,1029,46,-4.33,,40,10000.0,3.1,50,0.0,0.0,Clouds,False
2025-01-21,1737468000,1737412998,1737448977,0.78,-3.41,1024,93,-0.19,,75,3500.0,4.12,130,0.0,0.0,Mist,False
2025-01-19,1737316800,1737326627,1737362512,0.78,0.78,1015,100,0.78,,75,5000.0,0.51,80,0.0,0.0,Mist,False
2025-01-21,1737442800,1737412998,1737448977,5.93,3.92,1022,65,-0.12,,20,3000.0,2.6,310,0.0,0.0,Haze,False
2025-01-08,1736362800,1736376420,1736411443,-8.47,-15.47,1025,34,-20.21,,0,4660.0,5.7,310,0.0,0.0,Clear,False
2025-01-13,1736733600,1736721978,1736757275,-0.56,-4.67,1027,67,-5.32,,40,10000.0,3.6,150,0.0,0.0,Clouds,False
2025-01-07,1736265600,1736290026,1736324988,-7.21,-7.21,1020,85,-9.07,,20,10000.0,1.03,190,0.0,0.0,Clouds,False
2025-01-26,1737878400,1737844824,1737881307,6.63,4.4,1023,41,-5.03,,0,10000.0,3.1,150,0.0,0.0,Clear,False
2025-01-03,1735869600,1735858025,1735892728,0.23,0.23,1028,34,-12.31,,20,3780.0,1.03,250,0.0,0.0,Clouds,False
2025-01-09,1736460000,1736462813,1736497900,-13.22,-13.22,1034,60,-18.71,,0,10000.0,0.51,60,0.0,0.0,Clear,False
2025-01-15,1736960400,1736981125,1737016659,-5.22,-7.78,1028,67,-9.82,,75,10000.0,1.54,160,0.0,0.0,Clouds,False
2025-01-31,1738310400,1738276607,1738313643,0.13,-2.97,1026,91,-1.03,,100,5000.0,2.6,50,0.0,0.21,Snow,False
2025-01-25,1737770400,1737758463,1737794840,8.02,6.07,1031,50,-1.56,,0,10000.0,3.1,50,0.0,0.0,Clear,False
2025-01-31,1738342800,1738362959,1738400110,-2.21,-4.34,1025,100,-2.21,,0,6000.0,1.54,340,0.0,0.0,Mist,False
2025-01-20,1737406800,1737412998,1737448977,-7.21,-10.06,1021,100,-7.21,,75,500.0,1.54,210,0.0,0.0,Fog,False
2025-01-13,1736726400,1736721978,1736757275,-3.17,-6.89,1027,75,-6.54,,75,10000.0,2.6,150,0.0,0.0,Snow,False
2025-01-25,1737810000,1737758463,1737794840,4.63,0.81,1030,53,-3.65,,0,10000.0,5.14,80,0.0,0.0,Clear,False
2025-01-15,1736946000,1736894744,1736930197,-4.28,-8.21,1030,42,-14.11,,0,10000.0,2.6,330,0.0,0.0,Clear,False
2025-01-09,1736395200,1736376420,1736411443,-8.26,-15.26,1025,35,-19.72,,0,4520.0,7.2,300,0.0,0.0,Clear,False
2025-01-05,1736107200,1736117232,1736152080,2.42,-0.06,1016,95,1.7,,100,160.0,2.4,356,0.0,0.0,Rain,False
2025-01-17,1737097200,1737067503,1737103121,5.23,3.09,1027,36,-7.66,,0,10000.0,2.6,290,0.0,0.0,Haze,False
2025-01-15,1736935200,1736894744,1736930197,-2.98,-7.62,1030,40,-13.44,,0,10000.0,3.6,290,0.0,0.0,Clear,False
2025-01-18,1737180000,1737153880,1737189584,6.93,5.52,1023,30,-8.4,,40,10000.0,2.1,300,0.0,0.0,Clouds,False
2025-01-10,1736524800,1736549203,1736584358,-6.19,-9.81,1032,65,-11.09,,0,2540.0,2.1,350,0.0,0.0,Clear,False
2025-02-27,1740628800,1740607612,1740648191,11.73,9.38,1023,16,-11.84,,0,10000.0,2.1,200,0.0,0.0,Clear,False
2025-02-06,1738872000,1738881034,1738918913,-5.27,-11.25,1017,66,-10.03,,40,10000.0,4.63,340,0.0,0.0,Snow,False
2025-02-11,1739282400,1739226389,1739264779,-3.21,-5.49,1024,86,-4.99,,0,10000.0,1.54,290,0.0,0.0,Clear,False
2025-02-10,1739210400,1739226389,1739264779,-7.22,-10.07,1030,100,-7.22,,0,8000.0,1.54,330,0.0,0.0,Clear,False
2025-02-07,1738969200,1738967375,1739005380,-11.17,-17.04,1029,57,-17.3,,0,10000.0,3.1,270,0.0,0.0,Clear,False
2025-02-13,1739458800,1739485391,1739524175,0.73,-2.26,1023,72,-3.3,,0,10000.0,2.6,230,0.0,0.0,Clear,False
2025-02-25,1740506400,1740521294,1740561730,3.43,0.54,1024,87,1.47,,40,4600.0,3.1,260,0.0,0.0,Mist,False
2025-02-01,1738429200,1738449308,1738486577,-4.21,-7.5,1021,86,-5.97,,0,8000.0,2.1,330,0.0,0.0,Mist,False
2025-02-19,1739937600,1739917036,1739956496,-0.56,-6.26,1029,37,-12.07,,0,10000.0,6.2,330,0.0,0.0,Clear,False
2025-02-11,1739304000,1739312724,1739351244,-0.21,-3.84,1021,92,-1.22,,100,1600.0,3.1,140,0.0,0.3,Snow,False
2025-02-04,1738641600,1738622003,1738659512,-6.46,-13.46,1020,41,-16.39,,0,10000.0,5.7,270,0.0,0.0,Clear,False
2025-02-25,1740441600,1740434974,1740475269,-0.66,-4.8,1030,79,-3.48,,0,10000.0,3.6,190,0.0,0.0,Clear,False
2025-02-16,1739703600,1739658052,1739697104,5.52,1.92,1016,84,3.04,,20,2800.0,5.14,300,0.0,0.0,Mist,False
2025-02-20,1740070800,1740089686,1740129422,-5.57,-8.18,1031,54,-12.56,,0,10000.0,1.54,240,0.0,0.0,Clear,False
2025-02-17,1739782800,1739744381,1739783569,1.22,-3.76,1024,37,-10.57,,0,10000.0,5.7,280,0.0,0.0,Clear,False
2025-02-02,1738468800,1738449308,1738486577,5.44,2.96,1018,54,-2.76,,20,10000.0,3.1,290,0.0,0.0,Clouds,False
2025-02-12,1739365200,1739312724,1739351244,-1.87,-8.64,1020,58,-8.24,,0,10000.0,7.72,320,0.0,0.0,Clear,False
2025-02-28,1740783600,1740780248,1740821111,-0.22,-0.22,1020,100,-0.22,,75,2500.0,1.03,320,0.0,0.0,Fog,False
2025-02-13,1739408400,1739399058,1739437710,0.04,-2.53,1026,50,-8.13,,0,10000.0,2.1,180,0.0,0.0,Clear,False
2025-02-23,1740315600,1740262332,1740302347,-4.07,-10.1,1032,48,-12.44,,0,10000.0,5.14,300,0.0,0.0,Clear,False
2025-02-02,1738519200,1738535657,1738573045,-0.48,-5.6,1019,58,-6.91,,0,10000.0,5.14,320,0.0,0.0,Haze,False
2025-02-05,1738778400,1738794692,1738832446,-10.98,-10.98,1023,54,-17.69,,0,10000.0,1.03,140,0.0,0.0,Clear,False
2025-02-23,1740348000,1740348653,1740388808,-10.21,-10.21,1032,78,-12.97,,0,10000.0,0.51,340,0.0,0.0,Clear,False
2025-02-02,1738479600,1738449308,1738486577,6.42,3.28,1018,48,-3.35,,20,10000.0,4.63,270,0.0,0.0,Clouds,False
2025-02-26,1740610800,1740607612,1740648191,-4.22,-4.22,1025,79,-6.96,,0,10000.0,1.03,210,0.0,0.0,Clear,False
2025-02-06,1738872000,1738881034,1738918913,-5.27,-11.25,1017,66,-10.03,,40,10000.0,4.63,340,0.0,0.0,Snow,False
2025-02-05,1738713600,1738708349,1738745979,-10.27,-17.01,1020,54,-17.02,,75,10000.0,4.12,310,0.0,0.0,Clouds,False
2025-02-24,1740423600,1740434974,1740475269,-6.21,-8.91,1031,92,-7.17,,0,10000.0,1.54,130,0.0,0.0,Clear,False
2025-02-07,1738958400,1738967375,1739005380,-11.17,-17.6,1028,59,-16.93,,0,10000.0,3.6,320,0.0,0.0,Clear,False
2025-02-23,1740326400,1740348653,1740388808,-5.47,-8.07,1031,53,-12.67,,0,10000.0,1.54,260,0.0,0.0,Clear,False
2025-02-02,1738490400,1738449308,1738486577,2.42,-0.67,1018,55,-5.05,,40,10000.0,3.1,250,0.0,0.0,Clouds,False
2025-02-26,1740528000,1740521294,1740561730,1.93,-0.74,1026,88,0.16,,20,3100.0,2.5,270,0.0,0.0,Mist,False
2025-02-15,1739631600,1739658052,1739697104,-0.22,-0.22,1018,100,-0.22,,20,5000.0,1.03,160,0.0,0.0,Mist,False
2025-02-27,1740664800,1740607612,1740648191,-0.21,-0.21,1021,59,-6.46,,0,10000.0,0.51,350,0.0,0.0,Clear,False
2025-02-04,1738663200,1738622003,1738659512,-7.98,-13.72,1019,50,-15.68,,0,10000.0,3.6,270,0.0,0.0,Clear,False
2025-02-26,1740564000,1740521294,1740561730,4.62,1.98,1024,25,-12.25,,0,10000.0,3.1,240,0.0,0.0,Clear,False
2025-02-07,1738951200,1738967375,1739005380,-10.97,-17.87,1028,57,-17.11,,0,10000.0,4.12,290,0.0,0.0,Clear,False
2025-02-16,1739721600,1739744381,1739783569,0.13,-5.13,1020,46,-9.0,,0,10000.0,5.7,310,0.0,0.0,Clear,False
2025-02-05,1738785600,1738794692,1738832446,-13.22,-16.92,1023,78,-15.92,,0,10000.0,1.54,200,0.0,0.0,Clear,False
2025-02-12,1739386800,1739399058,1739437710,-4.07,-9.38,1024,52,-11.56,,0,10000.0,4.12,310,0.0,0.0,Clear,False
2025-02-12,1739336400,1739312724,1739351244,1.93,1.93,1013,88,0.16,,100,2900.0,1.03,130,0.16,0.0,Snow,False
2025-02-27,1740664800,1740607612,1740648191,-0.21,-0.21,1021,59,-6.46,,0,10000.0,0.51,350,0.0,0.0,Clear,False
2025-02-20,1740042000,1740003361,1740042959,-0.07,-5.08,1029,28,-14.68,,0,10000.0,5.14,320,0.0,0.0,Clear,False
2025-02-01,1738447200,1738449308,1738486577,-4.22,-4.22,1021,100,-4.22,,0,8000.0,1.03,340,0.0,0.0,Mist,False
2025-02-11,1739286000,1739312724,1739351244,-2.22,-4.35,1024,79,-5.01,,0,9000.0,1.54,320,0.0,0.0,Clear,False
2025-02-13,1739433600,1739399058,1739437710,5.43,2.62,1022,45,-4.92,,0,10000.0,3.6,240,0.0,0.0,Clear,False
2025-02-17,1739754000,1739744381,1739783569,0.34,-5.35,1025,31,-13.24,,0,10000.0,6.7,330,0.0,0.0,Clear,False
2025-02-09,1739113200,1739140052,1739178312,-8.21,-8.21,1027,85,-10.05,,0,10000.0,1.03,270,0.0,0.0,Clear,False
2025-02-16,1739746800,1739744381,1739783569,-1.56,-5.89,1025,42,-11.58,,0,10000.0,3.6,270,0.0,0.0,Clear,False
2025-02-23,1740283200,1740262332,1740302347,-1.16,-7.02,1031,34,-13.55,,20,10000.0,6.2,280,0.0,0.0,Clouds,False
2025-02-15,1739595600,1739571722,1739610640,7.03,4.88,1017,62,0.25,,20,9000.0,3.1,200,0.0,0.0,Haze,False
2025-02-23,1740326400,1740348653,1740388808,-5.47,-8.07,1031,53,-12.67,,0,10000.0,1.54,260,0.0,0.0,Clear,False
2025-02-22,1740265200,1740262332,1740302347,-5.96,-10.77,1033,58,-12.14,,0,10000.0,3.1,320,0.0,0.0,Clear,False
2025-02-24,1740409200,1740434974,1740475269,-5.21,-5.21,1032,92,-6.18,,0,10000.0,1.03,150,0.0,0.0,Clear,False
2025-02-22,1740265200,1740262332,1740302347,-5.96,-10.77,1033,58,-12.14,,0,10000.0,3.1,320,0.0,0.0,Clear,False
2025-02-09,1739070000,1739053714,1739091846,-2.06,-6.07,1029,47,-10.8,,0,10000.0,3.1,330,0.0,0.0,Clear,False
2025-02-18,1739898000,1739917036,1739956496,-5.17,-5.17,1028,53,-12.39,,0,10000.0,1.03,310,0.0,0.0,Clear,False
2025-02-15,1739595600,1739571722,1739610640,7.03,4.88,1017,62,0.25,,20,9000.0,3.1,200,0.0,0.0,Haze,False
2025-02-20,1740009600,1740003361,1740042959,-3.96,-8.36,1032,53,-11.24,,0,10000.0,3.1,300,0.0,0.0,Clear,False
2025-02-03,1738580400,1738535657,1738573045,-5.98,-12.98,1022,49,-14.01,,20,10000.0,6.2,310,0.0,0.0,Clouds,False
2025-02-10,1739196000,1739140052,1739178312,-6.21,-6.21,1029,92,-7.17,,0,10000.0,0.51,20,0.0,0.0,Clear,False
2025-02-07,1738933200,1738881034,1738918913,-10.37,-17.37,1027,54,-17.11,,0,10000.0,4.63,330,0.0,0.0,Clear,False
2025-02-16,1739671200,1739658052,1739697104,6.44,4.53,1016,74,2.15,,40,9000.0,2.6,180,0.0,0.0,Mist,False
2025-02-27,1740675600,1740693930,1740734651,0.78,0.78,1021,74,-2.94,,75,10000.0,1.03,300,0.0,0.0,Clouds,False
2025-02-27,1740643200,1740607612,1740648191,13.32,11.05,1020,13,-12.98,,40,10000.0,3.1,290,0.0,0.0,Clouds,False
2025-02-04,1738659600,1738622003,1738659512,-7.17,-13.98,1019,48,-15.35,,0,10000.0,5.14,320,0.0,0.0,Clear,False
2025-02-11,1739257200,1739226389,1739264779,6.93,5.52,1027,40,-5.08,,0,10000.0,2.1,320,0.0,0.0,Clear,False
2025-02-10,1739170800,1739140052,1739178312,2.63,-1.7,1026,47,-6.7,,20,10000.0,5.14,270,0.0,0.0,Clouds,False
2025-02-11,1739246400,1739226389,1739264779,4.63,2.38,1030,49,-4.57,,0,10000.0,2.6,150,0.0,0.0,Clear,False
2025-02-20,1740052800,1740003361,1740042959,-2.48,-8.96,1031,34,-14.75,,0,10000.0,6.7,310,0.0,0.0,Clear,False
2025-02-02,1738501200,1738449308,1738486577,1.93,-0.83,1018,76,-1.63,,40,8000.0,2.6,250,0.0,0.0,Clouds,False
2025-02-28,1740736800,1740693930,1740734651,4.79,3.02,1021,86,2.65,,0,10000.0,2.1,290,0.0,0.0,Clear,False
2025-02-04,1738710000,1738708349,1738745979,-10.97,-16.8,1020,57,-17.11,,0,10000.0,3.1,300,0.0,0.0,Clear,False
2025-02-17,1739818800,1739830709,1739870033,-3.87,-9.85,1027,52,-11.37,,0,10000.0,5.14,300,0.0,0.0,Clear,False
2025-02-18,1739862000,1739830709,1739870033,2.04,-3.17,1025,22,-15.64,,0,10000.0,6.7,280,0.0,0.0,Clear,False
2025-02-20,1740070800,1740089686,1740129422,-5.57,-8.18,1031,54,-12.56,,0,10000.0,1.54,240,0.0,0.0,Clear,False
2025-02-06,1738814400,1738794692,1738832446,-0.77,-5.96,1021,34,-13.2,,20,10000.0,5.14,210,0.0,0.0,Clouds,False
2025-02-26,1740607200,1740607612,1740648191,-6.21,-6.21,1025,85,-8.08,,0,10000.0,1.03,30,0.0,0.0,Clear,False
2025-02-02,1738476000,1738449308,1738486577,6.83,4.04,1018,43,-4.32,,40,10000.0,4.12,290,0.0,0.0,Clouds,False
2025-02-20,1740060000,1740003361,1740042959,-4.07,-8.95,1031,50,-11.99,,0,10000.0,3.6,330,0.0,0.0,Clear,False
2025-03-08,1741438800,1741384449,1741426319,4.62,2.82,1028,77,0.94,,0,10000.0,2.1,270,0.0,0.0,Clear,False
2025-03-13,1741842000,1741816004,1741858602,14.23,12.34,1023,24,-5.36,,40,10000.0,5.14,340,0.0,0.0,Dust,False
2025-03-20,1742490000,1742506477,1742550241,8.13,6.2,1015,81,5.07,,40,5000.0,3.1,150,0.0,0.0,Mist,False
2025-03-30,1743314400,1743283253,1743328326,4.95,0.2,1028,62,-1.51,,75,10000.0,7.72,250,0.0,0.0,Snow,False
2025-03-21,1742518800,1742506477,1742550241,11.63,10.57,1014,66,5.5,,0,6000.0,4.12,180,0.0,0.0,Haze,False
2025-03-05,1741190400,1741211823,1741253404,-0.21,-2.82,1024,80,-2.89,,0,10000.0,2.1,320,0.0,0.0,Clear,False
2025-03-09,1741518000,1741470761,1741512776,8.03,6.08,1030,63,1.42,,0,8000.0,3.1,270,0.0,0.0,Haze,False
2025-03-30,1743361200,1743369562,1743414779,2.42,2.42,1027,67,-2.72,,40,10000.0,1.03,320,0.0,0.0,Clouds,False
2025-03-02,1740916800,1740866564,1740907570,4.44,0.31,1018,86,2.31,,40,10000.0,5.7,60,3.25,0.0,Rain,False
2025-03-05,1741183200,1741125509,1741166946,1.79,-1.0,1025,86,-0.26,,0,10000.0,2.6,320,0.0,0.0,Clear,False
2025-03-06,1741276800,1741298136,1741339862,2.51,1.05,1029,58,-4.35,,0,10000.0,1.54,50,0.0,0.0,Clear,False
2025-03-06,1741284000,1741298136,1741339862,-2.21,-2.21,1028,86,-4.0,,0,10000.0,1.03,320,0.0,0.0,Clear,False
2025-03-06,1741258800,1741211823,1741253404,6.52,4.26,1027,43,-4.57,,0,10000.0,3.1,270,0.0,0.0,Clear,False
2025-03-28,1743199200,1743196944,1743241872,-1.22,-1.22,1022,63,-6.67,,0,10000.0,1.03,170,0.0,0.0,Clear,False
2025-03-24,1742810400,1742765402,1742809603,15.92,15.24,1002,64,9.13,,0,9000.0,4.12,200,0.0,0.0,Clear,False
2025-03-29,1743220800,1743196944,1743241872,5.94,1.65,1022,48,-3.74,,20,10000.0,7.2,290,0.0,0.0,Clouds,False
2025-03-21,1742569200,1742592785,1742636695,6.78,4.27,1012,75,2.67,,0,9000.0,3.6,150,0.0,0.0,Clear,False
2025-03-09,1741500000,1741470761,1741512776,13.72,12.11,1030,37,-0.61,,0,10000.0,3.1,330,0.0,0.0,Clear,False
2025-03-22,1742684400,1742679093,1742723149,9.23,8.77,1013,71,4.25,,0,8000.0,1.5,70,0.0,0.0,Haze,False
2025-03-22,1742605200,1742592785,1742636695,13.54,12.39,1011,55,4.68,,0,7000.0,4.12,180,0.0,0.0,Haze,False
2025-03-18,1742306400,1742247551,1742290878,1.33,-1.99,1023,50,-7.06,,40,10000.0,3.1,290,0.0,0.0,Clouds,False
2025-03-17,1742252400,1742247551,1742290878,0.63,-4.21,1012,94,-0.2,,75,1400.0,5.14,20,0.0,0.0,Snow,False
2025-03-27,1743080400,1743024327,1743068965,8.52,6.39,1007,71,3.57,,40,10000.0,3.6,320,0.0,0.0,Rain,False
2025-03-29,1743228000,1743196944,1743241872,6.73,1.81,1021,28,-9.34,,20,10000.0,10.3,290,0.0,0.0,Clouds,False
2025-03-24,1742821200,1742765402,1742809603,12.81,12.21,1004,79,9.26,,20,5000.0,4.63,220,0.0,0.0,Mist,False
2025-03-15,1742043600,1741988624,1742031513,11.42,9.98,1020,52,1.92,,100,10000.0,4.63,210,0.0,0.0,Clouds,False
2025-03-23,1742756400,1742765402,1742809603,13.42,11.97,1005,44,1.42,,40,10000.0,1.54,60,0.0,0.0,Clouds,False
2025-03-07,1741316400,1741298136,1741339862,9.03,7.98,1029,41,-3.11,,40,10000.0,2.1,200,0.0,0.0,Haze,False
2025-03-01,1740866400,1740866564,1740907570,8.61,7.49,1017,70,3.45,,75,7000.0,2.1,60,0.0,0.0,Haze,False
2025-03-02,1740873600,1740866564,1740907570,9.22,7.57,1017,63,2.55,,40,9000.0,3.0,50,0.0,0.0,Haze,False
2025-03-04,1741075200,1741039195,1741080488,3.55,-1.03,1020,74,-0.57,,20,10000.0,6.2,50,0.0,0.0,Clouds,False
2025-03-18,1742292000,1742247551,1742290878,3.72,-0.81,1019,63,-2.36,,40,10000.0,6.2,310,0.0,0.0,Snow,False
2025-03-26,1743012000,1743024327,1743068965,13.79,13.21,1001,76,9.64,,75,10000.0,2.6,310,0.0,0.0,Clouds,False
2025-03-04,1741082400,1741039195,1741080488,3.33,0.06,1021,72,-1.08,,75,10000.0,3.6,50,0.0,0.0,Clouds,False
2025-03-08,1741417200,1741384449,1741426319,10.32,8.22,1026,31,-5.38,,0,10000.0,4.63,270,0.0,0.0,Clear,False
2025-03-29,1743253200,1743196944,1743241872,1.53,-2.13,1027,33,-11.6,,0,10000.0,3.6,270,0.0,0.0,Clear,False
2025-03-11,1741705200,1741729694,1741772146,3.79,3.79,1018,86,1.67,,0,10000.0,1.03,40,0.0,0.0,Clear,False
2025-03-06,1741269600,1741211823,1741253404,-0.21,-3.37,1028,63,-5.7,,0,10000.0,2.6,280,0.0,0.0,Clear,False
2025-03-06,1741266000,1741211823,1741253404,5.02,5.02,1028,47,-4.74,,0,10000.0,1.03,350,0.0,0.0,Clear,False
2025-03-27,1743037200,1743024327,1743068965,13.65,13.39,1001,89,11.87,,75,6000.0,4.12,320,0.0,0.0,Mist,False
2025-03-24,1742835600,1742851710,1742896057,11.25,10.49,1004,79,7.75,,40,3800.0,3.1,170,0.0,0.0,Mist,False
2025-03-28,1743130800,1743110635,1743155418,9.64,6.9,1014,36,-4.16,,20,10000.0,5.66,310,0.0,0.0,Clouds,False
2025-03-19,1742414400,1742420168,1742463787,3.51,1.05,1023,67,-1.8,,75,10000.0,2.6,200,0.0,0.0,Haze,False
2025-03-16,1742155200,1742161242,1742204423,-0.48,-4.96,1017,50,-8.61,,0,10000.0,4.12,300,0.0,0.0,Clear,False
2025-03-31,1743382800,1743369562,1743414779,8.83,7.05,1027,58,1.03,,20,10000.0,3.1,170,0.0,0.0,Clouds,False
2025-03-24,1742788800,1742765402,1742809603,20.72,20.02,1003,45,8.37,,0,10000.0,5.7,210,0.0,0.0,Clear,False
2025-03-03,1740992400,1740952880,1740994029,3.83,-0.67,1025,52,-4.53,,40,10000.0,6.2,50,0.0,0.0,Clouds,True
2025-03-13,1741892400,1741902314,1741945057,2.78,1.42,1026,69,-2.06,,0,10000.0,1.5,330,0.0,0.0,Clear,False
2025-03-08,1741392000,1741384449,1741426319,4.23,3.02,1027,64,-1.74,,20,8000.0,1.54,10,0.0,0.0,Haze,False
2025-03-16,1742166000,1742161242,1742204423,-0.26,-4.31,1019,44,-9.86,,0,10000.0,3.6,280,0.0,0.0,Clear,False
2025-03-10,1741622400,1741643383,1741685690,0.79,0.79,1024,93,-0.19,,0,4000.0,1.03,320,0.0,0.0,Mist,False
2025-03-21,1742594400,1742592785,1742636695,6.44,3.85,1011,76,2.52,,0,7000.0,3.6,120,0.0,0.0,Haze,False
2025-03-30,1743350400,1743369562,1743414779,1.79,1.79,1028,69,-2.9,,0,10000.0,0.51,40,0.0,0.0,Clear,False
2025-03-08,1741456800,1741470761,1741512776,-0.22,-0.22,1030,92,-1.23,,20,1200.0,1.03,340,0.0,0.0,Mist,False
2025-03-19,1742342400,1742333860,1742377332,0.94,-1.91,1026,47,-8.09,,0,10000.0,2.5,290,0.0,0.0,Clear,False
2025-03-04,1741107600,1741125509,1741166946,3.12,-0.52,1022,67,-2.13,,100,10000.0,4.12,10,0.0,0.0,Clouds,False
2025-03-28,1743152400,1743110635,1743155418,9.52,6.27,1016,19,-11.57,,20,10000.0,7.2,310,0.0,0.0,Clouds,False
2025-03-16,1742119200,1742074933,1742117968,3.03,-1.69,1014,35,-9.74,,40,10000.0,6.2,290,0.0,0.0,Clouds,False
2025-03-17,1742205600,1742161242,1742204423,4.02,1.65,1017,36,-8.63,,40,10000.0,2.6,250,0.0,0.0,Clouds,False
2025-03-04,1741104000,1741125509,1741166946,3.12,0.58,1022,67,-2.13,,100,10000.0,2.6,50,0.0,0.0,Clouds,False
2025-03-30,1743325200,1743283253,1743328326,7.13,3.02,1027,32,-7.51,,0,10000.0,7.72,260,0.0,0.0,Clear,False
2025-03-09,1741492800,1741470761,1741512776,10.78,9.04,1031,43,-1.14,,0,10000.0,2.1,330,0.0,0.0,Clear,False
2025-03-04,1741096800,1741039195,1741080488,3.62,0.09,1022,65,-2.07,,100,10000.0,4.12,10,0.0,0.0,Clouds,False
2025-03-07,1741366800,1741384449,1741426319,4.51,2.23,1025,55,-3.31,,75,10000.0,2.6,180,0.0,0.0,Clouds,False
2025-03-01,1740812400,1740780248,1740821111,12.43,11.37,1015,63,5.59,,75,8000.0,4.12,180,0.0,0.0,Haze,False
2025-03-08,1741460400,1741470761,1741512776,-2.21,-2.21,1030,100,-2.21,,20,2500.0,1.03,320,0.0,0.0,Mist,False
2025-03-26,1742954400,1742938018,1742982511,15.19,13.76,1007,38,0.98,,0,10000.0,4.12,140,0.0,0.0,Clear,False
2025-03-30,1743332400,1743283253,1743328326,5.03,2.14,1027,45,-5.24,,0,10000.0,3.6,240,0.0,0.0,Clear,False
2025-03-11,1741651200,1741643383,1741685690,6.43,5.53,1024,66,0.55,,0,5000.0,1.54,180,0.0,0.0,Haze,False
2025-03-29,1743228000,1743196944,1743241872,6.73,1.81,1021,28,-9.34,,20,10000.0,10.3,290,0.0,0.0,Clouds,False
2025-03-14,1741921200,1741902314,1741945057,16.73,14.98,1026,20,-5.62,,0,10000.0,3.1,50,0.0,0.0,Clear,False
2025-03-18,1742288400,1742247551,1742290878,4.43,0.09,1018,54,-3.59,,20,10000.0,6.2,310,0.44,0.0,Rain,False
2025-03-28,1743202800,1743196944,1743241872,3.14,1.09,1022,53,-4.88,,40,10000.0,2.1,270,0.0,0.0,Clouds,False
2025-03-06,1741244400,1741211823,1741253404,10.53,8.6,1025,37,-3.13,,0,10000.0,4.12,320,0.0,0.0,Clear,False
2025-03-08,1741431600,1741384449,1741426319,5.82,3.42,1027,67,0.17,,0,10000.0,3.1,290,0.0,0.0,Clear,False
2025-03-25,1742900400,1742851710,1742896057,10.62,9.28,1002,59,2.95,,0,10000.0,3.1,210,0.0,0.0,Dust,False
2025-03-18,1742324400,1742333860,1742377332,-3.21,-3.21,1023,86,-4.99,,0,10000.0,0.51,210,0.0,0.0,Clear,False
2025-03-03,1741032000,1741039195,1741080488,1.93,-3.09,1024,56,-5.25,,40,10000.0,6.2,70,0.0,0.0,Clouds,True
2025-03-11,1741719600,1741729694,1741772146,7.22,5.86,1017,69,1.92,,40,10000.0,2.1,290,0.0,0.0,Mist,False
2025-03-07,1741388400,1741384449,1741426319,3.02,3.02,1026,70,-1.69,,40,8000.0,1.03,350,0.0,0.0,Haze,False
2025-04-05,1743883200,1743887423,1743933501,7.63,5.6,1014,92,6.41,,40,6000.0,3.1,270,0.0,0.0,Mist,False
2025-04-25,1745582400,1745527451,1745576140,11.93,10.14,1017,37,-2.02,,0,10000.0,5.14,270,0.0,0.0,Clear,False
2025-04-06,1743976800,1743973734,1744019955,3.78,0.29,1019,100,3.78,,0,7000.0,4.12,140,0.0,0.0,Clear,False
2025-04-03,1743663600,1743628491,1743674140,13.79,12.37,1019,44,1.76,,0,10000.0,6.7,270,0.0,0.0,Clear,False
2025-04-20,1745190000,1745182159,1745230318,16.64,16.4,1017,78,12.79,,40,10000.0,2.1,50,0.0,0.0,Clouds,False
2025-04-04,1743804000,1743801112,1743847048,9.13,9.13,1015,70,3.95,,40,9000.0,1.03,190,0.0,0.0,Haze,False
2025-04-19,1745103600,1745095838,1745143863,11.62,11.32,1013,95,10.85,,20,7000.0,2.6,310,0.0,0.0,Mist,False
2025-04-13,1744563600,1744577930,1744625134,5.23,1.8,1000,70,0.21,,40,10000.0,4.63,200,0.13,0.0,Rain,False
2025-04-15,1744704000,1744664246,1744711589,13.02,11.68,1006,50,2.85,,0,10000.0,5.7,270,0.0,0.0,Clear,False
2025-04-21,1745236800,1745182159,1745230318,21.72,21.78,1012,70,16.01,,40,10000.0,2.0,270,0.0,0.0,Clouds,False
2025-04-28,1745827200,1745786431,1745835506,18.89,17.44,1008,23,-2.37,,0,10000.0,7.2,320,0.0,0.0,Clear,False
2025-04-28,1745856000,1745872760,1745921962,9.51,8.57,1012,54,0.67,,0,10000.0,2.06,330,0.0,0.0,Clear,False
2025-04-29,1745964000,1745959090,1746008417,11.44,10.05,1015,54,2.47,,0,10000.0,2.57,160,0.0,0.0,Clear,False
2025-04-24,1745496000,1745441127,1745489684,13.42,11.65,1012,32,-2.59,,0,10000.0,4.12,330,0.0,0.0,Clear,False
2025-04-28,1745834400,1745786431,1745835506,15.72,13.95,1009,23,-4.74,,0,10000.0,6.69,310,0.0,0.0,Clear,False
2025-04-03,1743656400,1743628491,1743674140,16.33,14.78,1020,29,-1.52,,0,10000.0,3.1,230,0.0,0.0,Clear,False
2025-04-08,1744092000,1744060046,1744106409,18.33,17.11,1013,34,2.21,,0,10000.0,5.14,240,0.0,0.0,Clear,False
2025-04-14,1744668000,1744664246,1744711589,1.78,1.78,1006,100,1.78,,0,10000.0,1.03,210,0.0,0.0,Clear,False
2025-04-03,1743645600,1743628491,1743674140,12.93,11.48,1022,46,1.6,,0,10000.0,1.54,100,0.0,0.0,Clear,False
2025-04-23,1745424000,1745441127,1745489684,10.78,10.52,1008,100,10.78,,0,10000.0,1.03,290,0.0,0.0,Clear,False
2025-04-17,1744916400,1744923199,1744970953,17.17,17.01,1007,79,13.5,,40,10000.0,3.6,250,0.0,0.0,Clouds,False
2025-04-26,1745650800,1745613777,1745662595,18.22,17.3,1017,46,6.42,,0,10000.0,6.7,220,0.0,0.0,Clear,False
2025-04-11,1744329600,1744318985,1744365771,13.83,12.91,1012,63,6.92,,0,8000.0,1.5,90,0.0,0.0,Haze,False
2025-04-15,1744696800,1744664246,1744711589,13.93,12.55,1006,45,2.2,,20,10000.0,5.7,270,0.0,0.0,Clouds,False
2025-04-19,1745074800,1745095838,1745143863,12.42,12.15,1010,93,11.32,,75,7000.0,2.1,290,0.0,0.0,Mist,False
2025-04-28,1745820000,1745786431,1745835506,19.69,18.47,1008,29,1.18,,0,10000.0,7.2,260,0.0,0.0,Clear,False
2025-04-23,1745388000,1745354803,1745403229,22.42,21.94,1006,47,10.56,,40,10000.0,4.12,270,0.0,0.0,Clouds,False
2025-04-29,1745946000,1745959090,1746008417,9.68,8.4,1014,57,1.58,,0,10000.0,2.57,150,0.0,0.0,Clear,False
2025-04-14,1744606800,1744577930,1744625134,5.94,2.69,997,88,4.11,,40,10000.0,4.63,90,0.1,0.0,Rain,False
2025-04-17,1744898400,1744836880,1744884498,18.51,18.22,1006,69,12.72,,40,10000.0,2.6,230,0.0,0.0,Clouds,False
2025-04-13,1744506000,1744491614,1744538680,8.18,3.73,999,48,-1.92,,40,10000.0,10.3,260,0.0,0.0,Dust,False
2025-04-06,1743926400,1743887423,1743933501,14.62,13.21,1015,41,1.53,,0,10000.0,5.14,230,0.0,0.0,Clear,False
2025-04-30,1746010800,1745959090,1746008417,17.7,16.26,1012,28,-0.9,,0,10000.0,2.57,180,0.0,0.0,Clear,False
2025-04-28,1745863200,1745872760,1745921962,7.22,6.43,1012,67,1.51,,0,10000.0,1.54,190,0.0,0.0,Clear,False
2025-04-27,1745762400,1745700104,1745749051,13.02,11.81,1014,55,4.2,,40,10000.0,2.6,270,0.0,0.0,Clouds,False
2025-04-30,1746043200,1746045421,1746094873,13.58,12.22,1009,47,2.49,,0,10000.0,4.12,150,0.0,0.0,Clear,False
2025-04-14,1744646400,1744664246,1744711589,2.78,0.67,1004,100,2.78,,0,10000.0,2.1,340,0.0,0.0,Clear,False
2025-04-14,1744596000,1744577930,1744625134,6.12,3.17,998,84,3.62,,40,10000.0,4.12,230,0.2,0.0,Rain,False
2025-04-18,1744966800,1744923199,1744970953,22.62,22.06,1010,43,9.42,,40,10000.0,3.1,250,0.0,0.0,Clouds,False
2025-04-26,1745661600,1745613777,1745662595,15.42,14.48,1017,56,6.7,,20,10000.0,4.63,220,0.0,0.0,Clouds,False
2025-04-07,1744012800,1743973734,1744019955,19.42,18.36,1014,36,3.98,,0,10000.0,7.72,200,0.0,0.0,Clear,False
2025-04-24,1745463600,1745441127,1745489684,19.32,18.38,1009,41,5.75,,20,10000.0,4.63,230,0.0,0.0,Clouds,False
2025-04-04,1743739200,1743714801,1743760594,15.73,14.32,1020,37,1.09,,0,10000.0,4.63,240,0.0,0.0,Clear,False
2025-04-03,1743721200,1743714801,1743760594,7.13,5.35,1022,78,3.56,,20,6000.0,2.6,210,0.0,0.0,Mist,False
2025-04-19,1745064000,1745009518,1745057408,12.73,12.51,1009,94,11.79,,100,4100.0,2.0,270,0.0,0.0,Mist,False
2025-04-13,1744527600,1744491614,1744538680,6.48,1.6,1000,62,-0.23,,40,10000.0,9.8,260,0.3,0.0,Rain,False
2025-04-15,1744693200,1744664246,1744711589,13.44,11.94,1006,42,0.8,,20,10000.0,5.7,290,0.0,0.0,Clouds,False
2025-04-08,1744146000,1744146359,1744192863,6.78,6.78,1014,75,2.67,,0,10000.0,1.03,190,0.0,0.0,Clear,False
2025-04-29,1745910000,1745872760,1745921962,19.43,17.92,1012,19,-4.23,,0,10000.0,4.63,240,0.0,0.0,Clear,False
2025-04-27,1745780400,1745786431,1745835506,10.78,9.9,1011,76,6.73,,0,10000.0,2.1,190,0.0,0.0,Clear,False
2025-04-07,1744012800,1743973734,1744019955,19.42,18.36,1014,36,3.98,,0,10000.0,7.72,200,0.0,0.0,Clear,False
2025-04-08,1744095600,1744060046,1744106409,18.63,17.46,1013,35,2.88,,0,10000.0,5.7,270,0.0,0.0,Clear,False
2025-04-26,1745686800,1745700104,1745749051,8.79,6.72,1018,75,4.61,,0,10000.0,3.6,130,0.0,0.0,Clear,False
2025-04-29,1745960400,1745959090,1746008417,8.67,7.2,1014,66,2.68,,0,10000.0,2.57,150,0.0,0.0,Clear,False
2025-04-16,1744815600,1744836880,1744884498,14.78,13.83,1007,58,6.61,,0,10000.0,3.6,220,0.0,0.0,Clear,False
2025-04-10,1744282800,1744232672,1744279317,13.02,11.79,1008,54,3.94,,0,10000.0,1.5,250,0.0,0.0,Clear,False
2025-04-10,1744297200,1744318985,1744365771,7.79,7.79,1009,93,6.73,,0,8000.0,0.51,300,0.0,0.0,Clear,False
2025-04-02,1743595200,1743542181,1743587686,8.23,5.83,1020,66,2.26,,75,10000.0,4.0,50,0.0,0.0,Clouds,False
2025-04-08,1744153200,1744146359,1744192863,10.93,9.62,1015,59,3.24,,40,10000.0,2.1,50,0.0,0.0,Clouds,False
2025-04-21,1745265600,1745268480,1745316773,16.79,17.14,1008,100,16.79,,100,4000.0,1.03,20,0.16,0.0,Rain,False
2025-04-29,1745910000,1745872760,1745921962,19.43,17.92,1012,19,-4.23,,0,10000.0,4.63,240,0.0,0.0,Clear,False
2025-04-14,1744588800,1744577930,1744625134,5.78,2.75,998,79,2.43,,40,10000.0,4.12,160,0.17,0.0,Rain,False
2025-04-25,1745578800,1745527451,1745576140,12.83,11.16,1016,38,-0.99,,0,10000.0,6.2,260,0.0,0.0,Clear,False
2025-04-29,1745895600,1745872760,1745921962,18.45,16.93,1013,22,-3.22,,0,10000.0,2.57,180,0.0,0.0,Clear,False
2025-04-17,1744866000,1744836880,1744884498,24.72,24.61,1004,52,14.21,,75,10000.0,6.7,200,0.0,0.0,Clouds,False
2025-04-21,1745240400,1745182159,1745230318,17.79,18.24,1012,100,17.79,,75,10000.0,1.54,340,0.0,0.0,Clouds,False
2025-04-18,1745017200,1745009518,1745057408,16.63,16.83,1009,95,15.83,,40,1400.0,3.1,190,0.2,0.0,Rain,False
2025-04-05,1743818400,1743801112,1743847048,8.03,5.52,1013,86,5.83,,75,5000.0,4.12,130,4.0,0.0,Rain,False
2025-04-19,1745096400,1745095838,1745143863,9.73,9.3,1012,94,8.81,,40,7000.0,1.54,120,0.0,0.0,Mist,False
2025-04-07,1743991200,1743973734,1744019955,15.04,13.64,1019,40,1.56,,0,10000.0,4.63,190,0.0,0.0,Clear,False
2025-04-10,1744272000,1744232672,1744279317,17.92,16.99,1006,47,6.46,,20,10000.0,6.2,270,0.0,0.0,Clouds,False
2025-04-03,1743699600,1743714801,1743760594,7.51,7.51,1021,73,2.99,,0,8000.0,1.0,250,0.0,0.0,Clear,False
2025-04-28,1745874000,1745872760,1745921962,6.22,5.29,1013,73,1.75,,0,10000.0,1.54,190,0.0,0.0,Clear,False
2025-04-12,1744473600,1744491614,1744538680,1.33,-1.54,1003,96,0.76,,100,2300.0,2.6,200,3.0,0.0,Snow,False
2025-04-25,1745568000,1745527451,1745576140,16.63,14.95,1015,23,-4.05,,0,10000.0,9.3,270,0.0,0.0,Clear,False
2025-04-05,1743858000,1743801112,1743847048,7.83,5.85,1011,92,6.61,,100,10000.0,3.09,200,0.8,0.0,Rain,False
2025-04-29,1745964000,1745959090,1746008417,11.44,10.05,1015,54,2.47,,0,10000.0,2.57,160,0.0,0.0,Clear,False
2025-04-24,1745528400,1745527451,1745576140,7.93,5.96,1015,58,0.18,,0,10000.0,3.1,270,0.0,0.0,Clear,False
2025-04-30,1746039600,1746045421,1746094873,13.68,12.54,1010,55,4.81,,8,,3.25,150,0.0,0.0,Clear,False
2025-04-26,1745647200,1745613777,1745662595,19.42,18.54,1017,43,6.53,,0,10000.0,6.2,230,0.0,0.0,Clear,False
2025-05-25,1748174400,1748117764,1748169735,15.72,15.07,1016,66,9.39,,0,10000.0,1.54,230,0.0,0.0,Clear,False
2025-05-04,1746327600,1746304421,1746354239,18.43,17.24,1012,35,2.71,,0,10000.0,5.66,250,0.0,0.0,Clear,False
2025-05-01,1746075600,1746045421,1746094873,12.88,12.68,1006,94,11.94,,100,6000.0,1.54,40,3.72,0.0,Rain,False
2025-05-30,1748613600,1748549613,1748601958,18.29,18.0,1013,70,12.73,,0,10000.0,1.03,20,0.0,0.0,Clear,False
2025-05-13,1747101600,1747081489,1747132329,23.08,22.72,1015,49,11.8,,99,,4.14,211,0.0,0.0,Clouds,False
2025-05-17,1747461600,1747426889,1747478139,20.68,20.87,1005,79,16.91,,28,,6.3,236,0.0,0.0,Clouds,False
2025-05-13,1747177200,1747167837,1747218782,17.35,16.94,1017,69,11.61,,0,,1.42,132,0.0,0.0,Clear,False
2025-05-28,1748469600,1748463240,1748515515,16.31,16.45,1017,94,15.34,,0,9000.0,1.03,340,0.0,0.0,Clear,False
2025-05-25,1748134800,1748117764,1748169735,17.7,17.07,1015,59,9.6,,20,10000.0,1.03,110,0.0,0.0,Clouds,False
2025-05-12,1747083600,1747081489,1747132329,13.13,12.72,1013,85,10.67,,98,,2.53,132,0.0,0.0,Clouds,False
2025-05-23,1748034000,1748031399,1748083288,13.48,13.1,1011,85,11.01,,0,10000.0,4.12,110,0.0,0.0,Clear,False
2025-05-06,1746504000,1746477093,1746527149,18.06,16.94,1006,39,3.91,,0,10000.0,4.63,290,0.0,0.0,Clear,True
2025-05-09,1746817200,1746822454,1746872968,13.18,13.06,995,96,12.56,,100,,5.45,214,0.14,0.0,Rain,False
2025-05-31,1748682000,1748635988,1748688400,22.65,22.3,1010,51,12.01,,0,10000.0,4.12,300,0.0,0.0,Clear,False
2025-05-03,1746248400,1746218086,1746267783,13.84,13.11,1008,70,8.47,,75,10000.0,4.12,280,0.11,0.0,Rain,False
2025-05-12,1747036800,1746995143,1747045876,22.55,21.91,1010,40,8.29,,0,10000.0,4.12,210,0.0,0.0,Clear,False
2025-05-19,1747663200,1747599599,1747651042,17.93,18.05,1005,87,15.74,,100,,4.69,215,0.0,0.0,Clouds,False
2025-05-09,1746774000,1746736112,1746786513,15.68,15.84,1001,97,15.21,,100,4500.0,4.63,70,2.12,0.0,Rain,False
2025-05-13,1747162800,1747167837,1747218782,11.84,11.19,1017,81,8.69,,81,,2.93,132,0.0,0.0,Clouds,False
2025-05-28,1748408400,1748376868,1748429071,25.64,25.41,1017,44,12.49,,75,9000.0,1.54,150,0.0,0.0,Haze,False
2025-05-03,1746255600,1746218086,1746267783,13.5,12.79,1007,72,8.56,,75,10000.0,6.17,260,0.0,0.0,Clouds,False
2025-05-02,1746169200,1746131753,1746181328,18.15,17.01,1010,38,3.62,,0,10000.0,7.72,250,0.0,0.0,Clear,False
2025-05-16,1747396800,1747340537,1747391688,19.07,19.46,1009,93,17.91,,100,,1.93,76,0.44,0.0,Rain,False
2025-05-05,1746428400,1746390756,1746440694,13.65,12.45,1010,53,4.26,,0,10000.0,5.14,30,0.0,0.0,Clear,True
2025-05-26,1748250000,1748204130,1748256181,23.49,23.04,1016,44,10.55,,0,10000.0,4.63,290,0.0,0.0,Clear,False
2025-05-13,1747094400,1747081489,1747132329,18.76,18.41,1015,66,12.28,,82,,2.73,168,0.0,0.0,Clouds,False
2025-05-28,1748422800,1748376868,1748429071,22.52,21.95,1017,43,9.33,,40,10000.0,3.09,310,0.0,0.0,Clouds,False
2025-05-12,1747008000,1746995143,1747045876,15.04,14.56,1010,75,10.65,,0,,1.5,191,0.0,0.0,Clear,False
2025-05-13,1747116000,1747081489,1747132329,23.52,23.08,1015,44,10.57,,100,,4.0,223,0.0,0.0,Clouds,False
2025-05-22,1747918800,1747858674,1747910391,22.22,22.01,1009,58,13.57,,0,10000.0,2.57,40,0.0,0.0,Clear,False
2025-05-21,1747868400,1747858674,1747910391,20.48,21.04,1007,94,19.48,,75,9000.0,2.06,330,0.0,0.0,Clouds,False
2025-05-27,1748368800,1748376868,1748429071,14.14,14.22,1018,100,14.14,,0,4000.0,1.54,70,0.0,0.0,Mist,False
2025-05-28,1748473200,1748463240,1748515515,17.42,17.1,1017,72,12.33,,0,10000.0,0.51,80,0.0,0.0,Clear,False
2025-05-27,1748311200,1748290498,1748342627,22.41,21.99,1019,49,11.18,,0,9000.0,1.54,220,0.0,0.0,Haze,False
2025-05-24,1748091600,1748031399,1748083288,15.42,14.66,1012,63,8.42,,0,10000.0,1.54,40,0.0,0.0,Clear,False
2025-05-15,1747288800,1747254186,1747305235,21.88,22.19,1014,79,18.08,,99,,3.63,224,0.0,0.0,Clouds,False
2025-05-05,1746417600,1746390756,1746440694,13.42,12.31,1013,57,5.08,,0,10000.0,6.17,10,0.15,0.0,Rain,True
2025-05-30,1748570400,1748549613,1748601958,23.83,23.57,1014,50,12.79,,0,9000.0,1.03,20,0.0,0.0,Clear,False
2025-05-11,1746950400,1746908798,1746959422,18.83,18.31,1004,59,10.66,,0,10000.0,5.14,240,0.0,0.0,Clear,False
2025-05-27,1748340000,1748290498,1748342627,20.62,20.41,1017,64,13.58,,0,10000.0,3.6,300,0.0,0.0,Clear,False
2025-05-29,1748498400,1748463240,1748515515,26.4,26.4,1014,46,13.86,,0,10000.0,4.63,270,0.0,0.0,Clear,False
2025-05-30,1748646000,1748635988,1748688400,18.85,18.33,1013,59,10.67,,75,10000.0,0.51,210,0.0,0.0,Clouds,False
2025-05-13,1747134000,1747081489,1747132329,19.0,18.44,1015,57,10.3,,55,,3.21,225,0.0,0.0,Clouds,False
2025-05-21,1747854000,1747858674,1747910391,19.71,20.35,1006,100,19.71,,75,10000.0,1.54,310,0.0,0.0,Clouds,False
2025-05-30,1748628000,1748635988,1748688400,15.13,15.0,1012,88,13.16,,0,9000.0,2.06,200,0.0,0.0,Clear,False
2025-05-06,1746536400,1746477093,1746527149,12.93,12.0,1009,66,6.74,,0,10000.0,0.51,220,0.0,0.0,Clear,True
2025-05-26,1748232000,1748204130,1748256181,23.83,23.39,1017,43,10.51,,0,10000.0,2.06,260,0.0,0.0,Clear,False
2025-05-10,1746910800,1746908798,1746959422,11.94,11.8,1006,100,11.94,,75,3500.0,2.57,150,0.0,0.0,Mist,False
2025-05-06,1746496800,1746477093,1746527149,17.53,16.51,1007,45,5.48,,0,10000.0,3.6,320,0.0,0.0,Clear,True
2025-05-02,1746151200,1746131753,1746181328,16.15,15.07,1011,48,5.14,,0,10000.0,4.63,320,0.0,0.0,Clear,False
2025-05-08,1746702000,1746649771,1746700059,16.18,15.39,1016,59,8.17,,75,10000.0,1.54,260,0.0,0.0,Clouds,False
2025-05-10,1746846000,1746822454,1746872968,12.5,12.42,1000,100,12.5,,100,5000.0,5.14,250,0.22,0.0,Mist,False
2025-05-12,1747033200,1746995143,1747045876,22.99,22.47,1010,43,9.75,,0,10000.0,3.6,220,0.0,0.0,Clear,False
2025-05-30,1748581200,1748549613,1748601958,27.04,26.48,1013,31,8.48,,0,10000.0,2.57,320,0.0,0.0,Clear,False
2025-05-02,1746190800,1746131753,1746181328,12.88,11.76,1011,59,5.07,,0,10000.0,1.54,240,0.0,0.0,Clear,False
2025-05-14,1747209600,1747167837,1747218782,23.47,23.2,1014,51,12.76,,99,,3.45,266,0.0,0.0,Clouds,False
2025-05-28,1748426400,1748376868,1748429071,20.82,20.34,1016,53,10.9,,0,10000.0,2.06,270,0.0,0.0,Clear,False
2025-05-17,1747494000,1747513243,1747564591,14.53,14.41,1008,91,13.08,,97,,4.1,292,0.0,0.0,Clouds,False
2025-05-29,1748523600,1748463240,1748515515,18.81,18.78,1014,78,14.9,,0,10000.0,1.54,300,0.0,0.0,Clear,False
2025-05-09,1746802800,1746822454,1746872968,15.47,15.58,996,96,14.84,,100,,3.09,142,0.48,0.0,Rain,False
2025-05-07,1746579600,1746563432,1746613604,15.15,14.26,1014,59,7.2,,20,10000.0,1.03,190,0.0,0.0,Clouds,False
2025-05-30,1748638800,1748635988,1748688400,14.82,14.73,1013,91,13.37,,75,9000.0,0.51,360,0.0,0.0,Clouds,False
2025-05-19,1747663200,1747599599,1747651042,17.93,18.05,1005,87,15.74,,100,,4.69,215,0.0,0.0,Clouds,False
2025-05-05,1746446400,1746390756,1746440694,12.66,11.6,1010,62,5.58,,0,10000.0,1.54,30,0.0,0.0,Clear,True
2025-05-17,1747472400,1747426889,1747478139,17.54,17.62,1005,87,15.35,,100,,5.2,231,0.5,0.0,Rain,False
2025-05-25,1748206800,1748204130,1748256181,11.92,11.62,1018,94,10.99,,75,8000.0,1.03,300,0.0,0.0,Clouds,False
2025-05-28,1748451600,1748463240,1748515515,16.08,16.07,1017,89,14.27,,0,9000.0,1.54,330,0.0,0.0,Clear,False
2025-05-14,1747180800,1747167837,1747218782,19.66,19.27,1018,61,11.94,,0,,2.07,171,0.0,0.0,Clear,False
2025-05-02,1746187200,1746131753,1746181328,12.81,11.63,1011,57,4.51,,75,10000.0,1.03,40,0.0,0.0,Clouds,False
2025-05-24,1748098800,1748117764,1748169735,13.18,12.67,1012,81,10.0,,0,10000.0,2.06,360,0.0,0.0,Clear,False
2025-05-11,1746921600,1746908798,1746959422,14.15,13.92,1007,88,12.19,,75,5000.0,2.06,160,0.0,0.0,Mist,False
2025-05-09,1746824400,1746822454,1746872968,12.73,12.51,996,94,11.79,,100,4800.0,5.14,210,0.0,0.0,Rain,False
2025-05-31,1748660400,1748635988,1748688400,23.99,23.59,1012,44,11.0,,0,10000.0,1.54,190,0.0,0.0,Clear,False
2025-05-01,1746122400,1746131753,1746181328,9.46,8.51,1009,81,6.37,,0,10000.0,2.06,260,0.0,0.0,Clear,False
2025-05-16,1747414800,1747426889,1747478139,16.15,16.3,1006,95,15.35,,7,,2.1,39,0.0,0.0,Clear,False
2025-05-29,1748552400,1748549613,1748601958,14.59,14.56,1014,94,13.64,,0,8000.0,1.03,40,0.0,0.0,Clear,False
2025-05-11,1747000800,1746995143,1747045876,11.97,11.83,1010,100,11.97,,0,4500.0,2.06,150,0.0,0.0,Mist,False
2025-05-16,1747357200,1747340537,1747391688,20.19,20.72,1015,94,19.19,,100,,2.88,146,0.8,0.0,Rain,False
2025-05-28,1748415600,1748376868,1748429071,25.02,24.94,1017,52,14.49,,75,9000.0,5.66,280,0.0,0.0,Haze,False
2025-05-23,1748034000,1748031399,1748083288,13.48,13.1,1011,85,11.01,,0,10000.0,4.12,110,0.0,0.0,Clear,False
2025-06-01,1748757600,1748722365,1748774841,27.8,27.76,1009,44,14.44,,0,10000.0,5.66,270,0.0,0.0,Clear,False
2025-06-01,1748743200,1748722365,1748774841,25.05,24.97,1011,52,14.52,,20,7000.0,1.54,320,0.0,0.0,Haze,False
2025-06-01,1748739600,1748722365,1748774841,22.33,22.11,1011,57,13.41,,20,8000.0,0.51,160,0.0,0.0,Haze,False
2025-06-01,1748779200,1748722365,1748774841,19.98,19.7,1008,64,12.97,,0,10000.0,1.54,310,0.0,0.0,Clear,False
2025-06-01,1748793600,1748808743,1748861281,17.82,17.51,1007,71,12.5,,0,10000.0,0.51,290,0.0,0.0,Clear,False
2025-06-01,1748746800,1748722365,1748774841,26.18,26.18,1010,47,13.99,,20,8000.0,2.57,30,0.0,0.0,Haze,False
2025-06-01,1748804400,1748808743,1748861281,17.08,17.14,1007,88,15.08,,0,10000.0,1.03,340,0.0,0.0,Clear,False
2025-06-01,1748757600,1748722365,1748774841,27.8,27.76,1009,44,14.44,,0,10000.0,5.66,270,0.0,0.0,Clear,False
2025-06-01,1748793600,1748808743,1748861281,17.82,17.51,1007,71,12.5,,0,10000.0,0.51,290,0.0,0.0,Clear,False
2025-06-01,1748743200,1748722365,1748774841,25.05,24.97,1011,52,14.52,,20,7000.0,1.54,320,0.0,0.0,Haze,False
2025-06-01,1748793600,1748808743,1748861281,17.82,17.51,1007,71,12.5,,0,10000.0,0.51,290,0.0,0.0,Clear,False
2025-06-01,1748790000,1748808743,1748861281,18.89,18.38,1008,59,10.71,,75,10000.0,1.03,180,0.0,0.0,Clouds,False
2025-06-01,1748743200,1748722365,1748774841,25.05,24.97,1011,52,14.52,,20,7000.0,1.54,320,0.0,0.0,Haze,False
2025-06-01,1748786400,1748722365,1748774841,19.15,18.79,1008,64,12.19,,75,10000.0,1.03,180,0.0,0.0,Clouds,False
2025-06-01,1748746800,1748722365,1748774841,26.18,26.18,1010,47,13.99,,20,8000.0,2.57,30,0.0,0.0,Haze,False
2025-06-01,1748750400,1748722365,1748774841,26.99,26.96,1010,42,13.0,,0,10000.0,2.06,330,0.0,0.0,Clear,False
2025-06-01,1748818800,1748808743,1748861281,18.47,18.51,1006,82,15.34,,75,7000.0,1.54,300,0.0,0.0,Clouds,False
2025-06-01,1748739600,1748722365,1748774841,22.33,22.11,1011,57,13.41,,20,8000.0,0.51,160,0.0,0.0,Haze,False
2025-06-01,1748739600,1748722365,1748774841,22.33,22.11,1011,57,13.41,,20,8000.0,0.51,160,0.0,0.0,Haze,False
2025-06-01,1748800800,1748808743,1748861281,17.2,17.12,1007,82,14.1,,0,10000.0,1.54,230,0.0,0.0,Clear,False
2025-06-01,1748768400,1748722365,1748774841,24.63,24.38,1008,47,12.58,,0,10000.0,3.6,280,0.0,0.0,Clear,False
2025-06-01,1748764800,1748722365,1748774841,25.66,25.67,1008,53,15.37,,0,10000.0,4.63,270,0.0,0.0,Clear,False
2025-06-01,1748800800,1748808743,1748861281,17.2,17.12,1007,82,14.1,,0,10000.0,1.54,230,0.0,0.0,Clear,False
2025-06-01,1748782800,1748722365,1748774841,19.39,18.85,1009,56,10.4,,0,10000.0,4.12,290,0.0,0.0,Clear,False
2025-06-01,1748764800,1748722365,1748774841,25.66,25.67,1008,53,15.37,,0,10000.0,4.63,270,0.0,0.0,Clear,False
2025-06-01,1748815200,1748808743,1748861281,17.66,17.7,1007,85,15.11,,75,8000.0,1.03,330,0.0,0.0,Clouds,False
2025-06-01,1748811600,1748808743,1748861281,16.94,16.86,1006,83,14.04,,75,9000.0,0.51,290,0.0,0.0,Rain,False
2025-06-01,1748743200,1748722365,1748774841,25.05,24.97,1011,52,14.52,,20,7000.0,1.54,320,0.0,0.0,Haze,False
2025-06-01,1748761200,1748722365,1748774841,27.07,27.48,1009,50,15.76,,0,10000.0,5.66,290,0.0,0.0,Clear,False
2025-06-01,1748743200,1748722365,1748774841,25.05,24.97,1011,52,14.52,,20,7000.0,1.54,320,0.0,0.0,Haze,False
2025-06-01,1748736000,1748722365,1748774841,20.97,20.79,1012,64,13.91,,20,7000.0,1.54,240,0.0,0.0,Haze,False
2025-06-01,1748808000,1748808743,1748861281,16.59,16.52,1007,85,14.06,,75,9000.0,1.03,290,0.0,0.0,Clouds,False
2025-06-01,1748793600,1748808743,1748861281,17.82,17.51,1007,71,12.5,,0,10000.0,0.51,290,0.0,0.0,Clear,False
2025-06-01,1748782800,1748722365,1748774841,19.39,18.85,1009,56,10.4,,0,10000.0,4.12,290,0.0,0.0,Clear,False
2025-06-01,1748772000,1748722365,1748774841,22.56,22.33,1008,56,13.35,,0,10000.0,2.57,280,0.0,0.0,Clear,False
2025-06-01,1748739600,1748722365,1748774841,22.33,22.11,1011,57,13.41,,20,8000.0,0.51,160,0.0,0.0,Haze,False
2025-06-01,1748793600,1748808743,1748861281,17.82,17.51,1007,71,12.5,,0,10000.0,0.51,290,0.0,0.0,Clear,False
2025-06-01,1748736000,1748722365,1748774841,20.97,20.79,1012,64,13.91,,20,7000.0,1.54,240,0.0,0.0,Haze,False
2025-06-01,1748754000,1748722365,1748774841,27.93,27.74,1009,42,13.84,,0,10000.0,4.12,310,0.0,0.0,Clear,False
2025-06-01,1748757600,1748722365,1748774841,27.8,27.76,1009,44,14.44,,0,10000.0,5.66,270,0.0,0.0,Clear,False
2025-06-01,1748739600,1748722365,1748774841,22.33,22.11,1011,57,13.41,,20,8000.0,0.51,160,0.0,0.0,Haze,False
2025-06-01,1748775600,1748722365,1748774841,20.08,19.63,1008,57,11.31,,0,10000.0,3.09,280,0.0,0.0,Clear,False
2025-06-01,1748797200,1748808743,1748861281,17.34,17.19,1007,79,13.67,,0,10000.0,1.03,200,0.0,0.0,Clear,False
2025-06-01,1748800800,1748808743,1748861281,17.2,17.12,1007,82,14.1,,0,10000.0,1.54,230,0.0,0.0,Clear,False
2025-06-01,1748804400,1748808743,1748861281,17.08,17.14,1007,88,15.08,,0,10000.0,1.03,340,0.0,0.0,Clear,False
2025-06-01,1748797200,1748808743,1748861281,17.34,17.19,1007,79,13.67,,0,10000.0,1.03,200,0.0,0.0,Clear,False
2025-06-01,1748808000,1748808743,1748861281,16.59,16.52,1007,85,14.06,,75,9000.0,1.03,290,0.0,0.0,Clouds,False
2025-06-01,1748811600,1748808743,1748861281,16.94,16.86,1006,83,14.04,,75,9000.0,0.51,290,0.0,0.0,Rain,False
2025-06-01,1748804400,1748808743,1748861281,17.08,17.14,1007,88,15.08,,0,10000.0,1.03,340,0.0,0.0,Clear,False
2025-06-01,1748815200,1748808743,1748861281,17.66,17.7,1007,85,15.11,,75,8000.0,1.03,330,0.0,0.0,Clouds,False
2025-06-01,1748743200,1748722365,1748774841,25.05,24.97,1011,52,14.52,,20,7000.0,1.54,320,0.0,0.0,Haze,False
2025-06-01,1748818800,1748808743,1748861281,18.47,18.51,1006,82,15.34,,75,7000.0,1.54,300,0.0,0.0,Clouds,False
2025-06-01,1748804400,1748808743,1748861281,17.08,17.14,1007,88,15.08,,0,10000.0,1.03,340,0.0,0.0,Clear,False
2025-06-01,1748736000,1748722365,1748774841,20.97,20.79,1012,64,13.91,,20,7000.0,1.54,240,0.0,0.0,Haze,False
2025-06-01,1748746800,1748722365,1748774841,26.18,26.18,1010,47,13.99,,20,8000.0,2.57,30,0.0,0.0,Haze,False
2025-06-01,1748797200,1748808743,1748861281,17.34,17.19,1007,79,13.67,,0,10000.0,1.03,200,0.0,0.0,Clear,False
2025-06-01,1748736000,1748722365,1748774841,20.97,20.79,1012,64,13.91,,20,7000.0,1.54,240,0.0,0.0,Haze,False
2025-06-01,1748775600,1748722365,1748774841,20.08,19.63,1008,57,11.31,,0,10000.0,3.09,280,0.0,0.0,Clear,False
2025-06-01,1748757600,1748722365,1748774841,27.8,27.76,1009,44,14.44,,0,10000.0,5.66,270,0.0,0.0,Clear,False
2025-06-01,1748779200,1748722365,1748774841,19.98,19.7,1008,64,12.97,,0,10000.0,1.54,310,0.0,0.0,Clear,False
2025-06-01,1748739600,1748722365,1748774841,22.33,22.11,1011,57,13.41,,20,8000.0,0.51,160,0.0,0.0,Haze,False
2025-06-01,1748746800,1748722365,1748774841,26.18,26.18,1010,47,13.99,,20,8000.0,2.57,30,0.0,0.0,Haze,False
2025-06-01,1748775600,1748722365,1748774841,20.08,19.63,1008,57,11.31,,0,10000.0,3.09,280,0.0,0.0,Clear,False
2025-06-01,1748818800,1748808743,1748861281,18.47,18.51,1006,82,15.34,,75,7000.0,1.54,300,0.0,0.0,Clouds,False
2025-06-01,1748815200,1748808743,1748861281,17.66,17.7,1007,85,15.11,,75,8000.0,1.03,330,0.0,0.0,Clouds,False
2025-06-01,1748775600,1748722365,1748774841,20.08,19.63,1008,57,11.31,,0,10000.0,3.09,280,0.0,0.0,Clear,False
2025-06-01,1748746800,1748722365,1748774841,26.18,26.18,1010,47,13.99,,20,8000.0,2.57,30,0.0,0.0,Haze,False
2025-06-01,1748797200,1748808743,1748861281,17.34,17.19,1007,79,13.67,,0,10000.0,1.03,200,0.0,0.0,Clear,False
2025-06-01,1748793600,1748808743,1748861281,17.82,17.51,1007,71,12.5,,0,10000.0,0.51,290,0.0,0.0,Clear,False
2025-06-01,1748815200,1748808743,1748861281,17.66,17.7,1007,85,15.11,,75,8000.0,1.03,330,0.0,0.0,Clouds,False
2025-06-01,1748750400,1748722365,1748774841,26.99,26.96,1010,42,13.0,,0,10000.0,2.06,330,0.0,0.0,Clear,False
2025-06-01,1748761200,1748722365,1748774841,27.07,27.48,1009,50,15.76,,0,10000.0,5.66,290,0.0,0.0,Clear,False
2025-06-01,1748786400,1748722365,1748774841,19.15,18.79,1008,64,12.19,,75,10000.0,1.03,180,0.0,0.0,Clouds,False
2025-06-01,1748804400,1748808743,1748861281,17.08,17.14,1007,88,15.08,,0,10000.0,1.03,340,0.0,0.0,Clear,False
2025-06-01,1748754000,1748722365,1748774841,27.93,27.74,1009,42,13.84,,0,10000.0,4.12,310,0.0,0.0,Clear,False
2025-06-01,1748772000,1748722365,1748774841,22.56,22.33,1008,56,13.35,,0,10000.0,2.57,280,0.0,0.0,Clear,False
2025-06-01,1748818800,1748808743,1748861281,18.47,18.51,1006,82,15.34,,75,7000.0,1.54,300,0.0,0.0,Clouds,False
2025-06-01,1748746800,1748722365,1748774841,26.18,26.18,1010,47,13.99,,20,8000.0,2.57,30,0.0,0.0,Haze,False
2025-06-01,1748793600,1748808743,1748861281,17.82,17.51,1007,71,12.5,,0,10000.0,0.51,290,0.0,0.0,Clear,False
2025-06-01,1748746800,1748722365,1748774841,26.18,26.18,1010,47,13.99,,20,8000.0,2.57,30,0.0,0.0,Haze,False
