datetime,dt,sunrise,sunset,temp,feels_like,pressure,humidity,dew_point,uvi,clouds,visibility,wind_speed,wind_deg,rain,snow,weather
datetime,dt,sunrise,sunset,temp,feels_like,pressure,humidity,dew_point,uvi,clouds,visibility,wind_speed,wind_deg,rain,snow,weather
20241201,1733011200,1733005697,1733040859,1.0,1.0,1018,100,1.0,,75,700.0,1.03,310,0.0,0.0,Fog
20241201,1733014800,1733005697,1733040859,1.31,-0.32,1018,100,1.31,,75,2000.0,1.54,320,0.0,0.0,Mist
20241201,1733018400,1733005697,1733040859,3.91,3.91,1018,100,3.91,,75,3500.0,1.03,310,0.0,0.0,Mist
20241201,1733022000,1733005697,1733040859,5.18,4.04,1017,96,4.6,,97,,1.59,105,0.0,0.0,Clouds
20241201,1733025600,1733005697,1733040859,6.29,4.37,1017,81,3.27,,98,7000.0,2.57,110,0.46,0.0,Rain
20241201,1733029200,1733005697,1733040859,6.76,4.56,1016,81,3.73,,100,8000.0,3.09,140,0.0,0.0,Clouds
20241201,1733032800,1733005697,1733040859,7.14,5.02,1015,82,4.28,,75,9000.0,3.09,120,0.0,0.0,Mist
20241201,1733036400,1733005697,1733040859,7.5,5.45,1015,87,5.48,,100,8000.0,3.09,110,0.0,0.0,Clouds
20241201,1733040000,1733005697,1733040859,7.91,5.37,1015,87,5.88,,99,8000.0,4.12,120,0.0,0.0,Clouds
20241201,1733043600,1733005697,1733040859,7.35,6.58,1015,93,6.29,,66,8000.0,1.54,120,0.0,0.0,Clouds
20241201,1733047200,1733005697,1733040859,6.71,4.87,1015,93,5.66,,75,8000.0,2.57,110,0.0,0.0,Clouds
20241201,1733050800,1733005697,1733040859,7.2,5.09,1015,87,5.18,,75,8000.0,3.09,150,0.0,0.0,Clouds
20241201,1733054400,1733005697,1733040859,7.11,6.31,1015,100,7.11,,100,7000.0,1.54,170,0.0,0.0,Rain
20241201,1733058000,1733005697,1733040859,7.48,4.84,1015,100,7.48,,75,6000.0,4.12,110,0.0,0.0,Clouds
20241201,1733061600,1733005697,1733040859,6.49,4.61,1015,93,5.44,,40,5000.0,2.57,240,0.0,0.0,Mist
20241201,1733065200,1733092153,1733127248,6.07,3.94,1015,92,4.87,,37,,2.79,155,0.0,0.0,Clouds
20241201,1733068800,1733092153,1733127248,5.99,3.81,1015,92,4.79,,46,,2.84,158,0.0,0.0,Clouds
20241201,1733072400,1733092153,1733127248,5.53,3.08,1015,100,5.53,,75,3500.0,3.09,140,0.0,0.0,Mist
20241201,1733076000,1733092153,1733127248,5.12,2.6,1015,93,4.08,,1,,3.07,155,0.0,0.0,Clear
20241201,1733079600,1733092153,1733127248,4.6,1.3,1015,100,4.6,,1,4000.0,4.12,140,0.0,0.0,Mist
20241201,1733083200,1733092153,1733127248,4.89,1.66,1015,100,4.89,,20,5000.0,4.12,140,0.0,0.0,Mist
20241201,1733086800,1733092153,1733127248,5.55,3.1,1014,100,5.55,,75,5000.0,3.09,140,0.0,0.0,Mist
20241201,1733090400,1733092153,1733127248,6.07,3.73,1015,100,6.07,,75,7000.0,3.09,130,0.0,0.0,Clouds
20241201,1733094000,1733092153,1733127248,6.07,4.56,1015,100,6.07,,75,7000.0,2.06,150,0.0,0.0,Clouds
20241202,1733097600,1733092153,1733127248,7.86,6.24,1015,100,7.86,,40,8000.0,2.57,160,0.0,0.0,Clouds
20241202,1733101200,1733092153,1733127248,9.53,8.6,1015,93,8.46,,40,8000.0,2.06,170,0.14,0.0,Rain
20241202,1733104800,1733092153,1733127248,10.96,10.54,1015,93,9.87,,40,8000.0,3.09,200,0.58,0.0,Rain
20241202,1733108400,1733092153,1733127248,12.47,12.07,1015,88,10.54,,75,6000.0,4.12,210,0.0,0.0,Clouds
20241202,1733112000,1733092153,1733127248,12.28,11.86,1014,88,10.35,,75,6000.0,3.6,180,0.23,0.0,Rain
20241202,1733115600,1733092153,1733127248,12.15,11.41,1014,76,8.05,,40,6000.0,5.66,280,0.0,0.0,Clouds
20241202,1733119200,1733092153,1733127248,11.71,10.74,1015,69,6.22,,40,6000.0,5.14,260,0.0,0.0,Haze
20241202,1733122800,1733092153,1733127248,10.58,9.81,1015,81,7.46,,38,7000.0,4.63,270,0.0,0.0,Clouds
20241202,1733126400,1733092153,1733127248,8.68,5.88,1016,81,5.61,,38,7000.0,5.14,260,0.0,0.0,Clouds
20241202,1733130000,1733092153,1733127248,7.22,5.48,1017,81,4.18,,0,10000.0,2.57,270,0.0,0.0,Clear
20241202,1733133600,1733092153,1733127248,5.42,2.95,1018,87,3.43,,0,10000.0,3.09,260,0.0,0.0,Clear
20241202,1733137200,1733092153,1733127248,4.43,0.81,1019,87,2.46,,0,10000.0,4.63,340,0.0,0.0,Clear
20241202,1733140800,1733092153,1733127248,3.44,0.21,1019,70,-1.33,,0,,3.58,303,0.0,0.0,Clear
20241202,1733144400,1733092153,1733127248,2.98,-0.36,1020,70,-1.72,,1,,3.6,308,0.0,0.0,Clear
20241202,1733148000,1733092153,1733127248,1.81,-1.79,1021,69,-2.89,,0,10000.0,3.6,310,0.0,0.0,Clear
20241202,1733151600,1733178609,1733213639,1.04,-1.86,1022,69,-3.54,,0,10000.0,2.57,310,0.0,0.0,Clear
20241202,1733155200,1733178609,1733213639,0.32,-2.71,1022,69,-4.16,,0,10000.0,2.57,310,0.0,0.0,Clear
20241202,1733158800,1733178609,1733213639,-0.58,-4.7,1022,69,-4.99,,0,10000.0,3.6,310,0.0,0.0,Clear
20241202,1733162400,1733178609,1733213639,-1.1,-4.9,1023,69,-5.5,,0,10000.0,3.09,310,0.0,0.0,Clear
20241202,1733166000,1733178609,1733213639,-1.47,-6.18,1023,69,-5.85,,0,10000.0,4.12,330,0.0,0.0,Clear
20241202,1733169600,1733178609,1733213639,-1.95,-5.93,1023,64,-7.19,,0,10000.0,3.09,330,0.0,0.0,Clear
20241202,1733173200,1733178609,1733213639,-2.09,-6.1,1023,59,-8.25,,0,10000.0,3.09,330,0.0,0.0,Clear
20241202,1733176800,1733178609,1733213639,-2.47,-6.55,1024,63,-7.87,,0,10000.0,3.09,310,0.0,0.0,Clear
20241202,1733180400,1733178609,1733213639,-2.33,-5.25,1025,64,-7.55,,0,10000.0,2.06,320,0.0,0.0,Clear
20241203,1733184000,1733178609,1733213639,-1.59,-5.93,1025,55,-8.58,,0,10000.0,3.6,320,0.0,0.0,Clear
20241203,1733187600,1733178609,1733213639,-0.6,-3.81,1026,51,-8.5,,0,10000.0,2.57,320,0.0,0.0,Clear
20241203,1733191200,1733178609,1733213639,1.39,-0.91,1025,47,-7.72,,0,10000.0,2.06,290,0.0,0.0,Clear
20241203,1733194800,1733178609,1733213639,2.59,-0.46,1025,38,-9.16,,0,10000.0,3.09,330,0.0,0.0,Clear
20241203,1733198400,1733178609,1733213639,3.85,0.09,1025,33,-9.75,,0,10000.0,4.63,320,0.0,0.0,Clear
20241203,1733202000,1733178609,1733213639,4.36,0.72,1024,30,-10.42,,0,10000.0,4.63,320,0.0,0.0,Clear
20241203,1733205600,1733178609,1733213639,4.37,1.33,1024,33,-9.34,,0,10000.0,3.6,300,0.0,0.0,Clear
20241203,1733209200,1733178609,1733213639,3.97,1.2,1024,35,-8.99,,0,10000.0,3.09,320,0.0,0.0,Clear
20241203,1733212800,1733178609,1733213639,2.45,-0.19,1024,41,-8.41,,0,10000.0,2.57,310,0.0,0.0,Clear
20241203,1733216400,1733178609,1733213639,1.53,-1.28,1024,44,-8.36,,0,10000.0,2.57,250,0.0,0.0,Clear
20241203,1733220000,1733178609,1733213639,0.69,-1.72,1024,48,-8.06,,0,10000.0,2.06,280,0.0,0.0,Clear
20241203,1733223600,1733178609,1733213639,1.4,1.4,1024,48,-7.47,,75,10000.0,1.03,270,0.0,0.0,Clouds
20241203,1733227200,1733178609,1733213639,0.65,0.65,1024,51,-7.39,,75,10000.0,1.03,250,0.0,0.0,Clouds
20241203,1733230800,1733178609,1733213639,1.33,-0.3,1024,56,-5.75,,100,10000.0,1.54,280,0.0,0.0,Clouds
20241203,1733234400,1733178609,1733213639,0.83,-0.87,1024,57,-5.96,,100,10000.0,1.54,330,0.0,0.0,Clouds
20241203,1733238000,1733265063,1733300032,0.79,-1.61,1024,68,-3.93,,100,10000.0,2.06,190,0.0,0.0,Clouds
20241203,1733241600,1733265063,1733300032,-0.43,-0.43,1024,76,-3.71,,30,,1.11,94,0.0,0.0,Clouds
20241203,1733245200,1733265063,1733300032,0.26,-1.52,1024,76,-3.07,,40,10000.0,1.54,330,0.0,0.0,Clouds
20241203,1733248800,1733265063,1733300032,-0.44,-3.04,1024,93,-1.32,,20,10000.0,2.06,320,0.0,0.0,Clouds
20241203,1733252400,1733265063,1733300032,-0.99,-0.99,1024,86,-2.8,,0,10000.0,0.51,10,0.0,0.0,Clear
20241203,1733256000,1733265063,1733300032,-1.51,-1.51,1024,93,-2.38,,0,10000.0,1.03,290,0.0,0.0,Clear
20241203,1733259600,1733265063,1733300032,-2.12,-2.12,1024,100,-2.12,,0,10000.0,1.03,350,0.0,0.0,Clear
20241203,1733263200,1733265063,1733300032,-1.85,-4.15,1024,83,-4.06,,0,,1.68,349,0.0,0.0,Clear
20241203,1733266800,1733265063,1733300032,-2.07,-2.07,1024,100,-2.07,,0,10000.0,0.51,200,0.0,0.0,Clear
20241204,1733270400,1733265063,1733300032,-0.53,-0.53,1025,86,-2.34,,0,10000.0,0.51,320,0.0,0.0,Clear
20241204,1733274000,1733265063,1733300032,1.32,1.32,1025,44,-8.53,,0,10000.0,0.51,30,0.0,0.0,Clear
20241204,1733277600,1733265063,1733300032,3.98,0.86,1025,38,-8.05,,0,10000.0,3.6,350,0.0,0.0,Clear
20241204,1733281200,1733265063,1733300032,4.88,2.7,1024,36,-7.94,,0,10000.0,2.57,340,0.0,0.0,Clear
20241204,1733284800,1733265063,1733300032,5.5,3.43,1023,36,-7.45,,0,10000.0,2.57,320,0.0,0.0,Clear
20241204,1733288400,1733265063,1733300032,6.53,5.09,1022,36,-6.63,,0,10000.0,2.06,330,0.0,0.0,Clear
20241204,1733292000,1733265063,1733300032,6.64,3.81,1022,42,-4.74,,0,10000.0,4.12,280,0.0,0.0,Clear
20241204,1733295600,1733265063,1733300032,6.37,3.48,1021,49,-3.15,,0,10000.0,4.12,280,0.0,0.0,Clear
20241204,1733299200,1733265063,1733300032,4.06,1.73,1021,56,-3.47,,0,10000.0,2.57,270,0.0,0.0,Clear
20241204,1733302800,1733265063,1733300032,2.61,0.0,1020,60,-3.87,,0,10000.0,2.57,270,0.0,0.0,Clear
20241204,1733306400,1733265063,1733300032,1.89,-0.32,1020,60,-4.47,,0,10000.0,2.06,270,0.0,0.0,Clear
20241204,1733310000,1733265063,1733300032,1.57,-0.02,1021,64,-3.98,,0,10000.0,1.54,270,0.0,0.0,Clear
20241204,1733313600,1733265063,1733300032,-0.19,-2.75,1020,80,-2.87,,0,10000.0,2.06,290,0.0,0.0,Clear
20241204,1733317200,1733265063,1733300032,-0.87,-0.87,1021,86,-2.68,,0,10000.0,1.03,270,0.0,0.0,Clear
20241204,1733320800,1733265063,1733300032,-1.59,-1.59,1021,93,-2.46,,75,10000.0,1.03,320,0.0,0.0,Clouds
20241204,1733324400,1733351516,1733386427,-1.91,-1.91,1020,100,-1.91,,40,10000.0,1.03,290,0.0,0.0,Clouds
20241204,1733328000,1733351516,1733386427,-1.2,-1.2,1020,93,-2.07,,0,10000.0,1.03,320,0.0,0.0,Clear
20241204,1733331600,1733351516,1733386427,-0.99,-0.99,1020,100,-0.99,,20,10000.0,1.03,250,0.0,0.0,Clouds
20241204,1733335200,1733351516,1733386427,-0.74,-3.01,1020,75,-4.17,,9,,1.77,23,0.0,0.0,Clear
20241204,1733338800,1733351516,1733386427,-0.93,-0.93,1019,93,-1.8,,0,10000.0,0.51,360,0.0,0.0,Clear
20241204,1733342400,1733351516,1733386427,-2.41,-2.41,1018,100,-2.41,,0,10000.0,0.51,350,0.0,0.0,Clear
20241204,1733346000,1733351516,1733386427,-2.81,-5.81,1018,100,-2.81,,0,10000.0,2.06,20,0.0,0.0,Clear
20241204,1733349600,1733351516,1733386427,-1.98,-4.08,1018,100,-1.98,,0,10000.0,1.54,290,0.0,0.0,Clear
20241204,1733353200,1733351516,1733386427,-1.97,-1.97,1018,100,-1.97,,0,10000.0,1.03,340,0.0,0.0,Clear
20241205,1733356800,1733351516,1733386427,-0.22,-0.22,1018,86,-2.04,,0,10000.0,0.51,310,0.0,0.0,Clear
20241205,1733360400,1733351516,1733386427,1.16,1.16,1019,68,-3.61,,58,,1.01,232,0.0,0.0,Clouds
20241205,1733364000,1733351516,1733386427,4.86,4.86,1018,36,-7.96,,0,10000.0,1.03,320,0.0,0.0,Clear
20241205,1733367600,1733351516,1733386427,6.14,2.48,1018,39,-6.01,,0,10000.0,5.66,260,0.0,0.0,Clear
20241205,1733371200,1733351516,1733386427,7.22,3.65,1017,39,-5.15,,0,10000.0,6.17,280,0.0,0.0,Clear
20241205,1733374800,1733351516,1733386427,8.21,5.29,1017,46,-2.4,,0,10000.0,5.14,230,0.0,0.0,Clear
20241205,1733378400,1733351516,1733386427,8.45,5.4,1016,53,-0.5,,40,10000.0,5.66,230,0.0,0.0,Clouds
20241205,1733382000,1733351516,1733386427,7.91,5.75,1015,57,-0.06,,49,,3.41,263,0.0,0.0,Clouds
20241205,1733385600,1733351516,1733386427,6.15,2.71,1015,82,3.31,,75,8000.0,5.14,260,0.0,0.0,Rain
20241205,1733389200,1733351516,1733386427,4.86,3.74,1016,91,3.52,,40,10000.0,1.54,290,0.28,0.0,Rain
20241205,1733392800,1733351516,1733386427,4.98,2.42,1016,93,3.94,,0,10000.0,3.09,280,0.0,0.0,Clear
20241205,1733396400,1733351516,1733386427,4.02,1.68,1016,89,2.37,,0,10000.0,2.57,260,0.0,0.0,Clear
20241205,1733400000,1733351516,1733386427,2.07,2.07,1016,97,1.64,,0,10000.0,1.03,260,0.0,0.0,Clear
20241205,1733403600,1733351516,1733386427,1.41,1.41,1017,100,1.41,,0,10000.0,1.03,290,0.0,0.0,Clear
20241205,1733407200,1733351516,1733386427,2.19,-0.49,1017,68,-2.74,,0,10000.0,2.57,260,0.0,0.0,Snow
20241205,1733410800,1733437969,1733472824,1.99,-1.18,1017,76,-1.58,,0,10000.0,3.09,290,0.0,0.0,Snow
20241205,1733414400,1733437969,1733472824,3.23,-0.06,1018,78,-0.2,,0,10000.0,3.6,310,0.0,0.0,Clear
20241205,1733418000,1733437969,1733472824,2.34,0.2,1018,67,-2.79,,0,10000.0,2.06,330,0.0,0.0,Clear
20241205,1733421600,1733437969,1733472824,1.66,-0.59,1019,68,-3.19,,0,9000.0,2.06,300,0.0,0.0,Clear
20241205,1733425200,1733437969,1733472824,1.09,-2.27,1019,63,-4.57,,0,10000.0,3.09,340,0.0,0.0,Clear
20241205,1733428800,1733437969,1733472824,0.14,-3.41,1020,59,-6.14,,0,10000.0,3.09,310,0.0,0.0,Clear
20241205,1733432400,1733437969,1733472824,-0.34,-2.93,1020,69,-4.76,,0,10000.0,2.06,340,0.0,0.0,Clear
20241205,1733436000,1733437969,1733472824,-0.12,-4.14,1020,58,-6.57,,0,10000.0,3.6,330,0.0,0.0,Clear
20241205,1733439600,1733437969,1733472824,-0.82,-3.49,1020,57,-7.44,,0,10000.0,2.06,320,0.0,0.0,Clear
20241206,1733443200,1733437969,1733472824,1.04,-1.86,1021,47,-8.01,,0,10000.0,2.57,320,0.0,0.0,Clear
20241206,1733446800,1733437969,1733472824,2.08,-1.07,1021,43,-8.17,,0,10000.0,3.09,320,0.0,0.0,Clear
20241206,1733450400,1733437969,1733472824,3.91,0.45,1021,39,-7.8,,0,10000.0,4.12,290,0.0,0.0,Clear
20241206,1733454000,1733437969,1733472824,4.51,0.0,1021,39,-7.32,,0,10000.0,6.69,280,0.0,0.0,Clear
20241206,1733457600,1733437969,1733472824,5.1,-0.08,1021,36,-7.77,,0,10000.0,9.26,310,0.0,0.0,Clear
20241206,1733461200,1733437969,1733472824,5.53,0.79,1021,38,-6.8,,0,10000.0,8.23,300,0.0,0.0,Clear
20241206,1733464800,1733437969,1733472824,5.53,1.93,1021,28,-10.28,,20,10000.0,5.14,310,0.0,0.0,Clouds
20241206,1733468400,1733437969,1733472824,4.88,1.64,1021,41,-6.45,,0,10000.0,4.12,310,0.0,0.0,Clear
20241206,1733472000,1733437969,1733472824,3.23,-0.39,1022,47,-6.21,,0,10000.0,4.12,320,0.0,0.0,Clear
20241206,1733475600,1733437969,1733472824,2.24,-1.61,1022,48,-6.78,,0,10000.0,4.12,330,0.0,0.0,Clear
20241206,1733479200,1733437969,1733472824,1.14,-2.96,1023,54,-6.33,,0,10000.0,4.12,310,0.0,0.0,Clear
20241206,1733482800,1733437969,1733472824,0.33,-3.96,1024,58,-6.18,,0,10000.0,4.12,350,0.0,0.0,Clear
20241206,1733486400,1733437969,1733472824,-0.51,-2.4,1024,64,-5.8,,0,10000.0,1.54,270,0.0,0.0,Clear
20241206,1733490000,1733437969,1733472824,-0.16,-3.77,1025,63,-5.65,,0,10000.0,3.09,340,0.0,0.0,Clear
20241206,1733493600,1733437969,1733472824,-1.35,-4.7,1025,65,-6.43,,0,10000.0,2.57,330,0.0,0.0,Clear
20241206,1733497200,1733524420,1733559224,-1.76,-5.18,1025,55,-8.74,,0,10000.0,2.57,350,0.0,0.0,Clear
20241206,1733500800,1733524420,1733559224,-2.16,-4.29,1025,63,-7.57,,0,10000.0,1.54,290,0.0,0.0,Clear
20241206,1733504400,1733524420,1733559224,-2.96,-2.96,1025,68,-7.46,,0,10000.0,1.03,10,0.0,0.0,Clear
20241206,1733508000,1733524420,1733559224,-3.26,-3.26,1026,71,-7.26,,0,10000.0,0.51,250,0.0,0.0,Clear
20241206,1733511600,1733524420,1733559224,-3.61,-3.61,1025,68,-8.09,,0,10000.0,0.51,180,0.0,0.0,Clear
20241206,1733515200,1733524420,1733559224,-4.57,-7.86,1025,77,-7.6,,0,10000.0,2.06,280,0.0,0.0,Clear
20241206,1733518800,1733524420,1733559224,-4.6,-4.6,1025,80,-7.19,,0,10000.0,1.03,30,0.0,0.0,Clear
20241206,1733522400,1733524420,1733559224,-3.97,-3.97,1025,74,-7.47,,20,10000.0,0.51,240,0.0,0.0,Clouds
20241206,1733526000,1733524420,1733559224,-4.28,-4.28,1025,80,-6.88,,0,10000.0,0.51,270,0.0,0.0,Clear
20241207,1733529600,1733524420,1733559224,-2.21,-2.21,1026,69,-6.57,,75,10000.0,1.03,170,0.0,0.0,Clouds
20241207,1733533200,1733524420,1733559224,-0.38,-4.46,1026,49,-8.75,,0,10000.0,3.6,320,0.0,0.0,Clear
20241207,1733536800,1733524420,1733559224,1.72,-2.25,1025,48,-7.21,,0,10000.0,4.12,330,0.0,0.0,Clear
20241207,1733540400,1733524420,1733559224,2.48,-0.97,1025,47,-6.82,,20,10000.0,3.6,330,0.0,0.0,Clouds
20241207,1733544000,1733524420,1733559224,3.05,-0.61,1024,43,-7.38,,20,10000.0,4.12,320,0.0,0.0,Clouds
20241207,1733547600,1733524420,1733559224,3.73,-0.06,1023,40,-7.66,,20,10000.0,4.63,290,0.0,0.0,Clouds
20241207,1733551200,1733524420,1733559224,3.82,-0.45,1023,42,-7.03,,20,10000.0,5.66,270,0.0,0.0,Clouds
20241207,1733554800,1733524420,1733559224,3.01,-1.48,1023,50,-5.67,,75,10000.0,5.66,280,0.0,0.0,Clouds
20241207,1733558400,1733524420,1733559224,1.32,-2.38,1023,56,-5.76,,75,10000.0,3.6,320,0.0,0.0,Clouds
20241207,1733562000,1733524420,1733559224,0.36,-3.55,1024,60,-5.76,,40,10000.0,3.6,280,0.0,0.0,Clouds
20241207,1733565600,1733524420,1733559224,-0.26,-4.69,1024,60,-6.31,,0,10000.0,4.12,280,0.0,0.0,Clear
20241207,1733569200,1733524420,1733559224,-0.8,-4.97,1024,64,-6.08,,0,10000.0,3.6,310,0.0,0.0,Clear
20241207,1733572800,1733524420,1733559224,-1.11,-5.73,1024,62,-6.75,,0,10000.0,4.12,340,0.0,0.0,Clear
20241207,1733576400,1733524420,1733559224,-1.38,-6.07,1025,51,-9.24,,20,10000.0,4.12,320,0.0,0.0,Clouds
20241207,1733580000,1733524420,1733559224,-1.91,-5.88,1025,64,-7.15,,0,10000.0,3.09,340,0.0,0.0,Clear
20241207,1733583600,1733610870,1733645625,-2.22,-6.7,1025,67,-6.92,,0,10000.0,3.6,340,0.0,0.0,Clear
20241207,1733587200,1733610870,1733645625,-2.37,-7.64,1025,67,-7.06,,0,10000.0,4.63,340,0.0,0.0,Clear
20241207,1733590800,1733610870,1733645625,-2.93,-6.57,1025,68,-7.43,,0,10000.0,2.57,330,0.0,0.0,Clear
20241207,1733594400,1733610870,1733645625,-3.17,-3.17,1026,67,-7.84,,0,10000.0,1.03,290,0.0,0.0,Clear
20241207,1733598000,1733610870,1733645625,-3.47,-7.76,1026,50,-11.43,,0,10000.0,3.09,330,0.0,0.0,Clear
20241207,1733601600,1733610870,1733645625,-4.04,-8.91,1026,59,-10.12,,0,10000.0,3.6,330,0.0,0.0,Clear
20241207,1733605200,1733610870,1733645625,-4.52,-6.98,1026,54,-11.56,,0,10000.0,1.54,360,0.0,0.0,Clear
20241207,1733608800,1733610870,1733645625,-4.48,-8.41,1027,68,-8.93,,0,10000.0,2.57,340,0.0,0.0,Clear
20241207,1733612400,1733610870,1733645625,-4.49,-8.42,1028,54,-11.53,,0,10000.0,2.57,20,0.0,0.0,Clear
20241208,1733616000,1733610870,1733645625,-2.99,-6.64,1028,57,-9.5,,0,10000.0,2.57,310,0.0,0.0,Clear
20241208,1733619600,1733610870,1733645625,-1.85,-7.32,1028,47,-10.6,,0,10000.0,5.14,310,0.0,0.0,Clear
20241208,1733623200,1733610870,1733645625,0.54,-3.7,1028,40,-10.25,,0,10000.0,4.12,300,0.0,0.0,Clear
20241208,1733626800,1733610870,1733645625,1.31,-3.07,1028,36,-10.8,,0,10000.0,4.63,320,0.0,0.0,Clear
20241208,1733630400,1733610870,1733645625,2.48,-1.31,1027,29,-12.28,,0,10000.0,4.12,310,0.0,0.0,Clear
20241208,1733634000,1733610870,1733645625,3.35,0.09,1027,28,-11.98,,0,10000.0,3.6,290,0.0,0.0,Clear
20241208,1733637600,1733610870,1733645625,4.02,0.3,1026,24,-13.17,,0,10000.0,4.63,290,0.0,0.0,Clear
20241208,1733641200,1733610870,1733645625,3.72,-0.33,1026,27,-12.1,,0,10000.0,5.14,290,0.0,0.0,Clear
20241208,1733644800,1733610870,1733645625,1.18,-1.69,1026,32,-12.22,,0,10000.0,2.57,260,0.0,0.0,Clear
20241208,1733648400,1733610870,1733645625,0.19,-1.6,1027,29,-14.09,,0,10000.0,1.54,320,0.0,0.0,Clear
20241208,1733652000,1733610870,1733645625,-1.23,-1.23,1027,40,-11.82,,0,10000.0,0.51,170,0.0,0.0,Clear
20241208,1733655600,1733610870,1733645625,-2.3,-2.3,1027,62,-7.89,,0,10000.0,0.51,340,0.0,0.0,Clear
20241208,1733659200,1733610870,1733645625,-2.33,-2.33,1027,64,-7.55,,0,10000.0,1.03,290,0.0,0.0,Clear
20241208,1733662800,1733610870,1733645625,-2.54,-5.49,1027,64,-7.75,,0,10000.0,2.06,300,0.0,0.0,Clear
20241208,1733666400,1733610870,1733645625,-3.29,-7.0,1027,59,-9.4,,0,10000.0,2.57,330,0.0,0.0,Clear
20241208,1733670000,1733697319,1733732028,-3.68,-3.68,1027,63,-9.03,,0,10000.0,1.03,310,0.0,0.0,Clear
20241208,1733673600,1733697319,1733732028,-3.59,-3.59,1027,54,-10.68,,0,10000.0,0.51,320,0.0,0.0,Clear
20241208,1733677200,1733697319,1733732028,-4.32,-4.32,1027,66,-9.12,,0,10000.0,1.03,120,0.0,0.0,Clear
20241208,1733680800,1733697319,1733732028,-5.09,-5.09,1028,77,-8.11,,0,10000.0,1.03,180,0.0,0.0,Clear
20241208,1733684400,1733697319,1733732028,-5.37,-8.8,1027,81,-7.81,,0,10000.0,2.06,60,0.0,0.0,Clear
20241208,1733688000,1733697319,1733732028,-5.45,-5.45,1027,83,-7.6,,0,10000.0,1.03,330,0.0,0.0,Clear
20241208,1733691600,1733697319,1733732028,-5.61,-5.61,1027,87,-7.22,,0,10000.0,1.03,280,0.0,0.0,Clear
20241208,1733695200,1733697319,1733732028,-5.08,-5.08,1027,83,-7.24,,0,10000.0,1.03,180,0.0,0.0,Clear
20241208,1733698800,1733697319,1733732028,-6.21,-6.21,1027,81,-8.63,,0,10000.0,1.03,50,0.0,0.0,Clear
20241209,1733702400,1733697319,1733732028,-2.89,-2.89,1027,68,-7.4,,0,10000.0,1.03,170,0.0,0.0,Clear
20241209,1733706000,1733697319,1733732028,-1.33,-1.33,1028,47,-10.11,,0,10000.0,1.03,210,0.0,0.0,Clear
20241209,1733709600,1733697319,1733732028,2.02,-0.17,1027,38,-9.62,,0,10000.0,2.06,140,0.0,0.0,Clear
20241209,1733713200,1733697319,1733732028,3.33,3.33,1026,34,-9.83,,0,10000.0,1.03,70,0.0,0.0,Clear
20241209,1733716800,1733697319,1733732028,4.12,2.89,1025,33,-9.54,,20,10000.0,1.54,60,0.0,0.0,Clouds
20241209,1733720400,1733697319,1733732028,5.37,4.32,1024,39,-6.63,,0,10000.0,1.54,140,0.0,0.0,Clear
20241209,1733724000,1733697319,1733732028,5.6,5.6,1024,42,-5.58,,40,10000.0,1.03,340,0.0,0.0,Clouds
20241209,1733727600,1733697319,1733732028,5.53,3.47,1024,47,-4.33,,40,10000.0,2.57,270,0.0,0.0,Clouds
20241209,1733731200,1733697319,1733732028,4.82,3.1,1025,52,-3.72,,40,10000.0,2.06,330,0.0,0.0,Clouds
20241209,1733734800,1733697319,1733732028,4.41,4.41,1024,58,-2.76,,0,10000.0,0.51,300,0.0,0.0,Clear
20241209,1733738400,1733697319,1733732028,1.05,-0.62,1024,69,-3.53,,0,10000.0,1.54,30,0.0,0.0,Clear
20241209,1733742000,1733697319,1733732028,0.43,0.43,1024,80,-2.31,,0,10000.0,1.03,290,0.0,0.0,Clear
20241209,1733745600,1733697319,1733732028,1.16,-0.49,1024,84,-1.09,,0,10000.0,1.54,320,0.0,0.0,Clear
20241209,1733749200,1733697319,1733732028,0.77,0.77,1024,80,-2.02,,0,10000.0,0.51,300,0.0,0.0,Clear
20241209,1733752800,1733697319,1733732028,-0.48,-0.48,1024,80,-3.15,,0,10000.0,0.51,220,0.0,0.0,Clear
20241209,1733756400,1733783766,1733818433,-2.01,-2.01,1024,93,-2.88,,0,9000.0,1.03,290,0.0,0.0,Clear
20241209,1733760000,1733783766,1733818433,-2.41,-4.57,1025,93,-3.27,,0,9000.0,1.54,340,0.0,0.0,Clear
20241209,1733763600,1733783766,1733818433,-3.96,-3.96,1024,93,-4.81,,0,8000.0,0.51,310,0.0,0.0,Clear
20241209,1733767200,1733783766,1733818433,-4.38,-4.38,1025,93,-5.23,,0,4000.0,1.03,310,0.0,0.0,Fog
20241209,1733770800,1733783766,1733818433,-4.15,-4.15,1025,97,-4.51,,0,5000.0,0.51,300,0.0,0.0,Mist
20241209,1733774400,1733783766,1733818433,-4.69,-4.69,1025,93,-5.54,,0,5000.0,1.03,360,0.0,0.0,Mist
20241209,1733778000,1733783766,1733818433,-4.97,-4.97,1025,97,-5.33,,0,5000.0,0.51,20,0.0,0.0,Mist
20241209,1733781600,1733783766,1733818433,-4.84,-4.84,1026,97,-5.2,,0,5000.0,1.03,200,0.0,0.0,Mist
20241209,1733785200,1733783766,1733818433,-4.07,-4.07,1026,93,-4.92,,0,10000.0,0.51,180,0.0,0.0,Clear
20241210,1733788800,1733783766,1733818433,-2.31,-2.31,1026,97,-2.67,,0,10000.0,0.51,320,0.0,0.0,Clear
20241210,1733792400,1733783766,1733818433,0.12,0.12,1025,75,-3.34,,0,10000.0,1.03,230,0.0,0.0,Clear
20241210,1733796000,1733783766,1733818433,3.29,3.29,1025,50,-5.44,,0,10000.0,1.03,60,0.0,0.0,Clear
20241210,1733799600,1733783766,1733818433,4.67,2.92,1025,40,-6.9,,0,10000.0,2.06,40,0.0,0.0,Clear
20241210,1733803200,1733783766,1733818433,5.63,2.57,1025,41,-5.84,,0,10000.0,4.12,270,0.0,0.0,Clear
20241210,1733806800,1733783766,1733818433,6.64,3.81,1024,41,-5.03,,0,10000.0,4.12,10,0.0,0.0,Clear
20241210,1733810400,1733783766,1733818433,6.68,3.61,1023,43,-4.44,,0,10000.0,4.63,340,0.0,0.0,Clear
20241210,1733814000,1733783766,1733818433,6.26,3.63,1023,42,-5.05,,0,10000.0,3.6,350,0.0,0.0,Clear
20241210,1733817600,1733783766,1733818433,3.63,1.71,1023,45,-6.38,,0,10000.0,2.06,270,0.0,0.0,Clear
20241210,1733821200,1733783766,1733818433,2.13,2.13,1023,52,-5.94,,0,10000.0,1.03,280,0.0,0.0,Clear
20241210,1733824800,1733783766,1733818433,1.79,-0.44,1023,58,-4.95,,0,10000.0,2.06,280,0.0,0.0,Clear
20241210,1733828400,1733783766,1733818433,1.0,-1.91,1024,60,-5.22,,0,10000.0,2.57,290,0.0,0.0,Clear
20241210,1733832000,1733783766,1733818433,1.22,-1.65,1024,65,-4.1,,0,10000.0,2.57,310,0.0,0.0,Clear
20241210,1733835600,1733783766,1733818433,0.6,0.6,1024,70,-3.75,,0,10000.0,1.03,260,0.0,0.0,Clear
20241210,1733839200,1733783766,1733818433,0.31,-1.46,1024,67,-4.51,,0,10000.0,1.54,310,0.0,0.0,Clear
20241210,1733842800,1733870212,1733904841,-0.08,-0.08,1024,65,-5.21,,0,10000.0,1.03,320,0.0,0.0,Clear
20241210,1733846400,1733870212,1733904841,-0.45,-0.45,1024,60,-6.49,,0,10000.0,0.51,300,0.0,0.0,Clear
20241210,1733850000,1733870212,1733904841,-0.65,-0.65,1024,64,-5.94,,0,10000.0,1.03,330,0.0,0.0,Clear
20241210,1733853600,1733870212,1733904841,-0.84,-2.78,1024,72,-4.75,,0,10000.0,1.54,330,0.0,0.0,Clear
20241210,1733857200,1733870212,1733904841,-0.85,-3.52,1023,72,-4.76,,0,10000.0,2.06,310,0.0,0.0,Clear
20241210,1733860800,1733870212,1733904841,-0.48,-3.09,1023,70,-4.73,,0,10000.0,2.06,340,0.0,0.0,Clear
20241210,1733864400,1733870212,1733904841,-0.68,-3.32,1022,74,-4.27,,0,10000.0,2.06,300,0.0,0.0,Clear
20241210,1733868000,1733870212,1733904841,-1.04,-3.74,1023,72,-4.94,,0,10000.0,2.06,330,0.0,0.0,Clear
20241210,1733871600,1733870212,1733904841,-1.23,-1.23,1024,74,-4.8,,0,10000.0,1.03,290,0.0,0.0,Clear
20241211,1733875200,1733870212,1733904841,-0.55,-3.17,1024,72,-4.46,,0,10000.0,2.06,320,0.0,0.0,Clear
20241211,1733878800,1733870212,1733904841,1.01,-1.89,1024,58,-5.61,,0,10000.0,2.57,310,0.0,0.0,Haze
20241211,1733882400,1733870212,1733904841,3.21,-0.08,1025,51,-5.27,,0,10000.0,3.6,320,0.0,0.0,Haze
20241211,1733886000,1733870212,1733904841,4.22,1.5,1023,45,-5.9,,0,10000.0,3.09,310,0.0,0.0,Haze
20241211,1733889600,1733870212,1733904841,5.47,2.37,1022,39,-6.55,,0,10000.0,4.12,360,0.0,0.0,Haze
20241211,1733893200,1733870212,1733904841,6.53,4.66,1022,35,-6.95,,0,10000.0,2.57,320,0.0,0.0,Haze
20241211,1733896800,1733870212,1733904841,6.82,4.32,1022,37,-6.08,,0,10000.0,3.6,310,0.0,0.0,Clear
20241211,1733900400,1733870212,1733904841,6.58,4.34,1022,37,-6.27,,0,10000.0,3.09,300,0.0,0.0,Clear
20241211,1733904000,1733870212,1733904841,5.1,2.96,1022,42,-5.99,,0,10000.0,2.57,310,0.0,0.0,Clear
20241211,1733907600,1733870212,1733904841,3.16,0.23,1022,52,-5.09,,0,10000.0,3.09,290,0.0,0.0,Clear
20241211,1733911200,1733870212,1733904841,1.43,-2.92,1023,50,-6.98,,0,10000.0,4.63,310,0.0,0.0,Clear
20241211,1733914800,1733870212,1733904841,0.23,-3.3,1023,59,-6.06,,0,10000.0,3.09,320,0.0,0.0,Clear
20241211,1733918400,1733870212,1733904841,-0.45,-4.12,1024,57,-7.09,,0,10000.0,3.09,300,0.0,0.0,Clear
20241211,1733922000,1733870212,1733904841,-1.1,-4.4,1025,64,-6.37,,0,10000.0,2.57,310,0.0,0.0,Clear
20241211,1733925600,1733870212,1733904841,-2.09,-6.1,1025,59,-8.25,,0,10000.0,3.09,310,0.0,0.0,Clear
20241211,1733929200,1733956657,1733991250,-2.53,-5.48,1025,59,-8.67,,0,10000.0,2.06,310,0.0,0.0,Clear
20241211,1733932800,1733956657,1733991250,-2.99,-6.02,1025,63,-8.37,,0,10000.0,2.06,310,0.0,0.0,Clear
20241211,1733936400,1733956657,1733991250,-3.93,-3.93,1025,68,-8.4,,0,10000.0,1.03,320,0.0,0.0,Clear
20241211,1733940000,1733956657,1733991250,-4.17,-6.58,1025,71,-8.14,,0,10000.0,1.54,320,0.0,0.0,Clear
20241211,1733943600,1733956657,1733991250,-4.59,-4.59,1025,71,-8.55,,0,10000.0,0.51,110,0.0,0.0,Clear
20241211,1733947200,1733956657,1733991250,-4.98,-8.34,1025,68,-9.42,,0,10000.0,2.06,300,0.0,0.0,Clear
20241211,1733950800,1733956657,1733991250,-5.35,-8.78,1025,71,-9.29,,0,10000.0,2.06,320,0.0,0.0,Clear
20241211,1733954400,1733956657,1733991250,-5.12,-5.12,1026,77,-8.14,,0,10000.0,1.03,40,0.0,0.0,Clear
20241211,1733958000,1733956657,1733991250,-5.22,-5.22,1027,79,-7.94,,0,10000.0,1.03,290,0.0,0.0,Clear
20241212,1733961600,1733956657,1733991250,-3.23,-3.23,1027,69,-7.56,,0,10000.0,0.51,170,0.0,0.0,Clear
20241212,1733965200,1733956657,1733991250,-1.49,-4.86,1027,51,-9.34,,0,10000.0,2.57,300,0.0,0.0,Clear
20241212,1733968800,1733956657,1733991250,0.99,0.99,1027,39,-10.17,,0,10000.0,1.03,60,0.0,0.0,Clear
20241212,1733972400,1733956657,1733991250,2.39,0.26,1026,30,-11.98,,0,10000.0,2.06,290,0.0,0.0,Clear
20241212,1733976000,1733956657,1733991250,3.42,0.97,1025,22,-14.58,,0,10000.0,2.57,330,0.0,0.0,Clear
20241212,1733979600,1733956657,1733991250,4.17,0.77,1025,24,-13.05,,0,10000.0,4.12,300,0.0,0.0,Clear
20241212,1733983200,1733956657,1733991250,3.91,0.77,1024,25,-12.8,,0,10000.0,3.6,300,0.0,0.0,Clear
20241212,1733986800,1733956657,1733991250,3.49,-0.07,1025,25,-13.13,,0,10000.0,4.12,340,0.0,0.0,Clear
20241212,1733990400,1733956657,1733991250,2.03,-0.16,1024,32,-11.54,,0,10000.0,2.06,350,0.0,0.0,Clear
20241212,1733994000,1733956657,1733991250,1.1,-0.56,1025,37,-10.67,,0,10000.0,1.54,290,0.0,0.0,Clear
20241212,1733997600,1733956657,1733991250,0.8,-1.6,1025,37,-10.91,,0,10000.0,2.06,290,0.0,0.0,Clear
20241212,1734001200,1733956657,1733991250,0.47,0.47,1025,43,-9.49,,0,10000.0,1.03,290,0.0,0.0,Clear
20241212,1734004800,1733956657,1733991250,0.3,-1.47,1025,46,-8.86,,0,10000.0,1.54,10,0.0,0.0,Clear
20241212,1734008400,1733956657,1733991250,-0.37,-0.37,1024,49,-8.74,,0,10000.0,0.51,320,0.0,0.0,Clear
20241212,1734012000,1733956657,1733991250,-0.97,-4.75,1025,59,-7.18,,0,10000.0,3.09,330,0.0,0.0,Clear
20241212,1734015600,1734043101,1734077661,-1.09,-4.39,1025,55,-8.1,,0,10000.0,2.57,330,0.0,0.0,Clear
20241212,1734019200,1734043101,1734077661,-1.39,-4.15,1025,50,-9.47,,0,10000.0,2.06,290,0.0,0.0,Clear
20241212,1734022800,1734043101,1734077661,-1.62,-4.42,1025,52,-9.24,,0,10000.0,2.06,330,0.0,0.0,Clear
20241212,1734026400,1734043101,1734077661,-1.9,-1.9,1025,59,-8.07,,0,10000.0,1.03,160,0.0,0.0,Clear
20241212,1734030000,1734043101,1734077661,-1.72,-1.72,1024,50,-9.78,,75,10000.0,0.51,240,0.0,0.0,Clouds
20241212,1734033600,1734043101,1734077661,-2.1,-2.1,1023,64,-7.33,,0,10000.0,1.03,10,0.0,0.0,Clear
20241212,1734037200,1734043101,1734077661,-1.92,-1.92,1022,62,-7.52,,0,10000.0,1.03,30,0.0,0.0,Clear
20241212,1734040800,1734043101,1734077661,-1.76,-1.76,1022,59,-7.94,,0,10000.0,1.03,350,0.0,0.0,Clear
20241212,1734044400,1734043101,1734077661,-1.72,-4.54,1022,64,-6.97,,75,10000.0,2.06,310,0.0,0.0,Clouds
20241213,1734048000,1734043101,1734077661,-0.84,-0.84,1023,53,-8.29,,75,10000.0,1.03,300,0.0,0.0,Clouds
20241213,1734051600,1734043101,1734077661,0.24,-1.54,1023,45,-9.16,,75,10000.0,1.54,340,0.0,0.0,Clouds
20241213,1734055200,1734043101,1734077661,2.38,0.25,1023,38,-9.33,,75,10000.0,2.06,310,0.0,0.0,Clouds
20241213,1734058800,1734043101,1734077661,2.54,-1.24,1022,33,-10.79,,75,10000.0,4.12,320,0.0,0.0,Clouds
20241213,1734062400,1734043101,1734077661,2.8,-1.49,1021,31,-11.29,,75,10000.0,5.14,340,0.0,0.0,Clouds
20241213,1734066000,1734043101,1734077661,3.57,-0.77,1021,32,-10.32,,0,10000.0,5.66,310,0.0,0.0,Clear
20241213,1734069600,1734043101,1734077661,3.97,-0.26,1020,30,-10.73,,0,10000.0,5.66,320,0.0,0.0,Clear
20241213,1734073200,1734043101,1734077661,3.8,-0.23,1021,29,-11.24,,0,10000.0,5.14,310,0.0,0.0,Clear
20241213,1734076800,1734043101,1734077661,2.6,-0.45,1022,28,-12.57,,40,10000.0,3.09,310,0.0,0.0,Clouds
20241213,1734080400,1734043101,1734077661,1.47,-2.56,1022,32,-11.99,,0,10000.0,4.12,310,0.0,0.0,Clear
20241213,1734084000,1734043101,1734077661,0.61,-3.61,1023,36,-11.37,,0,10000.0,4.12,300,0.0,0.0,Clear
20241213,1734087600,1734043101,1734077661,-0.25,-5.01,1024,41,-10.64,,0,10000.0,4.63,310,0.0,0.0,Clear
20241213,1734091200,1734043101,1734077661,-0.74,-3.97,1024,51,-8.63,,0,10000.0,2.57,330,0.0,0.0,Clear
20241213,1734094800,1734043101,1734077661,-1.14,-5.77,1024,50,-9.23,,0,10000.0,4.12,350,0.0,0.0,Clear
20241213,1734098400,1734043101,1734077661,-2.03,-5.5,1025,53,-9.41,,0,10000.0,2.57,320,0.0,0.0,Clear
20241213,1734102000,1734129543,1734164075,-2.25,-5.76,1025,53,-9.62,,0,10000.0,2.57,260,0.0,0.0,Clear
20241213,1734105600,1734129543,1734164075,-2.74,-6.35,1025,53,-10.09,,0,10000.0,2.57,290,0.0,0.0,Clear
20241213,1734109200,1734129543,1734164075,-3.46,-6.57,1025,55,-10.35,,0,10000.0,2.06,340,0.0,0.0,Clear
20241213,1734112800,1734129543,1734164075,-3.94,-8.32,1026,55,-10.81,,0,10000.0,3.09,260,0.0,0.0,Clear
20241213,1734116400,1734129543,1734164075,-4.42,-6.87,1026,61,-10.1,,0,10000.0,1.54,280,0.0,0.0,Clear
20241213,1734120000,1734129543,1734164075,-4.82,-7.32,1026,61,-10.49,,0,10000.0,1.54,300,0.0,0.0,Clear
20241213,1734123600,1734129543,1734164075,-5.06,-7.6,1026,64,-10.18,,0,10000.0,1.54,270,0.0,0.0,Clear
20241213,1734127200,1734129543,1734164075,-5.01,-8.38,1027,66,-9.78,,0,10000.0,2.06,270,0.0,0.0,Clear
20241213,1734130800,1734129543,1734164075,-4.63,-9.15,1027,61,-10.3,,0,10000.0,3.09,300,0.0,0.0,Clear
20241214,1734134400,1734129543,1734164075,-3.5,-8.26,1028,53,-10.81,,0,10000.0,3.6,300,0.0,0.0,Clear
20241214,1734138000,1734129543,1734164075,-2.04,-6.48,1028,46,-11.02,,0,10000.0,3.6,320,0.0,0.0,Clear
20241214,1734141600,1734129543,1734164075,0.27,-4.03,1028,41,-10.19,,0,10000.0,4.12,300,0.0,0.0,Clear
20241214,1734145200,1734129543,1734164075,0.74,-2.69,1027,37,-10.96,,0,10000.0,3.09,320,0.0,0.0,Clear
20241214,1734148800,1734129543,1734164075,1.19,-2.54,1026,38,-10.3,,0,10000.0,3.6,330,0.0,0.0,Clear
20241214,1734152400,1734129543,1734164075,2.1,-2.36,1025,37,-9.86,,0,10000.0,5.14,300,0.0,0.0,Clear
20241214,1734156000,1734129543,1734164075,2.13,-1.74,1025,38,-9.54,,0,10000.0,4.12,330,0.0,0.0,Clear
20241214,1734159600,1734129543,1734164075,2.24,-1.61,1024,40,-8.87,,0,10000.0,4.12,260,0.0,0.0,Clear
20241214,1734163200,1734129543,1734164075,0.68,-2.76,1024,44,-9.06,,0,10000.0,3.09,260,0.0,0.0,Clear
20241214,1734166800,1734129543,1734164075,-0.36,-2.95,1024,47,-9.2,,0,10000.0,2.06,290,0.0,0.0,Clear
20241214,1734170400,1734129543,1734164075,-1.46,-1.46,1025,55,-8.45,,0,10000.0,1.03,260,0.0,0.0,Clear
20241214,1734174000,1734129543,1734164075,-2.54,-2.54,1024,64,-7.75,,0,10000.0,0.51,180,0.0,0.0,Clear
20241214,1734177600,1734129543,1734164075,-1.51,-1.51,1024,68,-6.06,,40,10000.0,0.51,190,0.0,0.0,Clouds
20241214,1734181200,1734129543,1734164075,-1.81,-1.81,1024,63,-7.23,,40,10000.0,0.51,110,0.0,0.0,Clouds
20241214,1734184800,1734129543,1734164075,-2.37,-2.37,1024,74,-5.91,,75,10000.0,0.51,340,0.0,0.0,Clouds
20241214,1734188400,1734215983,1734250490,-2.15,-2.15,1024,77,-5.24,,75,10000.0,0.51,310,0.0,0.0,Clouds
20241214,1734192000,1734215983,1734250490,-2.44,-2.44,1023,75,-5.83,,75,10000.0,0.51,80,0.0,0.0,Clouds
20241214,1734195600,1734215983,1734250490,-2.41,-5.34,1022,73,-6.11,,75,10000.0,2.06,200,0.0,0.0,Clouds
20241214,1734199200,1734215983,1734250490,-2.37,-6.43,1022,73,-6.07,,75,10000.0,3.09,190,0.0,0.0,Clouds
20241214,1734202800,1734215983,1734250490,-1.74,-3.81,1021,77,-4.84,,75,10000.0,1.54,180,0.0,0.0,Clouds
20241214,1734206400,1734215983,1734250490,-1.92,-4.77,1021,80,-4.56,,75,10000.0,2.06,220,0.0,0.0,Clouds
20241214,1734210000,1734215983,1734250490,-2.48,-4.65,1021,87,-4.13,,0,10000.0,1.54,260,0.0,0.0,Clear
20241214,1734213600,1734215983,1734250490,-1.75,-1.75,1021,90,-3.01,,0,10000.0,1.03,320,0.0,0.0,Clear
20241214,1734217200,1734215983,1734250490,-2.77,-2.77,1021,87,-4.42,,0,10000.0,0.51,110,0.0,0.0,Clear
20241215,1734220800,1734215983,1734250490,-0.64,-3.28,1021,81,-3.16,,0,10000.0,2.06,160,0.0,0.0,Clear
20241215,1734224400,1734215983,1734250490,1.02,1.02,1022,55,-6.22,,75,10000.0,1.03,50,0.0,0.0,Clouds
20241215,1734228000,1734215983,1734250490,3.43,0.55,1022,54,-4.42,,0,10000.0,3.09,360,0.0,0.0,Snow
20241215,1734231600,1734215983,1734250490,4.07,1.74,1021,58,-3.05,,0,10000.0,2.57,310,0.0,0.0,Clear
20241215,1734235200,1734215983,1734250490,4.55,0.96,1020,50,-4.4,,0,10000.0,4.63,290,0.0,0.0,Clear
20241215,1734238800,1734215983,1734250490,5.11,0.58,1019,44,-5.44,,0,10000.0,7.2,300,0.0,0.0,Clear
20241215,1734242400,1734215983,1734250490,4.86,0.45,1020,40,-6.75,,0,10000.0,6.69,310,0.0,0.0,Clear
20241215,1734246000,1734215983,1734250490,4.28,-0.3,1020,37,-8.11,,0,10000.0,6.69,330,0.0,0.0,Clear
20241215,1734249600,1734215983,1734250490,2.5,-2.35,1021,36,-9.85,,0,10000.0,6.17,290,0.0,0.0,Clear
20241215,1734253200,1734215983,1734250490,1.57,-2.08,1021,41,-9.13,,0,10000.0,3.6,280,0.0,0.0,Clear
20241215,1734256800,1734215983,1734250490,0.12,-2.39,1022,43,-9.77,,0,10000.0,2.06,270,0.0,0.0,Clear
20241215,1734260400,1734215983,1734250490,-0.08,-4.8,1023,39,-11.04,,0,10000.0,4.63,330,0.0,0.0,Clear
20241215,1734264000,1734215983,1734250490,-0.59,-5.74,1023,41,-10.96,,0,10000.0,5.14,360,0.0,0.0,Clear
20241215,1734267600,1734215983,1734250490,-1.64,-6.39,1024,50,-9.71,,0,10000.0,4.12,340,0.0,0.0,Clear
20241215,1734271200,1734215983,1734250490,-2.64,-6.23,1024,40,-13.12,,0,10000.0,2.57,330,0.0,0.0,Clear
20241215,1734274800,1734302422,1734336907,-3.55,-3.55,1024,50,-11.5,,0,10000.0,0.51,90,0.0,0.0,Clear
20241215,1734278400,1734302422,1734336907,-3.59,-3.59,1023,58,-9.88,,0,10000.0,1.03,170,0.0,0.0,Clear
20241215,1734282000,1734302422,1734336907,-4.2,-4.2,1023,74,-7.7,,0,10000.0,1.03,160,0.0,0.0,Clear
20241215,1734285600,1734302422,1734336907,-4.56,-4.56,1023,77,-7.59,,0,10000.0,1.03,340,0.0,0.0,Clear
20241215,1734289200,1734302422,1734336907,-5.07,-5.07,1023,75,-8.39,,0,10000.0,0.51,330,0.0,0.0,Clear
20241215,1734292800,1734302422,1734336907,-5.58,-5.58,1023,81,-8.01,,0,10000.0,1.03,330,0.0,0.0,Clear
20241215,1734296400,1734302422,1734336907,-5.76,-5.76,1023,68,-10.17,,0,10000.0,1.03,180,0.0,0.0,Clear
20241215,1734300000,1734302422,1734336907,-4.66,-4.66,1023,85,-6.55,,0,10000.0,1.03,10,0.0,0.0,Clear
20241215,1734303600,1734302422,1734336907,-5.43,-5.43,1023,83,-7.58,,0,10000.0,1.03,180,0.0,0.0,Clear
20241216,1734307200,1734302422,1734336907,-2.44,-4.61,1024,78,-5.37,,0,10000.0,1.54,190,0.0,0.0,Clear
20241216,1734310800,1734302422,1734336907,-0.51,-0.51,1024,55,-7.55,,20,10000.0,1.03,200,0.0,0.0,Clouds
20241216,1734314400,1734302422,1734336907,2.99,2.99,1023,38,-8.84,,0,10000.0,1.03,270,0.0,0.0,Clear
20241216,1734318000,1734302422,1734336907,3.37,2.03,1023,40,-7.95,,75,10000.0,1.54,200,0.0,0.0,Clouds
20241216,1734321600,1734302422,1734336907,3.45,0.57,1022,51,-5.08,,75,10000.0,3.09,320,0.0,0.0,Clouds
20241216,1734325200,1734302422,1734336907,3.52,1.08,1021,52,-4.79,,100,10000.0,2.57,280,0.18,0.0,Snow
20241216,1734328800,1734302422,1734336907,3.4,0.15,1021,70,-1.36,,75,10000.0,3.6,360,0.22,0.0,Rain
20241216,1734332400,1734302422,1734336907,3.23,1.24,1021,93,2.21,,75,10000.0,2.06,40,0.11,0.0,Snow
20241216,1734336000,1734302422,1734336907,2.22,0.72,1021,93,1.21,,75,10000.0,1.54,10,0.0,0.0,Snow
20241216,1734339600,1734302422,1734336907,0.93,0.93,1021,86,-1.01,,75,8000.0,0.51,220,0.0,0.0,Mist
20241216,1734343200,1734302422,1734336907,-0.08,-0.08,1022,86,-1.9,,75,9000.0,0.51,20,0.0,0.0,Mist
20241216,1734346800,1734302422,1734336907,-1.5,-4.72,1023,89,-2.89,,7,,2.43,348,0.0,0.0,Clear
20241216,1734350400,1734302422,1734336907,-1.64,-1.64,1023,93,-2.51,,20,9000.0,0.51,340,0.0,0.0,Mist
20241216,1734354000,1734302422,1734336907,-1.78,-4.61,1023,69,-6.15,,0,10000.0,2.06,310,0.0,0.0,Clear
20241216,1734357600,1734302422,1734336907,-2.64,-6.23,1024,74,-6.18,,0,10000.0,2.57,290,0.0,0.0,Clear
20241216,1734361200,1734388859,1734423326,-2.18,-2.18,1024,62,-7.77,,0,10000.0,1.03,350,0.0,0.0,Clear
20241216,1734364800,1734388859,1734423326,-1.66,-1.66,1024,63,-7.09,,0,10000.0,1.03,350,0.0,0.0,Clear
20241216,1734368400,1734388859,1734423326,-2.87,-2.87,1024,74,-6.4,,0,10000.0,1.03,10,0.0,0.0,Clear
20241216,1734372000,1734388859,1734423326,-3.61,-3.61,1025,80,-6.22,,0,10000.0,0.51,190,0.0,0.0,Clear
20241216,1734375600,1734388859,1734423326,-4.89,-7.4,1025,80,-7.48,,0,10000.0,1.54,180,0.0,0.0,Clear
20241216,1734379200,1734388859,1734423326,-5.26,-5.26,1025,80,-7.84,,0,10000.0,0.51,170,0.0,0.0,Clear
20241216,1734382800,1734388859,1734423326,-5.4,-7.99,1025,90,-6.62,,0,10000.0,1.54,180,0.0,0.0,Clear
20241216,1734386400,1734388859,1734423326,-3.98,-3.98,1026,74,-7.48,,0,10000.0,0.51,120,0.0,0.0,Clear
20241216,1734390000,1734388859,1734423326,-4.18,-6.59,1026,83,-6.36,,0,10000.0,1.54,300,0.0,0.0,Clear
20241217,1734393600,1734388859,1734423326,-2.9,-2.9,1027,74,-6.43,,40,10000.0,0.51,270,0.0,0.0,Clouds
20241217,1734397200,1734388859,1734423326,-0.95,-4.72,1027,59,-7.17,,75,10000.0,3.09,330,0.0,0.0,Clouds
20241217,1734400800,1734388859,1734423326,1.25,-2.47,1027,42,-9.12,,75,10000.0,3.6,330,0.0,0.0,Clouds
20241217,1734404400,1734388859,1734423326,1.99,-0.73,1026,36,-10.26,,75,10000.0,2.57,300,0.0,0.0,Clouds
20241217,1734408000,1734388859,1734423326,2.36,-0.29,1025,37,-9.65,,75,10000.0,2.57,320,0.0,0.0,Clouds
20241217,1734411600,1734388859,1734423326,2.98,-0.99,1025,34,-10.11,,0,10000.0,4.63,250,0.0,0.0,Clear
20241217,1734415200,1734388859,1734423326,3.02,-0.94,1025,37,-9.12,,0,10000.0,4.63,280,0.0,0.0,Clear
20241217,1734418800,1734388859,1734423326,3.0,-0.67,1025,37,-9.14,,0,10000.0,4.12,280,0.0,0.0,Clear
20241217,1734422400,1734388859,1734423326,1.03,-3.1,1025,43,-9.03,,20,10000.0,4.12,270,0.0,0.0,Clouds
20241217,1734426000,1734388859,1734423326,-0.28,-3.92,1026,46,-9.37,,0,10000.0,3.09,300,0.0,0.0,Clear
20241217,1734429600,1734388859,1734423326,-0.96,-3.65,1026,50,-9.07,,0,10000.0,2.06,300,0.0,0.0,Clear
20241217,1734433200,1734388859,1734423326,-1.3,-5.97,1026,51,-9.16,,0,10000.0,4.12,300,0.0,0.0,Clear
20241217,1734436800,1734388859,1734423326,-2.24,-7.8,1027,51,-10.05,,0,10000.0,5.14,330,0.0,0.0,Clear
20241217,1734440400,1734388859,1734423326,-2.93,-9.26,1027,55,-9.85,,0,10000.0,6.17,320,0.0,0.0,Clear
20241217,1734444000,1734388859,1734423326,-3.99,-9.65,1027,54,-11.06,,0,10000.0,4.63,300,0.0,0.0,Clear
20241217,1734447600,1734475295,1734509748,-4.36,-9.3,1027,52,-11.83,,0,10000.0,3.6,350,0.0,0.0,Clear
20241217,1734451200,1734475295,1734509748,-4.75,-8.73,1027,46,-13.55,,0,10000.0,2.57,300,0.0,0.0,Clear
20241217,1734454800,1734475295,1734509748,-5.49,-8.94,1027,46,-14.24,,0,10000.0,2.06,330,0.0,0.0,Clear
20241217,1734458400,1734475295,1734509748,-5.83,-9.34,1027,62,-11.27,,0,10000.0,2.06,280,0.0,0.0,Clear
20241217,1734462000,1734475295,1734509748,-6.2,-6.2,1027,58,-12.37,,0,10000.0,0.51,310,0.0,0.0,Clear
20241217,1734465600,1734475295,1734509748,-6.95,-6.95,1027,63,-12.17,,0,10000.0,0.51,20,0.0,0.0,Clear
20241217,1734469200,1734475295,1734509748,-7.16,-7.16,1027,66,-11.86,,0,10000.0,0.51,20,0.0,0.0,Clear
20241217,1734472800,1734475295,1734509748,-7.36,-10.23,1028,68,-11.72,,0,10000.0,1.54,330,0.0,0.0,Clear
20241217,1734476400,1734475295,1734509748,-7.43,-11.2,1028,67,-11.95,,0,10000.0,2.06,310,0.0,0.0,Clear
20241218,1734480000,1734475295,1734509748,-6.09,-10.91,1029,58,-12.26,,0,10000.0,3.09,340,0.0,0.0,Clear
20241218,1734483600,1734475295,1734509748,-4.36,-8.83,1028,45,-13.43,,0,10000.0,3.09,330,0.0,0.0,Clear
20241218,1734487200,1734475295,1734509748,-2.55,-7.51,1027,40,-13.04,,0,10000.0,4.12,330,0.0,0.0,Clear
20241218,1734490800,1734475295,1734509748,-2.19,-7.06,1027,39,-12.99,,0,10000.0,4.12,320,0.0,0.0,Clear
20241218,1734494400,1734475295,1734509748,-1.61,-5.52,1026,34,-13.96,,0,10000.0,3.09,340,0.0,0.0,Clear
20241218,1734498000,1734475295,1734509748,-0.62,-5.13,1026,35,-12.74,,0,10000.0,4.12,340,0.0,0.0,Clear
20241218,1734501600,1734475295,1734509748,-0.42,-4.08,1026,34,-12.88,,0,10000.0,3.09,320,0.0,0.0,Clear
20241218,1734505200,1734475295,1734509748,-0.6,-4.3,1026,36,-12.41,,0,10000.0,3.09,320,0.0,0.0,Clear
20241218,1734508800,1734475295,1734509748,-1.87,-6.67,1026,40,-12.41,,0,10000.0,4.12,310,0.0,0.0,Clear
20241218,1734512400,1734475295,1734509748,-2.94,-7.12,1027,45,-12.1,,0,10000.0,3.09,300,0.0,0.0,Clear
20241218,1734516000,1734475295,1734509748,-4.08,-9.39,1028,47,-12.69,,0,10000.0,4.12,300,0.0,0.0,Clear
20241218,1734519600,1734475295,1734509748,-4.4,-8.88,1029,50,-12.3,,0,10000.0,3.09,330,0.0,0.0,Clear
20241218,1734523200,1734475295,1734509748,-4.96,-9.55,1029,50,-12.83,,0,10000.0,3.09,320,0.0,0.0,Clear
20241218,1734526800,1734475295,1734509748,-5.68,-10.42,1030,54,-12.66,,0,10000.0,3.09,310,0.0,0.0,Clear
20241218,1734530400,1734475295,1734509748,-6.56,-11.99,1030,63,-11.8,,0,10000.0,3.6,320,0.0,0.0,Clear
20241218,1734534000,1734561729,1734596171,-6.77,-9.55,1030,58,-12.91,,0,10000.0,1.54,330,0.0,0.0,Clear
20241218,1734537600,1734561729,1734596171,-7.25,-10.99,1030,63,-12.46,,0,10000.0,2.06,320,0.0,0.0,Clear
20241218,1734541200,1734561729,1734596171,-8.09,-8.09,1030,68,-12.42,,0,10000.0,1.03,300,0.0,0.0,Clear
20241218,1734544800,1734561729,1734596171,-7.84,-10.78,1031,66,-12.51,,0,10000.0,1.54,350,0.0,0.0,Clear
20241218,1734548400,1734561729,1734596171,-8.24,-12.88,1030,67,-12.73,,0,10000.0,2.57,320,0.0,0.0,Clear
20241218,1734552000,1734561729,1734596171,-8.42,-11.44,1031,68,-12.74,,0,10000.0,1.54,310,0.0,0.0,Clear
20241218,1734555600,1734561729,1734596171,-8.16,-11.14,1031,70,-12.17,,0,10000.0,1.54,360,0.0,0.0,Clear
20241218,1734559200,1734561729,1734596171,-8.54,-11.58,1032,73,-12.08,,0,10000.0,1.54,330,0.0,0.0,Clear
20241218,1734562800,1734561729,1734596171,-8.75,-8.75,1032,76,-11.83,,0,10000.0,1.03,360,0.0,0.0,Clear
20241219,1734566400,1734561729,1734596171,-6.94,-6.94,1033,63,-12.16,,0,10000.0,0.51,270,0.0,0.0,Clear
20241219,1734570000,1734561729,1734596171,-4.52,-6.98,1032,52,-11.98,,0,10000.0,1.54,350,0.0,0.0,Clear
20241219,1734573600,1734561729,1734596171,-1.76,-3.83,1032,45,-11.0,,0,10000.0,1.54,60,0.0,0.0,Clear
20241219,1734577200,1734561729,1734596171,-0.78,-2.71,1032,39,-11.69,,0,10000.0,1.54,340,0.0,0.0,Clear
20241219,1734580800,1734561729,1734596171,0.75,-0.96,1031,35,-11.57,,0,10000.0,1.54,50,0.0,0.0,Clear
20241219,1734584400,1734561729,1734596171,2.2,0.7,1030,34,-10.73,,0,10000.0,1.54,70,0.0,0.0,Clear
20241219,1734588000,1734561729,1734596171,2.67,1.23,1029,30,-11.75,,0,10000.0,1.54,80,0.0,0.0,Clear
20241219,1734591600,1734561729,1734596171,2.43,0.96,1029,33,-10.88,,0,10000.0,1.54,40,0.0,0.0,Clear
20241219,1734595200,1734561729,1734596171,0.28,-2.2,1029,43,-9.64,,0,10000.0,2.06,330,0.0,0.0,Clear
20241219,1734598800,1734561729,1734596171,-0.14,-0.14,1029,49,-8.52,,0,10000.0,1.03,250,0.0,0.0,Clear
20241219,1734602400,1734561729,1734596171,-1.61,-1.61,1029,50,-9.68,,75,10000.0,0.51,240,0.0,0.0,Clouds
20241219,1734606000,1734561729,1734596171,-2.08,-2.08,1029,62,-7.68,,0,10000.0,1.03,350,0.0,0.0,Clear
20241219,1734609600,1734561729,1734596171,-2.71,-4.91,1029,67,-7.39,,0,10000.0,1.54,310,0.0,0.0,Clear
20241219,1734613200,1734561729,1734596171,-2.7,-2.7,1029,61,-8.46,,0,10000.0,0.51,350,0.0,0.0,Clear
20241219,1734616800,1734561729,1734596171,-3.26,-5.54,1028,70,-7.42,,0,10000.0,1.54,310,0.0,0.0,Clear
20241219,1734620400,1734648162,1734682596,-4.43,-4.43,1028,70,-8.56,,0,10000.0,0.51,310,0.0,0.0,Clear
20241219,1734624000,1734648162,1734682596,-4.41,-4.41,1027,79,-7.15,,0,10000.0,1.03,220,0.0,0.0,Clear
20241219,1734627600,1734648162,1734682596,-4.68,-7.16,1027,77,-7.71,,0,10000.0,1.54,160,0.0,0.0,Clear
20241219,1734631200,1734648162,1734682596,-4.69,-4.69,1027,75,-8.02,,0,10000.0,1.03,200,0.0,0.0,Clear
20241219,1734634800,1734648162,1734682596,-4.74,-4.74,1027,80,-7.33,,0,10000.0,1.03,180,0.0,0.0,Clear
20241219,1734638400,1734648162,1734682596,-4.49,-8.42,1026,79,-7.23,,0,10000.0,2.57,230,0.0,0.0,Clear
20241219,1734642000,1734648162,1734682596,-4.03,-7.23,1026,77,-7.07,,75,10000.0,2.06,60,0.0,0.0,Clouds
20241219,1734645600,1734648162,1734682596,-3.06,-5.31,1026,64,-8.25,,75,10000.0,1.54,50,0.0,0.0,Clouds
20241219,1734649200,1734648162,1734682596,-2.95,-5.19,1025,67,-7.62,,75,10000.0,1.54,170,0.0,0.0,Clouds
20241220,1734652800,1734648162,1734682596,-2.26,-5.17,1025,67,-6.96,,75,10000.0,2.06,220,0.0,0.0,Clouds
20241220,1734656400,1734648162,1734682596,-1.29,-4.04,1025,51,-9.15,,75,10000.0,2.06,210,0.0,0.0,Clouds
20241220,1734660000,1734648162,1734682596,0.84,0.84,1025,47,-8.17,,75,10000.0,0.51,220,0.0,0.0,Clouds
20241220,1734663600,1734648162,1734682596,1.76,1.76,1024,44,-8.17,,75,10000.0,1.03,220,0.0,0.0,Clouds
20241220,1734667200,1734648162,1734682596,2.46,-0.62,1023,52,-5.67,,0,10000.0,3.09,130,0.0,0.0,Clear
20241220,1734670800,1734648162,1734682596,3.55,0.69,1022,52,-4.77,,0,10000.0,3.09,160,0.0,0.0,Clear
20241220,1734674400,1734648162,1734682596,3.86,1.49,1021,56,-3.64,,75,10000.0,2.57,180,0.0,0.0,Clouds
20241220,1734678000,1734648162,1734682596,3.89,1.1,1021,59,-2.99,,0,10000.0,3.09,160,0.0,0.0,Clear
20241220,1734681600,1734648162,1734682596,1.83,-0.92,1021,63,-3.95,,0,10000.0,2.57,170,0.0,0.0,Clear
20241220,1734685200,1734648162,1734682596,1.37,-1.47,1021,70,-3.09,,0,10000.0,2.57,160,0.0,0.0,Haze
20241220,1734688800,1734648162,1734682596,1.2,-2.13,1020,75,-2.42,,75,10000.0,3.09,150,0.0,0.0,Clouds
20241220,1734692400,1734648162,1734682596,1.64,-0.62,1020,75,-2.04,,100,10000.0,2.06,160,0.0,0.0,Clouds
20241220,1734696000,1734648162,1734682596,1.39,-0.91,1020,83,-1.04,,100,6000.0,2.06,210,0.0,0.21,Snow
20241220,1734699600,1734648162,1734682596,1.17,-2.57,1019,93,0.17,,100,6000.0,3.6,140,0.0,0.31,Snow
20241220,1734703200,1734648162,1734682596,0.74,-2.22,1019,97,0.32,,100,6000.0,2.57,150,0.0,0.15,Rain
20241220,1734706800,1734734593,1734769023,0.08,-2.44,1018,97,-0.3,,100,5000.0,2.06,170,0.0,0.0,Mist
20241220,1734710400,1734734593,1734769023,0.24,-3.29,1018,100,0.24,,100,5000.0,3.09,130,0.0,0.0,Mist
20241220,1734714000,1734734593,1734769023,0.06,-3.02,1017,93,-0.82,,100,4000.0,2.57,140,0.0,0.0,Mist
20241220,1734717600,1734734593,1734769023,0.43,-3.47,1017,97,0.01,,100,2500.0,3.6,220,0.0,0.0,Mist
20241220,1734721200,1734734593,1734769023,0.49,-4.09,1017,97,0.07,,100,5000.0,4.63,270,0.0,0.48,Snow
20241220,1734724800,1734734593,1734769023,0.01,-3.98,1016,94,-0.74,,100,2000.0,3.6,300,0.0,0.0,Snow
20241220,1734728400,1734734593,1734769023,0.29,-3.64,1016,93,-0.62,,100,2000.0,3.6,300,0.0,0.41,Snow
20241220,1734732000,1734734593,1734769023,0.59,-4.26,1017,97,0.17,,100,1500.0,5.14,320,0.0,0.15,Snow
20241220,1734735600,1734734593,1734769023,0.43,-3.84,1018,93,-0.5,,75,3500.0,4.12,290,0.0,0.0,Mist
20241221,1734739200,1734734593,1734769023,0.09,-3.88,1019,87,-1.6,,100,5000.0,3.6,310,0.0,0.0,Mist
20241221,1734742800,1734734593,1734769023,0.4,-3.1,1019,81,-2.19,,75,7000.0,3.09,290,0.0,0.0,Mist
20241221,1734746400,1734734593,1734769023,0.44,-3.82,1020,72,-3.55,,40,7000.0,4.12,290,0.0,0.0,Haze
20241221,1734750000,1734734593,1734769023,0.44,-4.72,1019,69,-4.05,,75,5000.0,5.66,310,0.0,0.0,Mist
20241221,1734753600,1734734593,1734769023,0.08,-5.43,1018,69,-4.36,,75,5000.0,6.17,300,0.0,0.0,Mist
20241221,1734757200,1734734593,1734769023,0.18,-4.14,1018,67,-4.62,,75,5000.0,4.12,290,0.0,0.0,Mist
20241221,1734760800,1734734593,1734769023,0.12,-4.85,1018,67,-4.67,,75,5000.0,5.14,310,0.0,0.0,Mist
20241221,1734764400,1734734593,1734769023,-0.23,-4.98,1019,64,-5.53,,75,7000.0,4.63,310,0.0,0.0,Haze
20241221,1734768000,1734734593,1734769023,-1.13,-6.1,1020,64,-6.4,,40,8000.0,4.63,320,0.0,0.0,Haze
20241221,1734771600,1734734593,1734769023,-1.84,-6.98,1021,62,-7.45,,20,8000.0,4.63,310,0.0,0.0,Haze
20241221,1734775200,1734734593,1734769023,-2.88,-8.28,1023,61,-8.63,,0,10000.0,4.63,310,0.0,0.0,Haze
20241221,1734778800,1734734593,1734769023,-3.35,-8.07,1023,61,-9.08,,0,10000.0,3.6,290,0.0,0.0,Haze
20241221,1734782400,1734734593,1734769023,-3.63,-9.55,1023,57,-10.11,,0,10000.0,5.14,300,0.0,0.0,Clear
20241221,1734786000,1734734593,1734769023,-3.83,-10.12,1024,52,-11.33,,0,10000.0,5.66,310,0.0,0.0,Clear
20241221,1734789600,1734734593,1734769023,-4.66,-9.19,1025,58,-10.9,,0,10000.0,3.09,320,0.0,0.0,Clear
20241221,1734793200,1734821022,1734855451,-4.91,-10.8,1025,50,-12.78,,0,10000.0,4.63,310,0.0,0.0,Clear
20241221,1734796800,1734821022,1734855451,-5.31,-11.99,1025,50,-13.16,,0,10000.0,5.66,310,0.0,0.0,Clear
20241221,1734800400,1734821022,1734855451,-5.95,-12.95,1025,48,-14.21,,0,10000.0,6.69,320,0.0,0.0,Clear
20241221,1734804000,1734821022,1734855451,-6.39,-13.39,1026,50,-14.18,,0,10000.0,6.17,320,0.0,0.0,Clear
20241221,1734807600,1734821022,1734855451,-6.65,-12.55,1026,51,-14.21,,0,10000.0,4.12,320,0.0,0.0,Clear
20241221,1734811200,1734821022,1734855451,-7.25,-12.83,1026,54,-14.15,,0,10000.0,3.6,330,0.0,0.0,Clear
20241221,1734814800,1734821022,1734855451,-7.48,-14.37,1027,54,-14.37,,0,10000.0,5.14,330,0.0,0.0,Clear
20241221,1734818400,1734821022,1734855451,-7.29,-11.75,1028,56,-13.79,,0,10000.0,2.57,320,0.0,0.0,Clear
20241221,1734822000,1734821022,1734855451,-7.37,-13.44,1029,52,-14.68,,0,10000.0,4.12,320,0.0,0.0,Clear
20241222,1734825600,1734821022,1734855451,-5.92,-12.92,1030,48,-14.18,,0,10000.0,6.17,300,0.0,0.0,Clear
20241222,1734829200,1734821022,1734855451,-4.59,-10.75,1030,44,-13.89,,0,10000.0,5.14,290,0.0,0.0,Clear
20241222,1734832800,1734821022,1734855451,-2.25,-6.73,1030,40,-12.76,,0,10000.0,3.6,310,0.0,0.0,Clear
20241222,1734836400,1734821022,1734855451,-1.34,-6.68,1030,37,-12.79,,0,10000.0,5.14,310,0.0,0.0,Clear
20241222,1734840000,1734821022,1734855451,-0.52,-5.34,1028,33,-13.3,,0,10000.0,4.63,310,0.0,0.0,Clear
20241222,1734843600,1734821022,1734855451,0.65,-3.2,1028,32,-12.64,,0,10000.0,3.6,300,0.0,0.0,Clear
20241222,1734847200,1734821022,1734855451,0.91,-3.25,1028,33,-12.09,,0,10000.0,4.12,310,0.0,0.0,Clear
20241222,1734850800,1734821022,1734855451,0.93,-1.99,1028,36,-11.11,,0,10000.0,2.57,270,0.0,0.0,Clear
20241222,1734854400,1734821022,1734855451,-0.67,-3.89,1028,44,-10.24,,0,10000.0,2.57,300,0.0,0.0,Clear
20241222,1734858000,1734821022,1734855451,-2.03,-2.03,1028,49,-10.3,,0,10000.0,1.03,250,0.0,0.0,Clear
20241222,1734861600,1734821022,1734855451,-3.45,-6.56,1028,59,-9.55,,0,10000.0,2.06,220,0.0,0.0,Clear
20241222,1734865200,1734821022,1734855451,-4.04,-6.43,1029,63,-9.38,,0,10000.0,1.54,240,0.0,0.0,Clear
20241222,1734868800,1734821022,1734855451,-4.07,-4.07,1029,63,-9.4,,0,10000.0,0.51,20,0.0,0.0,Clear
20241222,1734872400,1734821022,1734855451,-4.87,-7.38,1029,74,-8.35,,0,10000.0,1.54,220,0.0,0.0,Clear
20241222,1734876000,1734821022,1734855451,-5.31,-5.31,1029,71,-9.25,,0,10000.0,1.03,90,0.0,0.0,Clear
20241222,1734879600,1734907449,1734941882,-6.62,-6.62,1029,80,-9.17,,0,10000.0,1.03,290,0.0,0.0,Clear
20241222,1734883200,1734907449,1734941882,-6.86,-6.86,1028,87,-8.46,,0,10000.0,0.51,210,0.0,0.0,Clear
20241222,1734886800,1734907449,1734941882,-6.89,-9.69,1029,83,-9.02,,0,10000.0,1.54,90,0.0,0.0,Clear
20241222,1734890400,1734907449,1734941882,-6.73,-9.51,1029,83,-8.86,,0,10000.0,1.54,170,0.0,0.0,Clear
20241222,1734894000,1734907449,1734941882,-6.59,-6.59,1029,93,-7.43,,75,10000.0,1.03,30,0.0,0.0,Clouds
20241222,1734897600,1734907449,1734941882,-7.07,-7.07,1029,86,-8.8,,40,10000.0,1.03,190,0.0,0.0,Clouds
20241222,1734901200,1734907449,1734941882,-7.48,-7.48,1028,88,-8.94,,0,10000.0,1.03,30,0.0,0.0,Clear
20241222,1734904800,1734907449,1734941882,-8.06,-8.06,1028,86,-9.77,,0,10000.0,0.51,90,0.0,0.0,Clear
20241222,1734908400,1734907449,1734941882,-8.0,-8.0,1028,79,-10.67,,75,10000.0,0.51,200,0.0,0.0,Clouds
20241223,1734912000,1734907449,1734941882,-5.91,-5.91,1028,74,-9.36,,75,10000.0,0.51,180,0.0,0.0,Clouds
20241223,1734915600,1734907449,1734941882,-2.87,-5.1,1028,64,-8.07,,75,10000.0,1.54,210,0.0,0.0,Clouds
20241223,1734919200,1734907449,1734941882,0.1,0.1,1028,47,-8.78,,75,10000.0,1.03,200,0.0,0.0,Clouds
20241223,1734922800,1734907449,1734941882,1.88,0.33,1027,44,-8.07,,20,10000.0,1.54,220,0.0,0.0,Clouds
20241223,1734926400,1734907449,1734941882,3.33,3.33,1026,41,-7.7,,0,10000.0,1.03,180,0.0,0.0,Clear
20241223,1734930000,1734907449,1734941882,5.11,1.93,1025,41,-6.26,,0,10000.0,4.12,270,0.0,0.0,Clear
20241223,1734933600,1734907449,1734941882,5.48,1.64,1025,41,-5.96,,20,10000.0,5.66,260,0.0,0.0,Clouds
20241223,1734937200,1734907449,1734941882,5.47,2.1,1025,44,-5.15,,20,10000.0,4.63,260,0.0,0.0,Clouds
20241223,1734940800,1734907449,1734941882,3.27,-0.01,1025,50,-5.46,,0,10000.0,3.6,260,0.0,0.0,Clear
20241223,1734944400,1734907449,1734941882,1.84,-1.36,1025,51,-6.41,,0,10000.0,3.09,260,0.0,0.0,Clear
20241223,1734948000,1734907449,1734941882,-0.14,-0.14,1026,55,-7.2,,0,10000.0,1.03,290,0.0,0.0,Clear
20241223,1734951600,1734907449,1734941882,-0.55,-4.24,1026,67,-5.31,,0,10000.0,3.09,290,0.0,0.0,Clear
20241223,1734955200,1734907449,1734941882,-1.51,-5.4,1026,69,-5.89,,0,10000.0,3.09,290,0.0,0.0,Clear
20241223,1734958800,1734907449,1734941882,-2.31,-5.23,1027,63,-7.71,,0,10000.0,2.06,310,0.0,0.0,Clear
20241223,1734962400,1734907449,1734941882,-3.47,-8.22,1027,63,-8.83,,0,10000.0,3.6,310,0.0,0.0,Clear
20241223,1734966000,1734993874,1735028314,-3.7,-8.03,1027,53,-10.99,,0,10000.0,3.09,320,0.0,0.0,Clear
20241223,1734969600,1734993874,1735028314,-4.05,-8.46,1027,59,-10.12,,0,10000.0,3.09,300,0.0,0.0,Clear
20241223,1734973200,1734993874,1735028314,-4.5,-7.78,1027,61,-10.18,,0,10000.0,2.06,290,0.0,0.0,Clear
20241223,1734976800,1734993874,1735028314,-4.95,-4.95,1028,74,-8.43,,0,10000.0,1.03,10,0.0,0.0,Clear
20241223,1734980400,1734993874,1735028314,-5.24,-5.24,1028,66,-10.0,,0,10000.0,1.03,290,0.0,0.0,Clear
20241223,1734984000,1734993874,1735028314,-6.19,-6.19,1028,68,-10.59,,0,10000.0,1.03,280,0.0,0.0,Clear
20241223,1734987600,1734993874,1735028314,-6.83,-6.83,1028,74,-10.26,,0,10000.0,0.51,40,0.0,0.0,Clear
20241223,1734991200,1734993874,1735028314,-6.98,-9.79,1029,80,-9.53,,0,10000.0,1.54,170,0.0,0.0,Clear
20241223,1734994800,1734993874,1735028314,-7.11,-7.11,1029,83,-9.24,,0,10000.0,1.03,340,0.0,0.0,Clear
20241224,1734998400,1734993874,1735028314,-5.11,-5.11,1029,68,-9.54,,0,10000.0,0.51,170,0.0,0.0,Clear
20241224,1735002000,1734993874,1735028314,-2.54,-2.54,1030,60,-8.49,,0,10000.0,1.03,340,0.0,0.0,Clear
20241224,1735005600,1734993874,1735028314,-0.1,-1.93,1030,44,-9.71,,0,10000.0,1.54,350,0.0,0.0,Clear
20241224,1735009200,1734993874,1735028314,0.82,-0.88,1030,35,-11.51,,0,10000.0,1.54,320,0.0,0.0,Clear
20241224,1735012800,1734993874,1735028314,1.54,-0.73,1029,29,-13.02,,0,10000.0,2.06,300,0.0,0.0,Clear
20241224,1735016400,1734993874,1735028314,2.85,-0.15,1028,30,-11.61,,0,10000.0,3.09,310,0.0,0.0,Clear
20241224,1735020000,1734993874,1735028314,3.19,3.19,1028,27,-12.51,,0,10000.0,1.03,240,0.0,0.0,Clear
20241224,1735023600,1734993874,1735028314,3.15,3.15,1029,30,-11.37,,0,10000.0,1.03,320,0.0,0.0,Clear
20241224,1735027200,1734993874,1735028314,1.72,-1.51,1028,40,-9.29,,0,10000.0,3.09,280,0.0,0.0,Clear
20241224,1735030800,1734993874,1735028314,0.63,-1.1,1028,47,-8.35,,0,10000.0,1.54,310,0.0,0.0,Clear
20241224,1735034400,1734993874,1735028314,-1.46,-4.83,1029,59,-7.65,,0,10000.0,2.57,290,0.0,0.0,Clear
20241224,1735038000,1734993874,1735028314,-1.9,-3.99,1029,64,-7.14,,0,10000.0,1.54,320,0.0,0.0,Clear
20241224,1735041600,1734993874,1735028314,-3.15,-3.15,1029,69,-7.48,,0,10000.0,1.03,310,0.0,0.0,Clear
20241224,1735045200,1734993874,1735028314,-3.09,-3.09,1029,67,-7.76,,0,10000.0,1.03,20,0.0,0.0,Clear
20241224,1735048800,1734993874,1735028314,-3.16,-3.16,1029,69,-7.49,,0,10000.0,1.03,140,0.0,0.0,Clear
20241224,1735052400,1735080298,1735114748,-3.04,-3.04,1029,75,-6.41,,0,10000.0,1.03,270,0.0,0.0,Clear
20241224,1735056000,1735080298,1735114748,-3.0,-5.25,1029,75,-6.37,,0,10000.0,1.54,320,0.0,0.0,Clear
20241224,1735059600,1735080298,1735114748,-2.99,-2.99,1029,76,-6.21,,0,10000.0,0.51,340,0.0,0.0,Clear
20241224,1735063200,1735080298,1735114748,-3.58,-5.91,1029,80,-6.19,,0,10000.0,1.54,180,0.0,0.0,Clear
20241224,1735066800,1735080298,1735114748,-4.18,-4.18,1029,74,-7.68,,75,10000.0,1.03,190,0.0,0.0,Clouds
20241224,1735070400,1735080298,1735114748,-4.28,-4.28,1028,74,-7.77,,75,10000.0,0.51,200,0.0,0.0,Clouds
20241224,1735074000,1735080298,1735114748,-3.61,-5.94,1028,83,-5.79,,75,10000.0,1.54,170,0.0,0.0,Clouds
20241224,1735077600,1735080298,1735114748,-3.58,-5.91,1028,81,-6.05,,75,10000.0,1.54,190,0.0,0.0,Clouds
20241224,1735081200,1735080298,1735114748,-2.94,-2.94,1028,81,-5.42,,75,10000.0,1.03,320,0.0,0.0,Clouds
20241225,1735084800,1735080298,1735114748,-2.09,-2.09,1028,78,-5.03,,0,10000.0,0.51,150,0.0,0.0,Clear
20241225,1735088400,1735080298,1735114748,-0.94,-0.94,1028,67,-5.68,,0,10000.0,1.03,220,0.0,0.0,Clear
20241225,1735092000,1735080298,1735114748,1.19,-0.46,1028,60,-5.06,,75,10000.0,1.54,220,0.0,0.0,Clouds
20241225,1735095600,1735080298,1735114748,2.59,2.59,1026,56,-4.69,,0,10000.0,1.03,180,0.0,0.0,Clear
20241225,1735099200,1735080298,1735114748,3.33,3.33,1025,52,-4.95,,75,10000.0,0.51,190,0.0,0.0,Clouds
20241225,1735102800,1735080298,1735114748,4.94,2.37,1024,51,-3.85,,40,10000.0,3.09,250,0.0,0.0,Clouds
20241225,1735106400,1735080298,1735114748,5.31,1.9,1024,49,-4.01,,75,10000.0,4.63,250,0.0,0.0,Clouds
20241225,1735110000,1735080298,1735114748,5.18,2.01,1024,57,-2.33,,75,10000.0,4.12,220,0.0,0.0,Clouds
20241225,1735113600,1735080298,1735114748,4.17,1.44,1024,61,-2.36,,0,10000.0,3.09,210,0.0,0.0,Clear
20241225,1735117200,1735080298,1735114748,3.38,0.92,1024,70,-1.38,,75,10000.0,2.57,170,0.0,0.0,Clouds
20241225,1735120800,1735080298,1735114748,3.5,1.56,1023,71,-1.11,,75,10000.0,2.06,180,0.0,0.0,Clouds
20241225,1735124400,1735080298,1735114748,2.76,0.18,1023,73,-1.4,,75,10000.0,2.57,210,0.0,0.0,Clouds
20241225,1735128000,1735080298,1735114748,2.35,0.21,1023,76,-1.27,,75,10000.0,2.06,200,0.0,0.0,Clouds
20241225,1735131600,1735080298,1735114748,2.75,-0.27,1023,70,-1.92,,75,10000.0,3.09,200,0.0,0.0,Clouds
20241225,1735135200,1735080298,1735114748,2.33,-0.77,1023,81,-0.52,,75,8000.0,3.09,280,0.0,0.0,Clouds
20241225,1735138800,1735166720,1735201184,2.51,-0.11,1023,78,-0.82,,75,7000.0,2.57,270,0.0,0.0,Clouds
20241225,1735142400,1735166720,1735201184,2.61,-0.81,1023,72,-1.7,,75,7000.0,3.6,260,0.0,0.0,Clouds
20241225,1735146000,1735166720,1735201184,2.87,0.82,1023,75,-0.99,,75,5000.0,2.06,270,0.0,0.0,Mist
20241225,1735149600,1735166720,1735201184,2.77,0.19,1023,75,-1.07,,75,5000.0,2.57,290,0.0,0.0,Mist
20241225,1735153200,1735166720,1735201184,2.57,-0.48,1023,76,-1.08,,75,3500.0,3.09,330,0.0,0.0,Rain
20241225,1735156800,1735166720,1735201184,1.71,-1.91,1023,84,-0.62,,75,3500.0,3.6,280,0.0,0.0,Mist
20241225,1735160400,1735166720,1735201184,0.77,-2.18,1023,89,-0.73,,40,4200.0,2.57,290,0.0,0.0,Mist
20241225,1735164000,1735166720,1735201184,-0.18,-4.92,1024,69,-4.61,,20,6000.0,4.63,310,0.0,0.0,Clouds
20241225,1735167600,1735166720,1735201184,-0.74,-5.62,1025,59,-6.96,,2,8000.0,4.63,310,0.0,0.0,Clear
20241226,1735171200,1735166720,1735201184,-0.26,-5.02,1025,49,-8.64,,0,10000.0,4.63,310,0.0,0.0,Haze
20241226,1735174800,1735166720,1735201184,0.09,-4.88,1026,42,-10.06,,0,10000.0,5.14,310,0.0,0.0,Clear
20241226,1735178400,1735166720,1735201184,0.84,-3.94,1026,40,-10.0,,0,10000.0,5.14,320,0.0,0.0,Clear
20241226,1735182000,1735166720,1735201184,1.14,-3.57,1025,39,-10.04,,0,10000.0,5.14,320,0.0,0.0,Clear
20241226,1735185600,1735166720,1735201184,1.52,-2.14,1025,38,-10.03,,0,10000.0,3.6,320,0.0,0.0,Clear
20241226,1735189200,1735166720,1735201184,1.96,-2.26,1025,40,-9.09,,0,10000.0,4.63,270,0.0,0.0,Clear
20241226,1735192800,1735166720,1735201184,1.45,-3.45,1025,45,-8.17,,0,10000.0,5.66,250,0.0,0.0,Clear
20241226,1735196400,1735166720,1735201184,0.92,-3.55,1025,48,-7.87,,0,10000.0,4.63,260,0.0,0.0,Clear
20241226,1735200000,1735166720,1735201184,-0.42,-3.59,1025,51,-8.33,,0,10000.0,2.57,250,0.0,0.0,Clear
20241226,1735203600,1735166720,1735201184,-1.83,-6.97,1025,54,-9.01,,0,10000.0,4.63,310,0.0,0.0,Clear
20241226,1735207200,1735166720,1735201184,-2.57,-7.89,1026,57,-9.1,,0,10000.0,4.63,300,0.0,0.0,Clear
20241226,1735210800,1735166720,1735201184,-3.25,-9.94,1026,50,-11.22,,0,10000.0,6.69,330,0.0,0.0,Clear
20241226,1735214400,1735166720,1735201184,-3.71,-9.65,1027,52,-11.22,,0,10000.0,5.14,310,0.0,0.0,Clear
20241226,1735218000,1735166720,1735201184,-4.02,-10.36,1028,57,-10.48,,0,10000.0,5.66,310,0.0,0.0,Clear
20241226,1735221600,1735166720,1735201184,-4.42,-10.19,1028,46,-13.24,,0,10000.0,4.63,320,0.0,0.0,Clear
20241226,1735225200,1735253140,1735287622,-4.77,-9.8,1028,46,-13.57,,0,10000.0,3.6,330,0.0,0.0,Clear
20241226,1735228800,1735253140,1735287622,-4.99,-10.51,1028,46,-13.77,,0,10000.0,4.12,340,0.0,0.0,Clear
20241226,1735232400,1735253140,1735287622,-5.48,-10.67,1028,42,-15.22,,0,10000.0,3.6,320,0.0,0.0,Clear
20241226,1735236000,1735253140,1735287622,-5.91,-10.11,1029,46,-14.63,,0,10000.0,2.57,320,0.0,0.0,Clear
20241226,1735239600,1735253140,1735287622,-6.13,-6.13,1028,68,-10.53,,0,10000.0,1.03,290,0.0,0.0,Clear
20241226,1735243200,1735253140,1735287622,-6.43,-10.04,1028,42,-16.1,,0,10000.0,2.06,340,0.0,0.0,Clear
20241226,1735246800,1735253140,1735287622,-6.58,-11.5,1028,42,-16.24,,0,10000.0,3.09,330,0.0,0.0,Clear
20241226,1735250400,1735253140,1735287622,-7.01,-10.18,1029,60,-12.77,,2,,1.73,296,0.0,0.0,Clear
20241226,1735254000,1735253140,1735287622,-7.18,-10.02,1029,60,-12.93,,0,10000.0,1.54,20,0.0,0.0,Clear
20241227,1735257600,1735253140,1735287622,-5.25,-7.82,1030,49,-13.33,,0,10000.0,1.54,10,0.0,0.0,Clear
20241227,1735261200,1735253140,1735287622,-3.64,-7.41,1029,39,-14.32,,0,10000.0,2.57,340,0.0,0.0,Clear
20241227,1735264800,1735253140,1735287622,-1.25,-5.52,1029,36,-13.0,,0,10000.0,3.6,330,0.0,0.0,Clear
20241227,1735268400,1735253140,1735287622,-0.35,-4.42,1028,34,-12.81,,0,10000.0,3.6,330,0.0,0.0,Clear
20241227,1735272000,1735253140,1735287622,0.54,-2.93,1026,32,-12.73,,0,10000.0,3.09,310,0.0,0.0,Clear
20241227,1735275600,1735253140,1735287622,1.09,-2.27,1025,32,-12.29,,0,10000.0,3.09,320,0.0,0.0,Clear
20241227,1735279200,1735253140,1735287622,1.43,-2.25,1025,35,-11.02,,75,10000.0,3.6,270,0.0,0.0,Clouds
20241227,1735282800,1735253140,1735287622,1.43,-2.92,1025,39,-9.81,,40,10000.0,4.63,270,0.0,0.0,Clouds
20241227,1735286400,1735253140,1735287622,0.34,-4.27,1024,49,-8.11,,0,10000.0,4.63,260,0.0,0.0,Clear
20241227,1735290000,1735253140,1735287622,-0.1,-4.11,1024,53,-7.59,,75,10000.0,3.6,270,0.0,0.0,Clouds
20241227,1735293600,1735253140,1735287622,-1.3,-4.64,1024,56,-8.1,,0,10000.0,2.57,260,0.0,0.0,Clear
20241227,1735297200,1735253140,1735287622,-1.31,-3.31,1024,64,-6.57,,40,10000.0,1.54,320,0.0,0.0,Clouds
20241227,1735300800,1735253140,1735287622,-1.43,-4.79,1024,67,-6.16,,75,10000.0,2.57,290,0.0,0.0,Snow
20241227,1735304400,1735253140,1735287622,-2.66,-9.18,1025,64,-7.87,,75,10000.0,6.69,320,0.0,0.0,Snow
20241227,1735308000,1735253140,1735287622,-3.9,-8.74,1025,63,-9.24,,75,10000.0,3.6,330,0.0,0.0,Clouds
20241227,1735311600,1735339558,1735374061,-4.45,-9.85,1025,57,-10.89,,40,10000.0,4.12,320,0.0,0.0,Clouds
20241227,1735315200,1735339558,1735374061,-4.47,-8.89,1025,67,-9.09,,0,,3.02,310,0.0,0.0,Clear
20241227,1735318800,1735339558,1735374061,-5.04,-9.08,1024,53,-12.26,,0,10000.0,2.57,320,0.0,0.0,Clear
20241227,1735322400,1735339558,1735374061,-5.44,-10.13,1024,57,-11.84,,0,10000.0,3.09,350,0.0,0.0,Clear
20241227,1735326000,1735339558,1735374061,-5.7,-10.44,1024,50,-13.53,,0,10000.0,3.09,330,0.0,0.0,Clear
20241227,1735329600,1735339558,1735374061,-6.3,-12.53,1024,50,-14.09,,0,10000.0,4.63,320,0.0,0.0,Clear
20241227,1735333200,1735339558,1735374061,-6.61,-11.54,1024,53,-13.75,,0,10000.0,3.09,310,0.0,0.0,Clear
20241227,1735336800,1735339558,1735374061,-6.54,-10.86,1026,38,-17.27,,0,10000.0,2.57,350,0.0,0.0,Clear
20241227,1735340400,1735339558,1735374061,-6.8,-11.17,1026,46,-15.47,,0,10000.0,2.57,360,0.0,0.0,Clear
20241228,1735344000,1735339558,1735374061,-5.69,-10.43,1026,45,-14.67,,0,10000.0,3.09,330,0.0,0.0,Clear
20241228,1735347600,1735339558,1735374061,-4.31,-9.67,1026,35,-16.11,,0,10000.0,4.12,310,0.0,0.0,Clear
20241228,1735351200,1735339558,1735374061,-2.21,-7.09,1026,34,-14.51,,0,10000.0,4.12,330,0.0,0.0,Clear
20241228,1735354800,1735339558,1735374061,-1.43,-6.47,1026,34,-13.8,,0,10000.0,4.63,310,0.0,0.0,Clear
20241228,1735358400,1735339558,1735374061,-0.7,-5.87,1025,36,-12.5,,0,10000.0,5.14,340,0.0,0.0,Clear
20241228,1735362000,1735339558,1735374061,0.36,-4.25,1024,33,-12.53,,0,10000.0,4.63,300,0.0,0.0,Clear
20241228,1735365600,1735339558,1735374061,0.62,-3.93,1024,35,-11.67,,0,10000.0,4.63,280,0.0,0.0,Clear
20241228,1735369200,1735339558,1735374061,0.38,-1.38,1024,34,-12.19,,20,10000.0,1.54,320,0.0,0.0,Clouds
20241228,1735372800,1735339558,1735374061,-0.96,-5.55,1024,47,-9.77,,0,10000.0,4.12,310,0.0,0.0,Clear
20241228,1735376400,1735339558,1735374061,-1.96,-4.06,1024,52,-9.56,,0,10000.0,1.54,300,0.0,0.0,Clear
20241228,1735380000,1735339558,1735374061,-2.39,-2.39,1025,54,-9.54,,20,10000.0,0.51,260,0.0,0.0,Clouds
20241228,1735383600,1735339558,1735374061,-2.84,-5.85,1025,53,-10.18,,0,10000.0,2.06,310,0.0,0.0,Clear
20241228,1735387200,1735339558,1735374061,-3.47,-5.78,1025,46,-12.35,,0,10000.0,1.54,330,0.0,0.0,Clear
20241228,1735390800,1735339558,1735374061,-3.93,-3.93,1025,58,-10.2,,0,10000.0,0.51,240,0.0,0.0,Clear
20241228,1735394400,1735339558,1735374061,-4.06,-4.06,1025,71,-8.03,,0,10000.0,1.03,180,0.0,0.0,Clear
20241228,1735398000,1735425974,1735460502,-3.71,-3.71,1025,68,-8.19,,0,10000.0,1.03,190,0.0,0.0,Clear
20241228,1735401600,1735425974,1735460502,-3.12,-3.12,1025,69,-7.45,,75,10000.0,1.03,180,0.0,0.0,Clouds
20241228,1735405200,1735425974,1735460502,-3.27,-3.27,1025,72,-7.11,,75,10000.0,0.51,350,0.0,0.0,Clouds
20241228,1735408800,1735425974,1735460502,-3.25,-3.25,1026,65,-8.26,,75,10000.0,0.51,320,0.0,0.0,Clouds
20241228,1735412400,1735425974,1735460502,-3.7,-3.7,1026,70,-7.85,,75,10000.0,0.51,20,0.0,0.0,Clouds
20241228,1735416000,1735425974,1735460502,-4.45,-4.45,1026,68,-8.9,,75,10000.0,0.51,150,0.0,0.0,Clouds
20241228,1735419600,1735425974,1735460502,-4.78,-4.78,1026,81,-7.23,,20,10000.0,0.51,310,0.0,0.0,Clouds
20241228,1735423200,1735425974,1735460502,-4.86,-4.86,1027,74,-8.34,,20,10000.0,0.51,190,0.0,0.0,Clouds
20241228,1735426800,1735425974,1735460502,-5.64,-8.26,1027,88,-7.12,,0,10000.0,1.54,340,0.0,0.0,Clear
20241229,1735430400,1735425974,1735460502,-3.75,-3.75,1027,77,-6.8,,0,10000.0,1.03,310,0.0,0.0,Clear
20241229,1735434000,1735425974,1735460502,-1.69,-1.69,1028,55,-8.67,,0,10000.0,0.51,230,0.0,0.0,Clear
20241229,1735437600,1735425974,1735460502,0.9,0.9,1028,35,-11.45,,0,10000.0,1.03,160,0.0,0.0,Clear
20241229,1735441200,1735425974,1735460502,2.1,2.1,1027,37,-9.86,,0,10000.0,1.03,120,0.0,0.0,Clear
20241229,1735444800,1735425974,1735460502,2.94,2.94,1026,34,-10.14,,0,10000.0,1.03,160,0.0,0.0,Clear
20241229,1735448400,1735425974,1735460502,4.38,3.19,1026,34,-8.99,,0,10000.0,1.54,60,0.0,0.0,Clear
20241229,1735452000,1735425974,1735460502,4.36,4.36,1025,37,-8.05,,75,10000.0,1.03,160,0.0,0.0,Clouds
20241229,1735455600,1735425974,1735460502,4.67,3.52,1025,42,-6.34,,75,10000.0,1.54,210,0.0,0.0,Clouds
20241229,1735459200,1735425974,1735460502,3.13,1.76,1024,49,-5.81,,75,10000.0,1.54,200,0.0,0.0,Clouds
20241229,1735462800,1735425974,1735460502,2.55,0.45,1025,55,-4.94,,75,10000.0,2.06,220,0.0,0.0,Clouds
20241229,1735466400,1735425974,1735460502,1.41,-0.21,1025,55,-5.89,,40,10000.0,1.54,220,0.0,0.0,Clouds
20241229,1735470000,1735425974,1735460502,0.4,0.4,1025,64,-4.97,,40,10000.0,1.03,160,0.0,0.0,Clouds
20241229,1735473600,1735425974,1735460502,0.58,-2.41,1024,75,-2.95,,75,10000.0,2.57,150,0.0,0.0,Clouds
20241229,1735477200,1735425974,1735460502,0.74,-2.22,1023,71,-3.46,,75,10000.0,2.57,210,0.0,0.0,Clouds
20241229,1735480800,1735425974,1735460502,0.61,-2.37,1023,72,-3.41,,75,10000.0,2.57,160,0.0,0.0,Clouds
20241229,1735484400,1735512388,1735546944,0.7,-2.26,1022,75,-2.85,,75,10000.0,2.57,160,0.0,0.0,Clouds
20241229,1735488000,1735512388,1735546944,0.72,-1.69,1022,78,-2.36,,75,10000.0,2.06,200,0.0,0.0,Clouds
20241229,1735491600,1735512388,1735546944,0.98,-2.4,1022,72,-3.09,,75,10000.0,3.09,210,0.0,0.0,Clouds
20241229,1735495200,1735512388,1735546944,1.06,-2.7,1022,75,-2.54,,75,10000.0,3.6,210,0.0,0.0,Clouds
20241229,1735498800,1735512388,1735546944,1.35,-2.7,1022,76,-2.13,,75,10000.0,4.12,210,0.0,0.0,Clouds
20241229,1735502400,1735512388,1735546944,1.55,-2.1,1021,79,-1.49,,0,10000.0,3.6,210,0.0,0.0,Clear
20241229,1735506000,1735512388,1735546944,1.95,-1.62,1021,76,-1.61,,75,10000.0,3.6,200,0.0,0.0,Clouds
20241229,1735509600,1735512388,1735546944,1.82,-1.78,1021,82,-0.81,,75,10000.0,3.6,150,0.0,0.0,Mist
20241229,1735513200,1735512388,1735546944,2.04,-1.51,1020,81,-0.77,,75,10000.0,3.6,210,0.0,0.0,Clouds
20241230,1735516800,1735512388,1735546944,2.9,-0.46,1020,78,-0.49,,75,10000.0,3.6,210,0.0,0.0,Clouds
20241230,1735520400,1735512388,1735546944,3.81,1.01,1020,70,-1.02,,75,10000.0,3.09,200,0.0,0.0,Clouds
20241230,1735524000,1735512388,1735546944,7.02,4.28,1020,66,1.11,,40,10000.0,4.12,190,0.0,0.0,Haze
20241230,1735527600,1735512388,1735546944,7.99,5.74,1019,57,0.0,,40,10000.0,3.6,180,0.0,0.0,Clouds
20241230,1735531200,1735512388,1735546944,8.19,4.4,1018,55,-0.27,,20,10000.0,7.72,250,0.0,0.0,Clouds
20241230,1735534800,1735512388,1735546944,9.6,6.68,1018,47,-1.02,,20,10000.0,6.17,240,0.0,0.0,Clouds
20241230,1735538400,1735512388,1735546944,9.32,6.16,1017,54,0.5,,40,10000.0,6.69,230,0.0,0.0,Clouds
20241230,1735542000,1735512388,1735546944,8.89,5.61,1017,58,1.08,,75,9000.0,6.69,240,0.0,0.0,Clouds
20241230,1735545600,1735512388,1735546944,7.44,5.07,1017,57,-0.45,,75,9000.0,3.6,260,0.0,0.0,Clouds
20241230,1735549200,1735512388,1735546944,6.45,3.58,1017,63,-0.06,,75,9000.0,4.12,250,0.0,0.0,Clouds
20241230,1735552800,1735512388,1735546944,5.01,2.85,1017,70,0.0,,100,9000.0,2.57,240,0.0,0.0,Clouds
20241230,1735556400,1735512388,1735546944,5.1,2.56,1017,65,-0.82,,99,9000.0,3.09,250,0.0,0.0,Clouds
20241230,1735560000,1735512388,1735546944,4.41,1.38,1017,70,-0.51,,40,8000.0,3.6,260,0.0,0.0,Clouds
20241230,1735563600,1735512388,1735546944,3.99,2.74,1017,65,-1.75,,40,10000.0,1.54,270,0.0,0.0,Clouds
20241230,1735567200,1735512388,1735546944,3.73,1.33,1017,76,-0.09,,40,6000.0,2.57,270,0.0,0.0,Haze
20241230,1735570800,1735598800,1735633388,4.01,0.29,1017,82,1.22,,75,4000.0,4.63,300,0.0,0.0,Mist
20241230,1735574400,1735598800,1735633388,3.25,-1.4,1017,52,-5.01,,20,7000.0,6.17,320,0.0,0.0,Clouds
20241230,1735578000,1735598800,1735633388,1.49,-3.13,1018,55,-5.82,,0,10000.0,5.14,300,0.0,0.0,Clear
20241230,1735581600,1735598800,1735633388,0.67,-3.54,1018,54,-6.72,,0,10000.0,4.12,310,0.0,0.0,Haze
20241230,1735585200,1735598800,1735633388,0.13,-4.53,1019,48,-8.52,,0,10000.0,4.63,320,0.0,0.0,Haze
20241230,1735588800,1735598800,1735633388,-0.71,-2.63,1019,47,-9.53,,0,10000.0,1.54,290,0.0,0.0,Clear
20241230,1735592400,1735598800,1735633388,-0.97,-6.5,1020,47,-9.77,,0,10000.0,5.66,310,0.0,0.0,Clear
20241230,1735596000,1735598800,1735633388,-1.48,-6.54,1021,45,-10.74,,0,10000.0,4.63,300,0.0,0.0,Clear
20241230,1735599600,1735598800,1735633388,-1.85,-5.81,1022,47,-10.6,,0,10000.0,3.09,320,0.0,0.0,Clear
20241231,1735603200,1735598800,1735633388,-0.7,-4.85,1022,42,-10.79,,0,10000.0,3.6,300,0.0,0.0,Clear
20241231,1735606800,1735598800,1735633388,0.34,-4.27,1023,36,-11.59,,0,10000.0,4.63,310,0.0,0.0,Clear
20241231,1735610400,1735598800,1735633388,1.58,-3.02,1023,31,-12.25,,0,10000.0,5.14,300,0.0,0.0,Clear
20241231,1735614000,1735598800,1735633388,2.17,-1.69,1022,30,-12.15,,0,10000.0,4.12,290,0.0,0.0,Clear
20241231,1735617600,1735598800,1735633388,2.65,-0.76,1022,27,-12.94,,0,10000.0,3.6,310,0.0,0.0,Clear
20241231,1735621200,1735598800,1735633388,3.38,-0.49,1021,25,-13.21,,0,10000.0,4.63,320,0.0,0.0,Clear
20241231,1735624800,1735598800,1735633388,3.59,0.05,1021,29,-11.41,,0,10000.0,4.12,250,0.0,0.0,Clear
20241231,1735628400,1735598800,1735633388,3.51,-0.33,1022,31,-10.72,,0,10000.0,4.63,250,0.0,0.0,Clear
20241231,1735632000,1735598800,1735633388,1.46,-2.21,1022,36,-10.68,,0,10000.0,3.6,270,0.0,0.0,Clear
20241231,1735635600,1735598800,1735633388,0.16,-3.39,1022,42,-10.01,,0,9000.0,3.09,250,0.0,0.0,Clear
20241231,1735639200,1735598800,1735633388,-1.06,-3.77,1023,50,-9.16,,0,10000.0,2.06,280,0.0,0.0,Clear
20241231,1735642800,1735598800,1735633388,-2.27,-4.41,1023,51,-10.08,,0,10000.0,1.54,270,0.0,0.0,Clear
20241231,1735646400,1735598800,1735633388,-3.0,-3.0,1023,66,-7.84,,0,10000.0,1.03,80,0.0,0.0,Clear
20241231,1735650000,1735598800,1735633388,-3.11,-5.37,1023,58,-9.42,,0,10000.0,1.54,200,0.0,0.0,Clear
20241231,1735653600,1735598800,1735633388,-3.47,-5.78,1023,63,-8.83,,0,10000.0,1.54,200,0.0,0.0,Clear
20241231,1735657200,1735685210,1735719833,-3.9,-3.9,1024,77,-6.95,,0,10000.0,1.03,200,0.0,0.0,Clear
20241231,1735660800,1735685210,1735719833,-5.28,-7.85,1023,80,-7.86,,0,10000.0,1.54,190,0.0,0.0,Clear
20241231,1735664400,1735685210,1735719833,-4.55,-7.02,1023,86,-6.31,,0,10000.0,1.54,170,0.0,0.0,Clear
20241231,1735668000,1735685210,1735719833,-3.58,-6.71,1023,74,-7.09,,0,10000.0,2.06,150,0.0,0.0,Clear
20241231,1735671600,1735685210,1735719833,-3.51,-7.81,1023,74,-7.02,,0,10000.0,3.09,140,0.0,0.0,Clear
20241231,1735675200,1735685210,1735719833,-3.45,-7.19,1022,74,-6.97,,0,10000.0,2.57,220,0.0,0.0,Clear
20241231,1735678800,1735685210,1735719833,-3.1,-7.31,1022,75,-6.47,,0,10000.0,3.09,140,0.0,0.0,Clear
20241231,1735682400,1735685210,1735719833,-2.61,-5.58,1023,75,-5.99,,0,10000.0,2.06,150,0.0,0.0,Clear
20241231,1735686000,1735685210,1735719833,-2.22,-4.35,1023,69,-6.58,,75,10000.0,1.54,230,0.0,0.0,Clouds
