Hour,Temperature(C),Humidity(%),Wind speed (m/s),Visibility (10m),Dew point temperature(C),Rainfall(mm),Snowfall (cm),Seasons,Holiday,hour diff,Functioning Day,rental_cnt
2,0.51,51,1.03,10000.0,-7.51,0.0,0.0,3,1,53978.0,1,761
12,3.2,81,3.09,8000.0,0.26,0.0,0.0,3,1,53580.0,1,3153
15,-2.71,80,1.03,10000.0,-5.34,0.0,0.0,3,1,53631.0,1,4472
9,3.78,45,2.06,10000.0,-6.26,0.0,0.0,3,1,54033.0,1,3800
16,-7.42,57,2.06,10000.0,-13.72,0.0,0.0,3,1,53896.0,1,2769
17,-2.01,69,2.06,10000.0,-6.38,0.0,0.0,3,1,53513.0,1,5152
18,-7.26,73,1.03,10000.0,-10.83,0.0,0.0,3,1,53682.0,1,6979
9,0.69,93,2.06,2500.0,-0.27,0.0,0.41,3,1,53721.0,1,4055
5,9.73,20,3.09,10000.0,-10.84,0.0,0.0,3,1,54053.0,1,964
6,8.35,66,4.63,4000.0,2.38,0.0,0.0,3,1,53430.0,1,2173
14,-2.87,92,2.07,9150.339366515836,-3.86,0.0,0.0,3,1,53558.0,1,2934
13,3.04,75,3.09,7000.0,-0.84,0.0,0.0,3,1,53413.0,1,3497
5,0.51,93,2.57,5000.0,-0.43,0.0,0.27,3,1,53717.0,1,1028
1,5.8,76,2.06,3500.0,1.9,0.0,0.0,3,1,53425.0,1,1335
4,2.32,45,3.09,10000.0,-7.46,0.0,0.0,3,1,54004.0,1,417
6,4.31,26,1.54,10000.0,-12.06,0.0,0.0,3,1,53622.0,1,820
4,8.29,25,2.06,8000.0,-9.42,0.0,0.0,3,1,54052.0,1,734
3,-0.92,49,1.15,9150.339366515836,-9.26,0.0,0.0,3,1,53691.0,1,458
4,5.25,70,1.54,10000.0,0.23,0.0,0.0,3,1,53740.0,1,375
7,3.57,56,4.63,10000.0,-3.88,0.0,0.0,3,1,53959.0,1,1129
19,-6.07,100,0.51,7000.0,-6.07,0.0,0.0,3,1,53995.0,1,2300
1,2.63,94,1.54,10000.0,1.76,0.0,0.0,3,0,53329.0,1,1617
21,-2.07,93,4.12,3500.0,-2.93,0.0,0.0,3,1,54069.0,1,3961
3,-1.66,40,3.6,10000.0,-12.22,0.0,0.0,3,1,53667.0,1,345
4,4.17,42,1.54,8000.0,-6.74,0.0,0.0,3,1,54028.0,1,414
13,-10.56,57,3.09,10000.0,-16.72,0.0,0.0,3,1,53869.0,1,1682
3,-1.66,40,3.6,10000.0,-12.22,0.0,0.0,3,1,53667.0,1,345
1,-0.01,80,2.06,4000.0,-2.69,0.0,0.0,3,1,53569.0,1,1048
4,0.24,93,2.06,1500.0,-0.67,0.0,0.36,3,1,53524.0,1,462
7,2.19,28,1.54,10000.0,-12.9,0.0,0.0,3,1,53695.0,1,3957
22,-9.62,52,1.54,10000.0,-16.8,0.0,0.0,3,1,53902.0,1,1852
0,4.3,75,2.57,10000.0,0.27,0.0,0.0,3,1,53760.0,1,1734
8,2.82,44,4.63,10000.0,-7.3,0.0,0.0,3,1,53600.0,1,7138
9,1.19,93,4.12,9000.0,0.19,0.0,0.0,3,1,53649.0,1,1952
8,2.68,81,5.66,10000.0,-0.22,0.52,0.0,3,1,53792.0,1,2439
19,-2.03,74,3.09,10000.0,-5.58,0.0,0.0,3,1,53515.0,1,4274
7,6.03,67,3.1,10000.0,0.37,0.0,0.0,3,0,53335.0,1,995
20,-5.74,73,0.51,10000.0,-9.35,0.0,0.0,3,1,53972.0,1,2171
23,-2.81,93,1.54,6000.0,-3.67,0.0,0.0,3,1,53399.0,1,1798
17,-7.09,73,1.03,10000.0,-10.66,0.0,0.0,3,1,53681.0,1,5589
21,-6.64,67,1.47,9150.339366515836,-11.19,0.0,0.0,3,1,53925.0,1,2563
16,-3.43,63,0.51,10000.0,-8.79,0.0,0.0,3,1,53608.0,1,4593
20,-5.74,73,0.51,10000.0,-9.35,0.0,0.0,3,1,53972.0,1,2171
9,-9.78,52,5.66,10000.0,-16.95,0.0,0.0,3,1,53865.0,1,2358
13,-2.69,75,1.96,9150.339366515836,-6.07,0.0,0.0,3,1,53989.0,1,3271
17,-2.78,100,2.06,2500.0,-2.78,0.0,0.0,3,1,53537.0,1,2264
9,3.43,64,2.1,10000.0,-2.41,0.0,0.0,3,1,53361.0,1,3864
19,-5.76,90,0.51,4000.0,-6.98,0.0,0.0,3,1,54019.0,1,4940
23,0.32,93,2.57,7000.0,-0.6,0.0,0.0,3,1,53735.0,1,190
21,-6.64,67,1.47,9150.339366515836,-11.19,0.0,0.0,3,1,53925.0,1,2563
8,-9.15,48,5.66,10000.0,-17.21,0.0,0.0,3,1,53864.0,1,4638
16,-3.63,58,4.63,10000.0,-9.92,0.0,0.0,3,1,53656.0,1,1589
9,4.51,81,3.6,3500.0,1.54,0.0,0.0,3,1,53433.0,1,4259
2,7.19,71,3.6,3500.0,2.29,0.0,0.0,3,1,53426.0,1,800
15,-2.98,100,1.54,2500.0,-2.98,0.0,0.0,3,1,53559.0,1,3112
12,-0.73,59,1.03,10000.0,-6.96,0.0,0.0,3,1,53604.0,1,3580
14,1.88,93,1.54,6000.0,0.87,0.0,0.0,3,1,53582.0,1,3139
11,0.66,93,1.54,900.0,-0.3,0.0,1.11,3,1,53459.0,1,3577
12,-1.44,69,2.57,10000.0,-5.82,0.0,0.0,3,1,54036.0,1,3279
4,3.91,38,2.06,10000.0,-8.1,0.0,0.0,3,1,53452.0,1,523
5,5.2,65,3.09,10000.0,-0.74,0.0,0.0,3,1,53405.0,1,997
12,-1.04,72,0.51,10000.0,-4.94,0.0,0.0,3,1,54012.0,1,3190
22,4.17,87,1.54,5000.0,2.2,0.0,0.0,3,1,53422.0,1,3376
18,4.03,81,3.09,10000.0,1.07,0.0,0.0,3,1,53754.0,1,7965
16,-7.42,57,2.06,10000.0,-13.72,0.0,0.0,3,1,53896.0,1,2769
22,4.19,70,1.54,10000.0,-0.69,0.0,0.0,3,1,53758.0,1,3259
18,-7.26,73,1.03,10000.0,-10.83,0.0,0.0,3,1,53682.0,1,6979
12,-2.14,93,2.06,2500.0,-3.0,0.0,0.0,3,1,53556.0,1,2745
0,-1.5,93,0.0,2500.0,-2.37,0.0,0.0,3,1,53592.0,1,1600
7,8.57,61,1.03,10000.0,1.48,0.0,0.0,3,1,53743.0,1,2878
12,2.25,75,1.54,6000.0,-1.52,0.0,0.0,3,1,54060.0,1,3766
17,-2.01,69,2.06,10000.0,-6.38,0.0,0.0,3,1,53513.0,1,5152
1,-6.64,42,5.14,10000.0,-16.3,0.0,0.0,3,1,53905.0,1,768
4,8.36,61,3.6,5000.0,1.29,0.0,0.0,3,1,53428.0,1,579
11,-1.78,86,1.03,10000.0,-3.58,0.0,0.0,3,1,53939.0,1,2916
11,3.09,75,2.57,6000.0,-0.8,0.0,0.0,3,1,54059.0,1,3413
22,0.2,80,0.51,7000.0,-2.51,0.0,0.0,3,1,54046.0,1,3134
13,-1.49,74,0.51,10000.0,-5.06,0.0,0.0,3,1,53605.0,1,3521
12,-10.61,55,4.63,10000.0,-17.14,0.0,0.0,3,1,53868.0,1,1734
17,-2.44,79,2.32,9150.339366515836,-5.22,0.0,0.0,3,1,53465.0,1,4542
13,4.07,87,4.12,10000.0,2.1,0.0,0.0,3,1,54517.0,1,1117
8,8.98,40,1.03,10000.0,-3.44,0.0,0.0,3,1,54704.0,1,8429
4,3.69,87,4.12,10000.0,1.73,0.36,0.0,3,1,54172.0,1,350
19,-0.06,97,2.57,600.0,-0.43,0.0,0.58,3,1,54571.0,1,418
21,-0.57,93,3.09,10000.0,-1.44,0.0,0.0,3,1,54189.0,1,594
4,6.84,82,3.4,9150.339366515836,3.99,0.0,0.0,3,1,54532.0,1,423
4,5.35,45,3.09,10000.0,-4.98,0.0,0.0,3,1,54436.0,1,508
9,4.76,60,3.09,10000.0,-2.07,0.15,0.0,3,1,54633.0,1,3063
3,2.89,90,6.17,7000.0,1.41,1.03,0.0,3,1,54411.0,1,605
4,6.56,39,2.57,10000.0,-5.67,0.0,0.0,3,0,54340.0,1,363
12,1.39,75,1.54,10000.0,-2.25,0.0,0.0,3,1,54444.0,1,4310
4,6.9,62,1.6,9150.339366515836,0.13,0.0,0.0,3,1,54724.0,1,561
22,-0.02,80,1.54,10000.0,-2.7,0.0,0.0,3,1,54094.0,1,3216
10,9.66,76,3.09,10000.0,5.64,0.0,0.0,3,1,54370.0,1,3215
23,1.48,56,5.14,10000.0,-5.62,0.0,0.0,3,1,54695.0,1,2114
20,-4.93,86,2.06,8000.0,-6.68,0.0,0.0,3,1,54308.0,1,1766
21,-4.09,86,1.54,8000.0,-5.85,0.0,0.0,3,1,54309.0,1,1632
15,-1.78,93,2.06,3500.0,-2.65,0.0,0.0,3,1,54327.0,1,2849
8,6.2,61,2.57,10000.0,-0.67,0.0,0.0,3,1,54656.0,1,614
8,8.62,53,3.09,10000.0,-0.36,0.0,0.0,3,1,54152.0,1,1769
23,-2.21,93,1.54,8000.0,-3.07,0.0,0.0,3,1,54215.0,1,2125
6,9.81,46,1.54,10000.0,-1.1,0.0,0.0,3,1,54150.0,1,697
5,8.32,34,2.57,10000.0,-5.87,0.0,0.0,3,0,54341.0,1,380
15,9.0,100,4.63,3000.0,9.0,0.68,0.0,3,1,54495.0,1,1882
8,7.77,53,4.12,9000.0,-1.06,0.0,0.0,3,1,54752.0,1,8434
23,-2.23,93,2.06,5000.0,-3.09,0.0,0.0,3,0,54287.0,1,1237
12,1.29,100,2.06,3500.0,1.29,0.0,0.4,3,1,54564.0,1,212
14,1.53,41,4.12,10000.0,-9.16,0.0,0.0,3,1,54758.0,1,4458
18,1.55,93,1.54,5000.0,0.54,0.0,0.0,3,1,54738.0,1,10128
2,1.6,86,1.54,10000.0,-0.43,0.0,0.0,3,1,54194.0,1,398
8,6.2,61,2.57,10000.0,-0.67,0.0,0.0,3,1,54656.0,1,614
17,9.6,100,2.57,2500.0,9.6,0.78,0.0,3,1,54497.0,1,427
18,3.13,70,2.06,10000.0,-1.59,0.0,0.0,3,1,54714.0,1,10026
9,2.52,93,3.6,7000.0,1.5,0.36,0.0,3,1,54561.0,1,400
12,1.76,90,4.12,9000.0,0.3,0.0,0.47,3,1,54636.0,1,4201
1,1.18,80,2.06,7000.0,-1.66,0.0,0.0,3,1,54289.0,1,727
4,2.98,48,4.12,10000.0,-6.17,0.0,0.0,3,1,54604.0,1,362
8,4.07,65,5.14,6000.0,-1.69,0.0,0.0,3,1,54320.0,1,1124
17,-1.38,93,1.54,9000.0,-2.25,0.0,0.0,3,1,54665.0,1,4566
9,7.12,49,4.12,10000.0,-2.53,0.0,0.0,3,1,54753.0,1,4582
13,-1.66,93,1.03,10000.0,-2.53,0.0,0.0,3,1,54229.0,1,1716
17,7.88,93,0.51,6000.0,6.82,0.0,0.0,3,1,54377.0,1,8366
8,2.12,64,3.09,10000.0,-3.52,0.0,0.0,3,1,54224.0,1,7514
8,4.33,65,3.6,7000.0,-1.47,0.0,0.0,3,1,54104.0,1,8053
5,6.43,39,5.14,10000.0,-5.78,0.0,0.0,3,1,54293.0,1,340
13,0.3,93,1.54,3500.0,-0.61,0.0,0.0,3,1,54325.0,1,2949
21,2.81,70,1.03,10000.0,-1.87,0.0,0.0,3,1,54717.0,1,4750
4,3.68,48,1.54,10000.0,-5.59,0.0,0.0,3,1,54244.0,1,504
16,9.29,100,2.57,3000.0,9.29,1.16,0.0,3,1,54496.0,1,1207
18,-2.24,84,1.1,9150.339366515836,-4.31,0.0,0.0,3,0,54282.0,1,2668
21,0.87,100,1.54,2500.0,0.87,0.0,0.4,3,1,54645.0,1,387
2,5.6,81,0.51,8000.0,2.6,0.0,0.0,3,1,54530.0,1,407
21,3.72,81,1.54,10000.0,0.77,0.24,0.0,3,1,54165.0,1,3090
4,15.91,67,4.63,10000.0,9.8,0.15,0.0,3,1,54388.0,1,528
9,4.76,60,3.09,10000.0,-2.07,0.15,0.0,3,1,54633.0,1,3063
9,8.3,46,2.06,10000.0,-2.33,0.0,0.0,3,1,54705.0,1,4521
3,8.15,53,1.54,10000.0,-0.75,0.0,0.0,3,1,54147.0,1,637
7,13.22,58,6.69,10000.0,5.15,0.0,0.0,3,1,54367.0,1,4571
6,8.86,29,2.57,10000.0,-7.29,0.0,0.0,3,0,54342.0,1,515
7,6.38,46,3.09,10000.0,-3.89,0.0,0.0,3,1,54439.0,1,4612
6,9.81,46,1.54,10000.0,-1.1,0.0,0.0,3,1,54150.0,1,697
20,0.97,100,2.06,4000.0,0.97,0.0,0.0,3,1,54740.0,1,5189
20,3.54,81,4.63,10000.0,0.59,0.21,0.0,3,1,54164.0,1,3345
10,1.77,100,2.06,6000.0,1.77,0.0,0.39,3,1,54562.0,1,228
6,5.04,52,8.23,8000.0,-3.54,0.0,0.0,3,1,54318.0,1,386
11,3.75,75,1.54,8000.0,-0.23,0.0,0.0,3,1,54467.0,1,4438
11,5.44,93,4.63,10000.0,4.4,0.0,0.0,3,1,54515.0,1,1407
10,2.32,75,2.57,4000.0,-1.46,0.0,0.0,3,1,54322.0,1,1914
18,-2.24,84,1.1,9150.339366515836,-4.31,0.0,0.0,3,0,54282.0,1,2668
3,3.07,52,2.57,8000.0,-5.16,0.0,0.0,3,1,54243.0,1,586
20,0.97,100,2.06,4000.0,0.97,0.0,0.0,3,1,54740.0,1,5189
6,8.12,50,1.03,10000.0,-1.47,0.0,0.0,3,1,54726.0,1,2387
3,6.02,49,4.12,10000.0,-3.43,0.0,0.0,3,1,54123.0,1,1437
7,13.22,58,6.69,10000.0,5.15,0.0,0.0,3,1,54367.0,1,4571
6,1.75,75,3.09,10000.0,-1.94,0.0,0.0,3,1,54582.0,1,369
6,4.6,48,2.06,10000.0,-4.84,0.0,0.0,3,1,54246.0,1,1878
7,5.63,45,5.14,7000.0,-4.75,0.0,0.0,3,1,54295.0,1,695
15,0.37,64,2.06,10000.0,-5.0,0.0,0.0,3,1,54423.0,1,1478
15,3.47,84,4.63,10000.0,1.03,0.0,0.0,3,1,54519.0,1,1390
15,0.2,93,2.06,5000.0,-0.7,0.0,0.0,3,1,54207.0,1,3442
17,-1.03,64,1.54,10000.0,-6.3,0.0,0.0,1,1,55241.0,1,8316
13,11.4,71,1.03,10000.0,6.34,0.0,0.0,1,1,55309.0,1,7885
23,-0.33,93,0.51,3500.0,-1.21,0.0,0.0,1,1,54815.0,1,1706
16,4.39,75,6.69,5000.0,0.35,0.0,0.0,1,1,54808.0,1,3775
13,7.17,53,1.54,10000.0,-1.55,0.0,0.0,1,1,55453.0,1,1006
3,12.31,40,2.57,10000.0,-0.79,0.0,0.0,1,1,55467.0,1,943
17,8.97,42,1.54,10000.0,-2.87,0.0,0.0,1,1,55145.0,1,8408
23,5.48,65,1.54,10000.0,-0.5,0.0,0.0,1,1,55487.0,1,2806
6,9.66,37,5.14,10000.0,-3.82,0.0,0.0,1,1,55254.0,1,2860
19,4.55,60,2.06,10000.0,-2.24,0.0,0.0,1,1,55195.0,1,7524
10,4.26,65,2.57,10000.0,-1.53,0.0,0.0,1,1,54994.0,1,3379
0,3.62,65,2.57,10000.0,-2.07,0.0,0.0,1,1,54912.0,1,1757
17,2.14,86,4.12,6000.0,0.05,0.0,0.0,1,1,55073.0,1,9002
4,11.48,37,5.66,10000.0,-2.38,0.0,0.0,1,1,55060.0,1,496
13,0.63,75,2.8,9150.339366515836,-2.91,0.0,0.0,1,1,54973.0,1,5374
23,9.86,76,1.54,10000.0,5.83,0.0,0.0,1,1,55319.0,1,3309
16,1.61,87,1.03,10000.0,-0.28,0.0,0.0,1,1,55000.0,1,6613
6,16.94,16,3.09,10000.0,-8.04,0.0,0.0,1,1,55134.0,1,1066
6,15.02,51,3.6,10000.0,4.97,0.0,0.0,1,1,55398.0,1,3112
3,10.85,35,5.14,10000.0,-3.54,0.0,0.0,1,1,55059.0,1,637
14,-6.24,46,3.6,10000.0,-14.94,0.0,0.0,1,0,54782.0,1,2836
15,4.35,70,1.54,10000.0,-0.56,0.0,0.0,1,1,55455.0,1,4246
23,3.1,87,3.09,4500.0,1.15,0.0,0.0,1,1,55079.0,1,2521
9,7.39,39,4.63,10000.0,-5.01,0.0,0.0,1,1,55257.0,1,5464
17,3.42,80,3.6,10000.0,0.3,0.0,0.0,1,1,54881.0,1,8250
10,7.34,70,1.03,10000.0,2.24,0.0,0.0,1,1,55042.0,1,2054
6,10.9,46,1.54,10000.0,-0.22,0.0,0.0,1,1,54894.0,1,2829
6,9.86,40,3.6,10000.0,-2.74,0.0,0.0,1,1,55014.0,1,2775
3,13.48,44,5.66,10000.0,1.48,0.0,0.0,1,1,55347.0,1,577
13,6.76,76,1.54,7000.0,2.83,0.0,0.0,1,1,55117.0,1,5179
9,10.51,71,4.63,10000.0,5.48,0.0,0.0,1,1,55377.0,1,1045
12,3.65,70,4.63,9000.0,-1.15,0.0,0.0,1,1,54804.0,1,3458
6,-1.47,31,7.72,10000.0,-14.84,0.0,0.0,1,0,54774.0,1,703
21,1.71,100,0.51,3000.0,1.71,0.0,0.0,1,1,55125.0,1,4944
8,11.2,66,5.66,7000.0,5.09,0.0,0.0,1,1,55448.0,1,9447
6,17.77,42,4.63,10000.0,4.7,0.0,0.0,1,1,55302.0,1,1012
4,19.7,26,4.63,10000.0,-0.28,0.0,0.0,1,1,55324.0,1,646
0,1.43,86,0.57,9150.339366515836,-0.57,0.0,0.0,1,1,54816.0,1,1547
8,12.95,26,5.14,10000.0,-5.4,0.0,0.0,1,1,55088.0,1,10356
19,-2.19,69,1.54,10000.0,-6.55,0.0,0.0,1,1,54979.0,1,3475
15,5.14,42,3.52,9150.339366515836,-5.96,0.0,0.0,1,1,55167.0,1,6956
15,4.3,76,3.19,9150.339366515836,0.45,0.0,0.0,1,1,55071.0,1,5389
14,5.34,70,2.57,10000.0,0.32,0.0,0.0,1,1,54878.0,1,3850
2,6.23,24,2.06,10000.0,-11.46,0.0,0.0,1,1,54842.0,1,469
9,11.2,66,1.54,10000.0,5.09,0.0,0.0,1,1,55113.0,1,5426
16,4.2,75,3.09,10000.0,0.17,0.0,0.0,1,1,54880.0,1,6015
0,3.49,60,3.09,10000.0,-3.13,0.0,0.0,1,1,55008.0,1,1357
23,1.88,76,2.17,9150.339366515836,-1.67,0.0,0.0,1,1,55007.0,1,1632
5,-1.27,31,7.72,10000.0,-14.66,0.0,0.0,1,0,54773.0,1,539
23,-5.21,54,3.6,10000.0,-12.22,0.0,0.0,1,0,54791.0,1,1134
8,6.64,45,5.66,10000.0,-3.93,0.0,0.0,1,1,54920.0,1,9811
3,7.12,23,1.03,10000.0,-11.25,0.0,0.0,1,1,54987.0,1,623
9,11.2,66,1.54,10000.0,5.09,0.0,0.0,1,1,55113.0,1,5426
16,10.84,62,1.03,10000.0,3.86,0.0,0.0,1,1,55336.0,1,11479
9,11.2,66,1.54,10000.0,5.09,0.0,0.0,1,1,55113.0,1,5426
6,21.5,23,2.57,10000.0,-0.43,0.0,0.0,1,1,55326.0,1,876
0,4.27,48,6.69,10000.0,-5.11,0.0,0.0,1,1,55224.0,1,1600
7,10.67,37,6.17,10000.0,-3.02,0.0,0.0,1,1,55063.0,1,7085
23,7.23,71,1.54,10000.0,2.33,0.0,0.0,1,1,55511.0,1,2493
10,6.16,45,2.57,10000.0,-4.32,0.0,0.0,1,1,54850.0,1,3436
8,10.37,50,2.57,10000.0,0.41,0.0,0.0,1,1,55016.0,1,9253
18,3.28,93,1.03,4500.0,2.26,0.0,0.0,1,1,55122.0,1,11919
4,8.15,31,3.6,10000.0,-7.07,0.0,0.0,1,1,55012.0,1,463
11,6.16,81,2.57,10000.0,3.15,0.0,0.0,1,1,54899.0,1,4128
9,10.92,37,3.6,10000.0,-2.82,0.0,0.0,1,1,55089.0,1,5363
20,4.59,60,1.93,9150.339366515836,-2.21,0.0,0.0,1,1,54860.0,1,5535
2,8.52,69,7.72,10000.0,3.17,0.0,0.0,1,1,55202.0,1,807
3,9.17,40,3.6,10000.0,-3.29,0.0,0.0,1,1,54867.0,1,512
13,5.12,56,4.63,10000.0,-2.59,0.0,0.0,1,1,54901.0,1,4224
3,18.5,30,4.63,10000.0,0.62,0.0,0.0,1,1,55323.0,1,952
13,5.82,60,1.54,10000.0,-1.18,0.0,0.0,1,1,55069.0,1,4504
12,8.11,81,4.63,10000.0,5.05,0.26,0.0,1,1,55356.0,1,4095
10,5.35,49,1.03,10000.0,-3.98,0.0,0.0,1,1,55258.0,1,3782
21,5.08,56,4.63,10000.0,-2.62,0.0,0.0,1,1,55197.0,1,5313
6,11.04,74,5.66,3500.0,6.59,0.0,0.0,1,1,55446.0,1,2802
0,12.74,38,6.17,10000.0,-1.06,0.0,0.0,1,1,55344.0,1,2160
15,-1.37,80,0.51,10000.0,-4.03,0.0,0.0,1,1,54975.0,1,5778
10,6.78,57,5.14,10000.0,-1.0,0.0,0.0,1,1,55066.0,1,3828
11,3.63,61,6.17,10000.0,-2.82,0.18,0.0,1,1,54803.0,1,3155
16,1.55,64,1.03,10000.0,-4.0,0.0,0.0,1,1,55048.0,1,4995
10,21.09,52,2.57,10000.0,10.86,0.0,0.0,1,1,56194.0,1,5430
9,17.56,48,2.06,9000.0,6.44,0.0,0.0,1,1,55905.0,1,6645
13,14.61,63,1.54,10000.0,7.65,0.0,0.0,1,1,55573.0,1,4543
17,11.84,71,1.54,10000.0,6.76,0.0,0.0,1,1,55577.0,1,11149
9,17.67,52,4.12,10000.0,7.7,0.0,0.0,1,1,55593.0,1,6814
6,27.3,41,3.6,10000.0,12.91,0.0,0.0,1,1,56166.0,1,1507
17,10.64,91,1.45,9150.339366515836,9.23,0.0,0.0,1,1,55793.0,1,13693
17,11.92,70,2.91,9150.339366515836,6.63,0.0,0.0,1,1,55553.0,1,12405
18,10.65,50,4.12,10000.0,0.66,0.0,0.0,1,1,55722.0,1,16283
8,21.55,43,5.14,10000.0,8.45,0.0,0.0,1,1,55784.0,1,12342
12,15.26,82,2.57,10000.0,12.21,0.0,0.0,1,1,55788.0,1,6763
14,17.0,59,3.84,9150.339366515836,8.94,0.0,0.0,1,1,56030.0,1,6170
5,16.39,67,4.12,10000.0,10.25,0.23,0.0,1,1,56069.0,1,157
14,12.87,55,3.09,10000.0,4.06,0.0,0.0,1,1,55934.0,1,5707
13,12.13,91,1.02,9150.339366515836,10.71,0.0,0.0,1,1,55885.0,1,5054
14,15.7,77,0.51,10000.0,11.68,0.0,0.0,1,1,55838.0,1,8860
7,19.69,60,3.09,10000.0,11.72,0.0,0.0,1,1,55999.0,1,1824
1,13.85,72,1.03,10000.0,8.89,0.0,0.0,1,1,55753.0,1,1536
10,20.84,43,1.54,10000.0,7.81,0.0,0.0,1,1,56026.0,1,4601
12,17.47,59,5.14,10000.0,9.38,0.0,0.0,1,1,56004.0,1,7649
13,15.16,58,4.63,10000.0,6.96,0.0,0.0,1,1,55597.0,1,6184
8,19.56,24,6.69,10000.0,-1.36,0.0,0.0,1,1,55664.0,1,3303
12,16.7,66,1.41,9150.339366515836,10.32,0.0,0.0,1,1,56148.0,1,8640
0,11.67,38,2.06,10000.0,-1.91,0.0,0.0,1,1,55536.0,1,2172
8,22.8,43,4.12,10000.0,9.58,0.0,0.0,1,1,56120.0,1,12547
4,17.75,47,4.12,10000.0,6.3,0.21,0.0,1,1,55612.0,1,967
20,9.54,87,1.03,10000.0,7.49,0.0,0.0,1,1,55772.0,1,8717
3,14.5,77,3.09,7000.0,10.52,0.0,0.0,1,1,55875.0,1,369
17,13.13,76,2.06,10000.0,9.0,0.0,0.0,1,1,55961.0,1,13217
9,19.36,42,3.6,10000.0,6.14,0.0,0.0,1,1,55761.0,1,6065
19,9.63,87,1.54,10000.0,7.57,0.0,0.0,1,1,55771.0,1,10329
22,12.06,93,0.51,5000.0,10.96,0.0,0.0,1,1,56134.0,1,6867
23,15.53,55,5.66,10000.0,6.54,0.0,0.0,1,1,56039.0,1,3920
13,12.13,91,1.02,9150.339366515836,10.71,0.0,0.0,1,1,55885.0,1,5054
13,15.48,82,2.06,9000.0,12.42,0.0,0.0,1,1,56221.0,1,6573
8,19.02,42,4.63,10000.0,5.83,0.0,0.0,1,1,55904.0,1,12360
20,9.54,87,1.03,10000.0,7.49,0.0,0.0,1,1,55772.0,1,8717
11,14.5,38,2.57,10000.0,0.36,0.0,0.0,1,1,55715.0,1,5847
1,13.9,23,1.03,10000.0,-6.11,0.0,0.0,1,1,55657.0,1,2248
16,13.69,82,2.06,10000.0,10.68,0.34,0.0,1,1,55984.0,1,521
22,11.13,50,2.06,10000.0,1.11,0.0,0.0,1,1,55606.0,1,6390
16,7.44,73,1.46,9150.339366515836,2.92,0.0,0.0,1,1,55648.0,1,11856
1,17.68,63,2.06,9000.0,10.56,0.0,0.0,1,1,56209.0,1,2005
7,20.91,47,1.84,9150.339366515836,9.19,0.0,0.0,1,1,55543.0,1,9158
0,16.44,45,5.14,10000.0,4.49,0.0,0.0,1,1,56016.0,1,2349
9,19.89,52,3.6,10000.0,9.75,0.0,0.0,1,1,56049.0,1,7114
5,24.64,36,2.57,10000.0,8.59,0.0,0.0,1,1,56189.0,1,1644
19,15.53,55,3.6,10000.0,6.54,0.0,0.0,1,1,56011.0,1,7122
12,14.8,58,3.6,10000.0,6.63,0.0,0.0,1,1,55596.0,1,6380
5,18.37,20,5.14,10000.0,-4.41,0.0,0.0,1,1,55517.0,1,1331
6,26.84,34,5.14,10000.0,9.68,0.0,0.0,1,1,55806.0,1,1528
7,20.91,47,1.84,9150.339366515836,9.19,0.0,0.0,1,1,55543.0,1,9158
0,13.13,67,5.14,10000.0,7.15,0.0,0.0,1,0,55728.0,1,3595
16,13.69,82,2.06,10000.0,10.68,0.34,0.0,1,1,55984.0,1,521
15,13.62,78,1.73,9150.339366515836,9.86,0.0,0.0,1,1,55695.0,1,6955
10,17.06,63,3.09,10000.0,9.97,0.0,0.0,1,1,55786.0,1,5320
23,12.85,62,2.06,10000.0,5.76,0.0,0.0,1,1,55583.0,1,3713
21,8.92,78,0.59,9150.339366515836,5.3,0.0,0.0,1,1,55677.0,1,5986
23,17.86,72,4.12,10000.0,12.75,1.02,0.0,1,1,55847.0,1,3651
20,11.78,66,1.54,10000.0,5.64,0.0,0.0,1,1,55580.0,1,8547
11,13.35,66,2.57,10000.0,7.14,0.0,0.0,1,1,55907.0,1,5559
16,11.77,88,0.58,9150.339366515836,9.85,0.0,0.0,1,1,55912.0,1,8519
6,16.08,82,4.19,9150.339366515836,13.01,0.25,0.0,1,1,55974.0,1,1632
5,26.96,32,2.06,10000.0,8.88,0.0,0.0,1,1,56165.0,1,854
15,6.85,56,1.03,10000.0,-1.16,0.0,0.0,1,1,55527.0,1,6702
9,19.85,55,4.12,10000.0,10.56,0.0,0.0,1,1,55785.0,1,6828
3,16.29,88,5.14,7000.0,14.3,2.4,0.0,1,1,55851.0,1,693
22,10.79,100,1.03,8000.0,10.79,0.0,0.0,1,1,55918.0,1,6156
7,15.67,100,4.63,3200.0,15.67,0.63,0.0,1,1,55855.0,1,7766
17,12.82,70,2.26,9150.339366515836,7.49,0.0,0.0,1,1,55697.0,1,12335
23,12.29,88,1.54,7000.0,10.36,0.0,0.0,1,1,55799.0,1,4607
20,13.0,82,2.06,7000.0,10.0,0.0,0.0,1,1,55964.0,1,8246
2,16.26,48,2.06,10000.0,5.25,0.24,0.0,1,1,55562.0,1,1083
22,15.39,79,1.03,10000.0,11.77,0.0,0.0,1,1,56206.0,1,6723
7,16.51,72,2.57,7000.0,11.45,0.0,0.0,1,1,55879.0,1,2176
20,8.54,93,1.54,1500.0,7.47,0.0,0.0,1,1,55892.0,1,7552
15,9.18,87,1.54,10000.0,7.13,0.0,0.0,1,1,55623.0,1,8492
17,10.65,92,0.64,9150.339366515836,9.41,0.0,0.0,1,1,55913.0,1,12141
2,21.36,53,1.03,10000.0,11.4,0.0,0.0,1,1,56162.0,1,1832
7,22.85,40,3.6,10000.0,8.55,0.0,0.0,1,1,56047.0,1,10115
12,15.06,100,3.6,7000.0,15.06,1.56,0.0,1,1,56484.0,1,7427
10,18.15,100,5.66,9000.0,18.15,1.01,0.0,1,1,56842.0,1,5987
7,17.94,94,7.72,5000.0,16.96,1.54,0.0,1,1,56479.0,1,3128
4,23.7,43,4.63,10000.0,10.39,0.0,0.0,1,1,56956.0,1,946
10,18.42,48,1.54,10000.0,7.22,0.0,0.0,1,1,56530.0,1,4869
21,12.29,100,2.06,7000.0,12.29,0.0,0.0,1,1,56445.0,1,8009
11,17.85,48,1.03,10000.0,6.7,0.0,0.0,1,1,56291.0,1,6657
6,21.53,49,6.69,10000.0,10.38,0.0,0.0,1,1,56502.0,1,1043
21,14.07,94,3.6,10000.0,13.12,0.0,0.0,1,1,56349.0,1,211
9,22.62,64,3.6,10000.0,15.47,0.0,0.0,1,1,56649.0,1,6460
18,11.89,97,1.7,9150.339366515836,11.43,0.0,0.0,1,1,56490.0,1,114
11,19.31,77,1.03,10000.0,15.18,0.0,0.0,1,1,56819.0,1,7667
0,14.88,67,2.57,10000.0,8.82,0.0,0.0,1,1,56424.0,1,2629
10,20.33,53,3.09,10000.0,10.45,0.0,0.0,1,1,56626.0,1,5482
18,11.0,79,1.04,9150.339366515836,7.5,0.0,0.0,1,1,56418.0,1,17115
14,16.32,72,2.57,10000.0,11.27,0.0,0.0,1,1,56630.0,1,7054
15,17.1,94,2.06,3500.0,16.13,0.0,0.0,1,1,56727.0,1,6251
4,21.33,64,4.63,10000.0,14.25,0.0,0.0,1,1,56836.0,1,929
21,17.71,72,1.54,10000.0,12.6,0.0,0.0,1,1,56829.0,1,8351
7,14.95,75,2.57,10000.0,10.56,0.0,0.0,1,1,56383.0,1,3438
21,12.29,100,2.06,7000.0,12.29,0.0,0.0,1,1,56445.0,1,8009
7,19.87,49,5.66,10000.0,8.85,0.0,0.0,1,1,56407.0,1,9703
22,17.92,82,4.12,10000.0,14.81,0.0,0.0,1,1,56974.0,1,7053
17,16.14,100,2.57,7000.0,16.14,0.0,0.0,1,1,56849.0,1,349
0,21.65,56,3.6,10000.0,12.5,0.0,0.0,1,1,56832.0,1,4153
0,19.9,53,6.17,10000.0,10.05,0.0,0.0,1,1,56880.0,1,2888
16,11.07,93,3.09,9000.0,9.98,0.0,0.0,1,1,56608.0,1,9749
7,23.43,53,4.12,10000.0,13.31,0.0,0.0,1,1,56623.0,1,10111
2,23.88,53,1.03,10000.0,13.73,0.0,0.0,1,1,56666.0,1,1771
19,11.07,82,1.03,10000.0,8.12,0.0,0.0,1,1,56251.0,1,10577
14,18.28,77,1.03,10000.0,14.18,0.0,0.0,1,1,56678.0,1,8489
18,17.77,68,3.09,9000.0,11.79,0.0,0.0,1,1,56322.0,1,10051
9,19.64,82,4.63,10000.0,16.48,0.0,0.0,1,1,56697.0,1,6835
4,14.29,94,4.63,7000.0,13.34,0.11,0.0,1,0,56356.0,1,149
10,20.58,40,1.03,10000.0,6.52,0.0,0.0,1,1,56290.0,1,5775
2,19.8,68,2.57,6000.0,13.73,0.0,0.0,1,1,56738.0,1,1247
23,15.12,59,2.57,10000.0,7.18,0.0,0.0,1,1,56255.0,1,4035
10,21.17,83,3.6,9000.0,18.17,0.0,0.0,1,1,56794.0,1,5585
18,18.29,76,3.08,9150.339366515836,13.99,0.0,0.0,1,1,56802.0,1,16254
16,17.61,82,1.03,10000.0,14.5,0.0,0.0,1,1,56944.0,1,9672
11,16.6,51,2.06,10000.0,6.43,0.0,0.0,1,1,56267.0,1,6277
0,19.5,60,2.06,10000.0,11.54,0.0,0.0,1,1,56808.0,1,4084
13,15.4,56,1.95,9150.339366515836,6.68,0.0,0.0,1,1,56269.0,1,6435
8,20.8,73,3.6,10000.0,15.79,0.0,0.0,1,1,56696.0,1,12657
21,15.18,100,1.54,4500.0,15.18,0.0,0.0,1,1,56757.0,1,8722
5,23.87,31,5.14,10000.0,5.74,0.0,0.0,1,1,56549.0,1,1906
20,14.03,94,4.12,10000.0,13.08,0.27,0.0,1,1,56348.0,1,120
17,11.45,82,1.54,10000.0,8.49,0.0,0.0,1,1,56537.0,1,13418
3,14.77,72,4.63,10000.0,9.78,0.0,0.0,1,1,56379.0,1,353
1,17.57,86,1.28,9150.339366515836,15.2,0.0,0.0,1,1,56737.0,1,2014
10,15.79,94,4.63,9000.0,14.83,1.41,0.0,1,1,56482.0,1,6619
5,18.94,37,5.66,10000.0,3.94,0.0,0.0,1,1,56597.0,1,1335
11,17.42,88,4.63,10000.0,15.41,0.0,0.0,1,1,56771.0,1,5862
16,11.23,82,3.09,10000.0,8.27,0.0,0.0,1,1,56392.0,1,4705
15,13.96,77,0.51,10000.0,10.0,0.0,0.0,1,1,56295.0,1,7939
8,25.0,33,4.12,10000.0,7.63,0.0,0.0,1,1,56312.0,1,4853
7,26.29,33,4.12,10000.0,8.75,0.0,0.0,1,1,56311.0,1,3130
9,23.98,43,4.12,10000.0,10.65,0.0,0.0,1,1,56913.0,1,7624
15,15.01,94,4.63,7000.0,14.05,0.3,0.0,1,1,56343.0,1,140
0,18.9,79,1.7,9150.339366515836,15.18,0.0,0.0,1,1,56688.0,1,2534
10,15.44,51,3.6,10000.0,5.36,0.0,0.0,1,1,56602.0,1,5028
18,15.03,100,0.51,10000.0,15.03,0.0,0.0,1,1,56658.0,1,11337
16,15.4,72,1.03,10000.0,10.38,0.0,0.0,1,1,56920.0,1,9265
3,21.67,71,2.58,9150.339366515836,16.19,0.0,0.0,1,1,56739.0,1,944
10,20.91,53,0.51,10000.0,10.98,0.0,0.0,1,1,56938.0,1,5266
20,11.34,100,2.06,3200.0,11.34,0.0,0.0,1,1,56492.0,1,100
11,16.6,51,2.06,10000.0,6.43,0.0,0.0,1,1,56267.0,1,6277
12,8.53,93,6.69,10000.0,7.46,2.57,0.0,1,0,56580.0,1,5758
11,14.03,88,3.09,9000.0,12.08,0.0,0.0,1,0,56363.0,1,589
23,18.02,68,3.09,10000.0,12.03,0.0,0.0,1,1,56879.0,1,4196
11,16.79,45,1.03,10000.0,4.8,0.0,0.0,1,1,56555.0,1,6225
10,20.33,53,3.09,10000.0,10.45,0.0,0.0,1,1,56626.0,1,5482
21,16.54,88,0.51,10000.0,14.55,0.0,0.0,1,1,56685.0,1,7391
15,17.84,77,2.06,10000.0,13.76,0.0,0.0,1,1,56943.0,1,6809
10,21.28,60,4.12,10000.0,13.21,0.0,0.0,1,1,56674.0,1,5950
22,17.38,82,0.0,10000.0,14.28,0.0,0.0,1,1,56686.0,1,5610
10,13.91,88,2.57,10000.0,11.96,0.0,0.0,1,0,56362.0,1,536
5,24.28,43,4.63,10000.0,10.92,0.0,0.0,1,1,56525.0,1,1813
0,18.43,73,1.54,8000.0,13.51,0.0,0.0,1,1,56760.0,1,3241
4,22.08,35,5.66,10000.0,5.92,0.0,0.0,1,1,56452.0,1,859
1,21.64,43,3.09,10000.0,8.54,0.0,0.0,2,1,57001.0,1,2720
22,17.43,70,1.03,10000.0,11.91,0.0,0.0,2,1,56998.0,1,6894
13,20.07,56,1.03,10000.0,11.03,0.0,0.0,2,0,57109.0,1,7419
21,18.09,91,1.03,6000.0,16.6,0.14,0.0,2,1,57141.0,1,6525
16,18.43,82,1.03,10000.0,15.3,0.0,0.0,2,1,57088.0,1,9182
16,19.24,77,0.0,10000.0,15.11,0.0,0.0,2,1,57352.0,1,8209
17,19.4,94,3.09,10000.0,18.41,0.0,0.0,2,1,57569.0,1,13248
18,19.9,91,1.95,9150.339366515836,18.39,0.0,0.0,2,1,57330.0,1,9311
13,23.42,78,1.54,8000.0,19.37,0.15,0.0,2,1,57517.0,1,6538
3,28.09,42,1.54,9000.0,13.98,0.0,0.0,2,0,57099.0,1,1521
4,27.79,61,5.66,10000.0,19.58,0.0,0.0,2,1,57532.0,1,717
10,24.19,50,2.57,10000.0,13.12,0.0,0.0,2,0,57106.0,1,5912
22,17.74,94,2.57,7000.0,16.76,1.18,0.0,2,1,57142.0,1,5841
8,26.96,61,5.14,10000.0,18.8,0.0,0.0,2,1,57320.0,1,4331
18,18.2,100,0.0,6000.0,18.2,0.0,0.0,2,1,57186.0,1,10221
19,19.17,100,0.51,8000.0,19.17,0.0,0.0,2,1,57403.0,1,12334
9,26.11,65,3.6,10000.0,19.02,0.0,0.0,2,1,57297.0,1,6827
10,23.86,60,3.6,10000.0,15.63,0.0,0.0,2,1,57250.0,1,4972
23,24.27,61,1.03,10000.0,16.28,0.0,0.0,2,1,57623.0,1,5069
11,24.87,97,5.66,4500.0,24.36,4.32,0.0,2,1,57659.0,1,6401
9,24.83,64,5.14,10000.0,17.56,0.0,0.0,2,1,57177.0,1,4902
5,30.16,42,5.14,10000.0,15.84,0.0,0.0,2,1,57245.0,1,2118
10,20.8,43,4.63,10000.0,7.78,0.0,0.0,2,1,57010.0,1,5871
16,23.02,68,1.54,10000.0,16.8,0.0,0.0,2,1,57448.0,1,7913
4,30.93,45,3.09,10000.0,17.62,0.0,0.0,2,1,57388.0,1,984
6,31.33,45,4.12,10000.0,17.98,0.0,0.0,2,1,57390.0,1,4986
4,28.95,45,2.06,10000.0,15.83,0.0,0.0,2,1,57580.0,1,986
19,23.04,100,1.03,5000.0,23.04,0.0,0.0,2,1,57499.0,1,4059
20,18.49,100,1.03,10000.0,18.49,0.0,0.0,2,1,57620.0,1,10401
23,22.6,69,1.03,10000.0,16.63,0.0,0.0,2,1,57263.0,1,4659
4,33.41,33,1.03,10000.0,14.95,0.0,0.0,2,1,57436.0,1,977
9,25.94,65,4.63,10000.0,18.86,0.0,0.0,2,1,57201.0,1,6904
11,23.3,94,3.09,10000.0,22.28,0.0,0.0,2,1,57683.0,1,3126
19,17.16,81,2.02,9150.339366515836,13.88,0.0,0.0,2,1,57067.0,1,12870
21,18.09,91,1.03,6000.0,16.6,0.14,0.0,2,1,57141.0,1,6525
13,19.83,59,2.61,9150.339366515836,11.59,0.0,0.0,2,1,56989.0,1,8916
3,27.58,61,4.63,10000.0,19.39,0.0,0.0,2,1,57531.0,1,647
12,22.77,53,1.54,10000.0,12.7,0.0,0.0,2,1,57348.0,1,6395
3,29.77,40,1.54,10000.0,14.73,0.0,0.0,2,1,57603.0,1,1131
21,14.77,77,2.06,10000.0,10.78,0.0,0.0,2,1,57045.0,1,9453
8,27.98,57,5.14,10000.0,18.67,0.0,0.0,2,1,57200.0,1,13231
12,22.77,53,1.54,10000.0,12.7,0.0,0.0,2,1,57348.0,1,6395
18,18.85,94,0.51,10000.0,17.86,0.0,0.0,2,1,57258.0,1,17003
1,24.64,56,3.68,9150.339366515836,15.29,0.0,0.0,2,1,57553.0,1,2254
2,26.64,74,4.12,10000.0,21.62,0.0,0.0,2,1,57530.0,1,813
8,28.61,54,5.66,10000.0,18.39,0.0,0.0,2,0,57104.0,1,4113
10,24.14,78,5.14,10000.0,20.06,0.0,0.0,2,1,57202.0,1,4850
0,21.11,56,1.03,10000.0,12.0,0.0,0.0,2,1,57120.0,1,3439
10,26.46,61,3.6,10000.0,18.33,0.0,0.0,2,1,57274.0,1,4819
21,21.85,100,0.51,8000.0,21.85,0.0,0.0,2,1,57693.0,1,6858
4,31.05,35,3.09,10000.0,13.8,0.0,0.0,2,1,57268.0,1,1004
4,29.69,48,3.6,10000.0,17.51,0.0,0.0,2,1,57244.0,1,900
17,24.46,94,5.66,8000.0,23.43,0.55,0.0,2,1,57665.0,1,8172
20,18.9,93,1.13,9150.339366515836,17.74,0.0,0.0,2,1,57332.0,1,8667
21,18.09,91,1.03,6000.0,16.6,0.14,0.0,2,1,57141.0,1,6525
4,26.63,44,2.57,10000.0,13.38,0.0,0.0,2,1,57124.0,1,849
13,19.83,59,2.61,9150.339366515836,11.59,0.0,0.0,2,1,56989.0,1,8916
1,22.63,53,2.06,10000.0,12.57,0.0,0.0,2,1,57121.0,1,2073
4,28.43,42,2.06,10000.0,14.29,0.0,0.0,2,1,57076.0,1,879
19,18.26,100,1.54,8000.0,18.26,0.0,0.0,2,1,57235.0,1,12361
4,31.05,35,3.09,10000.0,13.8,0.0,0.0,2,1,57268.0,1,1004
8,30.81,37,6.17,10000.0,14.45,0.0,0.0,2,1,57440.0,1,12953
3,32.11,40,1.03,10000.0,16.81,0.0,0.0,2,1,57411.0,1,1046
5,30.16,42,5.14,10000.0,15.84,0.0,0.0,2,1,57245.0,1,2118
23,24.96,61,1.54,10000.0,16.92,0.0,0.0,2,1,57431.0,1,4677
23,20.94,46,2.57,10000.0,8.9,0.0,0.0,2,1,57047.0,1,4311
10,24.94,36,4.63,10000.0,8.85,0.0,0.0,2,1,57034.0,1,4904
22,17.43,70,1.03,10000.0,11.91,0.0,0.0,2,1,56998.0,1,6894
12,22.77,83,2.57,10000.0,19.73,0.0,0.0,2,1,57324.0,1,4332
18,21.89,100,2.57,10000.0,21.89,1.03,0.0,2,1,57522.0,1,9108
18,21.89,100,2.57,10000.0,21.89,1.03,0.0,2,1,57522.0,1,9108
9,26.02,69,4.12,10000.0,19.89,0.27,0.0,2,1,57321.0,1,5475
19,14.63,82,2.06,10000.0,11.59,0.0,0.0,2,1,56995.0,1,10088
6,31.2,48,4.63,10000.0,18.89,0.0,0.0,2,1,57462.0,1,4686
7,28.82,37,5.14,10000.0,12.69,0.0,0.0,2,1,57367.0,1,10704
7,23.59,88,3.6,10000.0,21.49,4.54,0.0,2,1,57487.0,1,2852
22,18.95,73,0.51,10000.0,14.01,0.0,0.0,2,0,57118.0,1,6239
11,21.27,49,2.57,10000.0,10.14,0.0,0.0,2,1,57059.0,1,5849
3,29.77,40,1.54,10000.0,14.73,0.0,0.0,2,1,57603.0,1,1131
16,17.13,63,3.6,10000.0,10.04,0.0,0.0,2,1,56992.0,1,10469
20,27.09,89,2.57,10000.0,25.12,0.0,0.0,2,1,58316.0,1,6046
1,26.73,83,2.57,6000.0,23.6,0.0,0.0,2,1,58129.0,1,1316
10,26.65,89,7.72,10000.0,24.69,0.0,0.0,2,1,57826.0,1,4993
3,31.25,74,2.06,10000.0,26.06,0.0,0.0,2,1,58275.0,1,921
2,26.44,92,5.14,10000.0,25.03,0.21,0.0,2,1,58226.0,1,682
10,26.49,89,2.06,10000.0,24.53,0.0,0.0,2,1,58234.0,1,1945
13,24.77,88,5.14,10000.0,22.65,0.0,0.0,2,1,57829.0,1,6462
22,27.08,94,2.06,10000.0,26.03,0.0,0.0,2,1,58270.0,1,6533
3,29.73,70,2.06,10000.0,23.67,0.0,0.0,2,1,57915.0,1,447
20,23.5,95,0.88,9150.339366515836,22.65,0.0,0.0,2,1,57980.0,1,9156
4,28.97,66,6.17,10000.0,21.98,0.0,0.0,2,1,58060.0,1,847
10,28.38,89,3.6,10000.0,26.39,0.0,0.0,2,1,58402.0,1,4420
22,24.25,88,2.06,10000.0,22.14,0.27,0.0,2,1,57910.0,1,2791
6,30.26,70,3.6,10000.0,24.18,0.0,0.0,2,1,58398.0,1,3762
14,23.53,88,1.03,10000.0,21.43,0.0,0.0,2,1,57710.0,1,5330
3,29.21,74,3.6,10000.0,24.1,0.0,0.0,2,1,58395.0,1,882
15,23.17,100,1.03,10000.0,23.17,0.0,0.0,2,1,57879.0,1,1263
16,27.59,89,5.66,10000.0,25.61,0.0,0.0,2,1,58360.0,1,5942
5,31.7,62,4.63,10000.0,23.52,0.0,0.0,2,1,58421.0,1,1866
21,22.48,100,3.09,7000.0,22.48,0.13,0.0,2,1,57789.0,1,6681
12,26.36,83,1.03,7000.0,23.24,0.0,0.0,2,1,57996.0,1,6527
0,25.57,92,3.6,10000.0,24.17,0.0,0.0,2,1,58152.0,1,3773
3,26.21,89,5.66,10000.0,24.25,0.53,0.0,2,1,58083.0,1,220
1,25.38,73,3.6,6000.0,20.19,0.0,0.0,2,1,57769.0,1,2198
3,29.6,66,3.6,10000.0,22.57,0.19,0.0,2,1,58059.0,1,953
13,23.29,91,1.51,9150.339366515836,21.74,0.0,0.0,2,1,57949.0,1,5256
0,25.57,92,3.6,10000.0,24.17,0.0,0.0,2,1,58152.0,1,3773
2,26.14,83,4.63,10000.0,23.02,0.28,0.0,2,1,58154.0,1,1930
17,27.36,89,1.54,10000.0,25.38,0.0,0.0,2,1,58433.0,1,9662
5,26.96,100,5.14,10000.0,26.96,0.16,0.0,2,1,58085.0,1,958
16,23.58,100,0.51,10000.0,23.58,0.0,0.0,2,1,57712.0,1,7947
12,27.35,94,2.06,10000.0,26.3,0.15,0.0,2,1,58260.0,1,4855
12,24.2,94,5.66,10000.0,23.17,1.37,0.0,2,1,57732.0,1,101
5,25.83,71,4.63,10000.0,20.17,0.0,0.0,2,1,57797.0,1,946
11,25.91,100,2.06,10000.0,25.91,0.16,0.0,2,1,58091.0,1,2329
3,31.01,66,6.17,10000.0,23.91,0.14,0.0,2,1,58347.0,1,1005
12,23.39,94,2.06,10000.0,22.37,0.0,0.0,2,1,57948.0,1,5630
4,26.85,83,4.12,7000.0,23.72,0.0,0.0,2,1,57940.0,1,893
10,23.91,78,3.6,10000.0,19.84,0.0,0.0,2,1,57802.0,1,5135
0,24.17,94,4.63,10000.0,23.14,0.0,0.0,2,1,57792.0,1,465
3,26.28,83,3.6,10000.0,23.16,0.38,0.0,2,1,58155.0,1,1318
4,25.82,83,4.12,10000.0,22.71,1.02,0.0,2,1,57892.0,1,739
3,26.52,78,1.54,7000.0,22.37,0.0,0.0,2,1,57963.0,1,1086
9,28.11,65,4.12,10000.0,20.91,0.0,0.0,2,1,57705.0,1,6948
18,22.54,100,1.03,10000.0,22.54,0.0,0.0,2,1,57714.0,1,17069
17,25.83,94,1.03,10000.0,24.79,0.21,0.0,2,1,58049.0,1,11537
15,23.73,94,3.09,3500.0,22.71,0.0,0.0,2,1,57759.0,1,6531
21,26.16,100,3.09,10000.0,26.16,0.0,0.0,2,1,58293.0,1,1759
17,27.27,94,3.09,10000.0,26.22,0.75,0.0,2,1,58313.0,1,5784
13,27.91,89,2.06,10000.0,25.93,0.0,0.0,2,1,58429.0,1,4717
14,26.78,94,1.54,10000.0,25.73,0.0,0.0,2,1,58406.0,1,4625
12,27.85,89,5.14,10000.0,25.87,0.0,0.0,2,1,58356.0,1,4882
21,25.01,94,0.51,10000.0,23.98,0.0,0.0,2,1,58053.0,1,8510
7,25.64,78,5.14,10000.0,21.52,0.0,0.0,2,1,57751.0,1,7834
1,27.09,95,2.06,10000.0,26.22,0.13,0.0,2,1,58249.0,1,1007
1,29.45,84,2.57,10000.0,26.46,0.0,0.0,2,1,58273.0,1,1979
14,25.0,83,1.03,8000.0,21.91,0.0,0.0,2,1,57998.0,1,5988
6,29.3,63,1.03,9000.0,21.53,0.0,0.0,2,1,57966.0,1,4430
2,30.35,70,4.63,10000.0,24.26,0.0,0.0,2,1,58322.0,1,1618
12,26.01,89,6.17,10000.0,24.05,0.15,0.0,2,1,58092.0,1,3025
6,22.56,100,4.12,4000.0,22.56,2.76,0.0,2,1,57726.0,1,3812
15,25.72,74,3.6,10000.0,20.74,0.0,0.0,2,1,58023.0,1,6098
4,26.85,83,4.12,7000.0,23.72,0.0,0.0,2,1,57940.0,1,893
10,25.08,100,1.03,10000.0,25.08,0.0,0.0,2,1,58114.0,1,132
2,25.39,78,2.06,10000.0,21.28,0.0,0.0,2,1,57890.0,1,1095
21,25.3,100,4.12,10000.0,25.3,0.0,0.0,2,1,58245.0,1,6925
5,30.03,74,4.12,10000.0,24.88,0.0,0.0,2,1,58397.0,1,1863
8,27.13,74,4.12,8000.0,22.09,0.0,0.0,2,1,57944.0,1,12897
21,26.66,89,2.57,10000.0,24.7,0.0,0.0,2,1,58413.0,1,8038
16,23.87,100,2.06,9000.0,23.87,5.85,0.0,2,1,57856.0,1,8176
9,24.63,83,4.12,10000.0,21.55,0.31,0.0,2,1,57753.0,1,6869
15,25.72,74,3.6,10000.0,20.74,0.0,0.0,2,1,58023.0,1,6098
2,27.37,89,3.09,8000.0,25.39,0.43,0.0,2,1,58202.0,1,942
18,24.01,88,5.14,10000.0,21.9,0.32,0.0,2,1,57738.0,1,3815
19,23.58,97,1.03,6000.0,23.08,0.0,0.0,2,1,57931.0,1,10642
5,22.71,100,2.06,10000.0,22.71,4.88,0.0,2,1,57725.0,1,2121
2,30.61,70,3.09,10000.0,24.51,0.0,0.0,2,1,58418.0,1,1352
19,22.38,100,1.54,4000.0,22.38,0.0,0.0,2,1,57955.0,1,11512
18,23.67,94,3.09,3500.0,22.65,0.0,0.0,2,1,57762.0,1,15709
19,26.46,100,5.14,10000.0,26.46,0.17,0.0,2,1,58387.0,1,9345
0,29.79,70,3.09,10000.0,23.73,0.0,0.0,2,1,58824.0,1,3085
3,29.01,54,1.54,10000.0,18.76,0.0,0.0,2,1,59163.0,1,1394
23,25.62,91,2.57,10000.0,24.04,0.0,0.0,2,1,59063.0,1,3828
15,26.47,83,4.12,10000.0,23.35,0.0,0.0,2,1,59055.0,1,5587
1,26.47,69,2.57,10000.0,20.32,0.0,0.0,2,1,59161.0,1,2881
7,32.83,51,3.6,10000.0,21.36,0.0,0.0,2,1,59119.0,1,9872
16,27.18,100,2.06,10000.0,27.18,0.0,0.0,2,1,58840.0,1,5837
1,28.42,74,3.09,10000.0,23.34,0.22,0.0,2,1,58969.0,1,1991
1,28.43,61,3.09,10000.0,20.18,0.0,0.0,2,1,59137.0,1,2214
2,30.28,58,3.09,10000.0,21.1,0.0,0.0,2,1,59138.0,1,1447
6,33.68,66,3.6,10000.0,26.44,0.0,0.0,2,1,58494.0,1,1869
20,26.07,100,1.03,10000.0,26.07,0.0,0.0,2,1,58868.0,1,4958
16,28.19,94,0.51,10000.0,27.13,0.0,0.0,2,1,58528.0,1,4586
1,30.85,76,0.76,9150.339366515836,26.12,0.0,0.0,2,1,58729.0,1,1884
18,27.86,94,1.03,10000.0,26.8,0.0,0.0,2,1,58530.0,1,5958
20,25.59,100,1.03,10000.0,25.59,0.0,0.0,2,1,58652.0,1,7521
5,32.91,67,1.36,9150.339366515836,25.96,0.0,0.0,2,1,58637.0,1,1867
23,28.85,79,5.14,10000.0,24.84,0.0,0.0,2,1,58943.0,1,3201
22,26.68,94,1.03,10000.0,25.63,0.6,0.0,2,1,58558.0,1,5142
21,26.6,100,0.51,8000.0,26.6,0.0,0.0,2,1,58821.0,1,7604
18,26.39,94,3.6,10000.0,25.35,0.18,0.0,2,1,58962.0,1,11012
10,29.32,84,1.63,9150.339366515836,26.33,0.17,0.0,2,1,58762.0,1,4061
15,26.79,100,2.57,10000.0,26.79,0.0,0.0,2,1,58575.0,1,4426
0,28.56,84,1.03,10000.0,25.59,0.0,0.0,2,1,58632.0,1,2872
16,25.57,100,2.06,7000.0,25.57,0.0,0.0,2,1,58984.0,1,7313
3,31.51,55,2.06,10000.0,21.37,0.2,0.0,2,1,58803.0,1,843
15,27.6,94,1.54,10000.0,26.55,0.0,0.0,2,1,58671.0,1,5429
3,30.6,48,3.6,10000.0,18.34,0.0,0.0,2,1,59091.0,1,953
4,34.28,52,4.12,10000.0,23.01,0.0,0.0,2,1,58900.0,1,871
2,30.2,79,5.14,10000.0,26.15,0.0,0.0,2,1,58466.0,1,1295
4,32.02,49,2.06,10000.0,19.97,0.0,0.0,2,1,58636.0,1,821
2,33.1,62,1.54,10000.0,24.84,0.0,0.0,2,1,58754.0,1,1195
21,26.06,97,3.09,10000.0,25.55,0.0,0.0,2,1,58869.0,1,4692
5,32.91,67,1.36,9150.339366515836,25.96,0.0,0.0,2,1,58637.0,1,1867
11,28.29,69,3.6,10000.0,22.06,0.0,0.0,2,1,59123.0,1,4784
15,26.5,100,0.51,8000.0,26.5,0.0,0.0,2,1,59031.0,1,5372
5,30.86,74,4.12,10000.0,25.68,1.69,0.0,2,1,58469.0,1,1842
20,26.29,100,1.54,10000.0,26.29,0.0,0.0,2,1,58508.0,1,6112
12,28.38,89,0.51,10000.0,26.39,0.0,0.0,2,0,58788.0,1,4476
19,26.13,89,2.06,10000.0,24.17,0.0,0.0,2,1,58555.0,1,9357
8,32.87,62,2.57,10000.0,24.62,0.0,0.0,2,1,58808.0,1,9130
11,28.79,84,1.54,10000.0,25.81,0.0,0.0,2,1,58883.0,1,4149
4,32.28,62,3.09,10000.0,24.07,0.0,0.0,2,1,58660.0,1,890
5,33.71,55,2.06,10000.0,23.41,0.0,0.0,2,1,58829.0,1,1254
11,27.9,87,4.63,10000.0,25.53,1.25,0.0,2,1,58547.0,1,4062
19,27.39,100,1.03,4500.0,27.39,0.0,0.0,2,1,58483.0,1,9322
16,26.85,100,0.51,10000.0,26.85,0.0,0.0,2,0,58792.0,1,5346
13,28.16,90,0.94,9150.339366515836,26.36,0.0,0.0,2,1,58813.0,1,4261
21,26.06,97,3.09,10000.0,25.55,0.0,0.0,2,1,58869.0,1,4692
4,28.83,79,2.06,8000.0,24.82,0.42,0.0,2,1,59044.0,1,797
18,26.77,100,1.54,10000.0,26.77,0.0,0.0,2,1,58842.0,1,5891
18,26.16,94,3.09,10000.0,25.12,0.0,0.0,2,1,58554.0,1,12401
6,30.5,66,1.03,8000.0,23.43,0.0,0.0,2,1,58998.0,1,2061
8,30.99,89,4.12,10000.0,28.96,0.0,0.0,2,1,58472.0,1,10502
15,26.5,100,0.51,8000.0,26.5,0.0,0.0,2,1,59031.0,1,5372
19,27.07,100,1.54,10000.0,27.07,0.0,0.0,2,1,58747.0,1,8479
19,27.39,100,1.03,4500.0,27.39,0.0,0.0,2,1,58483.0,1,9322
1,29.28,82,4.12,10000.0,25.89,0.0,0.0,2,1,58465.0,1,2040
6,30.96,70,4.12,10000.0,24.84,0.1,0.0,2,1,58974.0,1,3825
2,32.96,66,2.06,10000.0,25.76,0.0,0.0,2,1,58514.0,1,1509
5,34.35,66,4.12,10000.0,27.07,0.0,0.0,2,1,58757.0,1,2062
15,27.06,94,1.54,10000.0,26.01,0.0,0.0,2,1,58599.0,1,4443
11,28.37,84,4.12,10000.0,25.4,0.45,0.0,2,1,58931.0,1,1336
4,32.5,55,3.6,10000.0,22.29,0.0,0.0,2,1,58684.0,1,778
12,25.01,89,2.06,10000.0,23.07,0.0,0.0,2,1,59172.0,1,6043
13,26.75,65,3.6,10000.0,19.62,0.0,0.0,2,1,59125.0,1,4531
20,26.93,100,1.03,8000.0,26.93,0.0,0.0,2,1,58700.0,1,6615
3,32.2,64,2.06,10000.0,24.52,0.0,0.0,2,1,58539.0,1,588
21,26.6,100,0.51,8000.0,26.6,0.0,0.0,2,1,58821.0,1,7604
4,31.21,51,3.6,10000.0,19.87,0.0,0.0,2,1,59092.0,1,920
17,24.29,69,2.57,10000.0,18.24,0.0,0.0,2,1,59105.0,1,11267
11,27.79,94,2.57,10000.0,26.73,0.0,0.0,2,1,59051.0,1,4652
18,27.48,100,1.54,6000.0,27.48,0.0,0.0,2,1,58482.0,1,12485
13,27.45,89,0.75,9150.339366515836,25.47,0.0,0.0,2,1,58765.0,1,4145
13,26.75,65,3.6,10000.0,19.62,0.0,0.0,2,1,59125.0,1,4531
12,27.94,94,2.57,10000.0,26.88,0.0,0.0,2,1,58596.0,1,4388
18,25.83,94,1.17,9150.339366515836,24.79,0.0,0.0,2,1,58986.0,1,13640
23,28.63,84,2.57,10000.0,25.66,0.0,0.0,2,1,58847.0,1,3865
14,24.03,100,1.03,10000.0,24.03,0.0,0.0,2,1,59174.0,1,5721
4,31.21,51,3.6,10000.0,19.87,0.0,0.0,2,1,59092.0,1,920
3,26.29,50,4.12,10000.0,15.05,0.0,0.0,0,1,59859.0,1,1348
17,19.22,100,2.06,10000.0,19.22,0.0,0.0,0,1,59801.0,1,13018
19,22.29,73,3.09,10000.0,17.22,0.0,0.0,0,1,59251.0,1,11936
4,29.36,74,4.39,9150.339366515836,24.24,0.0,0.0,0,1,59524.0,1,813
16,26.62,95,2.57,4000.0,25.75,0.0,0.0,0,1,59440.0,1,6760
14,25.03,100,2.57,10000.0,25.03,0.15,0.0,0,1,59462.0,1,654
23,23.28,100,1.03,5000.0,23.28,0.0,0.0,0,1,59351.0,1,5018
1,25.96,100,1.54,7000.0,25.96,2.34,0.0,0,1,59449.0,1,954
18,25.66,89,2.06,10000.0,23.71,0.0,0.0,0,0,59610.0,1,8209
7,27.12,49,4.63,10000.0,15.49,0.0,0.0,0,1,59887.0,1,10388
16,23.98,69,4.63,10000.0,17.95,0.0,0.0,0,1,59224.0,1,8099
1,28.31,89,1.03,10000.0,26.32,0.0,0.0,0,0,59569.0,1,1657
5,26.57,91,1.54,9150.339366515836,24.98,0.24,0.0,0,1,59453.0,1,743
8,25.18,38,1.54,10000.0,9.87,0.0,0.0,0,1,59744.0,1,14305
21,17.91,82,4.12,10000.0,14.8,0.18,0.0,0,1,59685.0,1,7807
20,22.7,88,2.57,10000.0,20.61,0.0,0.0,0,1,59324.0,1,8791
6,27.54,51,4.63,10000.0,16.5,0.0,0.0,0,1,59838.0,1,2053
14,24.14,73,1.54,10000.0,19.0,0.0,0.0,0,1,59222.0,1,5021
2,30.48,66,2.06,10000.0,23.41,0.0,0.0,0,1,59378.0,1,940
6,27.27,54,3.6,10000.0,17.15,0.16,0.0,0,1,59814.0,1,4367
5,31.21,71,0.93,9150.339366515836,25.32,0.0,0.0,0,1,59621.0,1,1681
11,25.66,73,2.57,10000.0,20.46,0.0,0.0,0,1,59243.0,1,5244
6,24.41,78,3.09,10000.0,20.33,0.25,0.0,0,1,59214.0,1,2072
6,26.59,100,4.12,5000.0,26.59,0.16,0.0,0,1,59454.0,1,871
12,25.92,78,2.06,10000.0,21.79,0.0,0.0,0,1,59412.0,1,4969
8,28.86,65,4.12,10000.0,21.62,0.0,0.0,0,1,59336.0,1,5149
10,25.16,78,2.06,10000.0,21.05,0.0,0.0,0,1,59338.0,1,5892
21,25.41,100,1.03,7000.0,25.41,0.0,0.0,0,0,59589.0,1,5746
11,20.78,83,0.51,10000.0,17.79,0.0,0.0,0,1,59891.0,1,5737
5,30.92,48,2.57,10000.0,18.63,0.0,0.0,0,1,59261.0,1,2138
12,27.35,92,1.03,7000.0,25.93,0.16,0.0,0,1,59436.0,1,4821
9,28.95,54,4.63,10000.0,18.71,0.0,0.0,0,1,59241.0,1,6961
4,20.54,87,3.72,9150.339366515836,18.3,0.29,0.0,0,1,59668.0,1,176
6,28.3,48,3.09,10000.0,16.25,0.0,0.0,0,1,59862.0,1,1701
20,21.56,78,2.57,10000.0,17.56,0.0,0.0,0,1,59252.0,1,10403
11,25.92,97,2.57,10000.0,25.41,1.06,0.0,0,1,59483.0,1,2986
19,22.54,100,0.51,4000.0,22.54,0.0,0.0,0,1,59347.0,1,9330
17,16.35,72,2.06,10000.0,11.3,0.0,0.0,0,1,59729.0,1,13782
13,26.29,100,1.03,10000.0,26.29,0.0,0.0,0,1,59509.0,1,6131
23,24.27,50,3.6,10000.0,13.19,0.0,0.0,0,1,59231.0,1,4293
2,22.63,49,5.14,10000.0,11.38,0.0,0.0,0,1,59714.0,1,958
10,23.91,65,0.51,10000.0,16.93,0.0,0.0,0,1,59866.0,1,6034
20,20.62,100,1.03,10000.0,20.62,0.0,0.0,0,1,59780.0,1,10312
1,26.45,83,2.57,10000.0,23.33,3.19,0.0,0,1,59641.0,1,1917
10,25.16,78,2.06,10000.0,21.05,0.0,0.0,0,1,59338.0,1,5892
21,23.18,100,0.51,5000.0,23.18,0.0,0.0,0,1,59373.0,1,7391
13,21.21,83,2.57,10000.0,18.21,0.0,0.0,0,1,59821.0,1,6056
21,24.06,100,0.51,9000.0,24.06,0.0,0.0,0,1,59397.0,1,8971
13,25.43,100,3.09,10000.0,25.43,0.0,0.0,0,1,59293.0,1,1624
5,30.92,48,2.57,10000.0,18.63,0.0,0.0,0,1,59261.0,1,2138
7,30.27,58,2.57,10000.0,21.09,0.0,0.0,0,0,59551.0,1,869
6,21.05,83,3.78,9150.339366515836,18.05,0.0,0.0,0,1,59670.0,1,152
3,27.52,89,3.6,10000.0,25.54,0.72,0.0,0,1,59475.0,1,669
8,26.02,73,4.12,10000.0,20.8,0.0,0.0,0,1,59312.0,1,11884
9,30.1,66,3.6,10000.0,23.05,0.0,0.0,0,1,59385.0,1,6635
17,23.21,78,3.09,10000.0,19.16,0.17,0.0,0,1,59321.0,1,11941
2,23.96,69,3.09,10000.0,17.93,0.0,0.0,0,1,59762.0,1,1305
3,28.55,51,4.63,10000.0,17.43,0.0,0.0,0,1,59187.0,1,1215
11,27.55,94,1.54,10000.0,26.5,0.0,0.0,0,1,59627.0,1,4991
3,31.37,70,1.03,10000.0,25.24,0.13,0.0,0,0,59595.0,1,844
13,18.04,88,1.54,10000.0,16.02,0.0,0.0,0,1,59749.0,1,5738
8,27.41,65,3.6,10000.0,20.25,0.0,0.0,0,1,59192.0,1,3426
16,25.01,100,1.03,10000.0,25.01,0.0,0.0,0,0,59560.0,1,5411
4,29.63,58,2.06,10000.0,20.49,0.0,0.0,0,1,59356.0,1,924
12,27.03,100,1.54,10000.0,27.03,0.0,0.0,0,0,59580.0,1,2885
2,23.36,81,2.06,10000.0,19.92,0.66,0.0,0,1,59210.0,1,963
22,18.69,77,1.03,10000.0,14.58,0.0,0.0,0,1,59878.0,1,5792
22,25.18,100,0.51,8000.0,25.18,0.0,0.0,0,1,59518.0,1,5595
2,28.14,80,3.54,9150.339366515836,24.36,0.0,0.0,0,1,59522.0,1,1546
18,24.49,100,1.03,9000.0,24.49,0.0,0.0,0,1,59394.0,1,16096
2,28.14,80,3.54,9150.339366515836,24.36,0.0,0.0,0,1,59522.0,1,1546
13,19.32,82,2.06,10000.0,16.17,0.0,0.0,0,1,59701.0,1,8470
2,28.44,54,3.6,10000.0,18.24,0.0,0.0,0,1,59186.0,1,1678
8,20.92,78,5.14,10000.0,16.94,0.0,0.0,0,1,59672.0,1,172
13,26.34,100,2.06,10000.0,26.34,0.0,0.0,0,0,59557.0,1,3903
7,25.3,41,2.57,10000.0,11.12,0.0,0.0,0,1,59719.0,1,10508
10,25.16,78,2.06,10000.0,21.05,0.0,0.0,0,1,59338.0,1,5892
18,25.93,97,2.06,10000.0,25.42,2.12,0.0,0,1,59490.0,1,6427
15,18.28,100,8.75,10000.0,18.28,2.87,0.0,0,1,59655.0,1,296
0,19.77,60,3.6,10000.0,11.79,0.0,0.0,0,1,59712.0,1,2656
13,11.6,58,4.63,10000.0,3.63,0.0,0.0,0,1,60373.0,1,7788
14,11.96,100,1.03,10000.0,11.96,0.0,0.0,0,1,60494.0,1,6746
10,17.09,88,1.8,9150.339366515836,15.09,0.0,0.0,0,1,60130.0,1,5434
20,10.45,100,1.54,10000.0,10.45,0.0,0.0,0,0,59972.0,1,7557
6,22.96,46,3.6,10000.0,10.73,0.0,0.0,0,1,60510.0,1,1500
6,20.14,40,1.54,10000.0,6.13,0.0,0.0,0,0,59958.0,1,1767
7,23.09,31,3.09,10000.0,5.06,0.0,0.0,0,1,60175.0,1,3177
14,15.01,100,0.51,7000.0,15.01,0.0,0.0,0,1,60134.0,1,6104
12,14.13,63,6.17,10000.0,7.2,0.0,0.0,0,1,60348.0,1,7930
3,15.51,100,3.6,10000.0,15.51,0.4,0.0,0,1,60411.0,1,399
5,17.8,52,2.06,10000.0,7.82,0.0,0.0,0,1,60581.0,1,1647
23,13.79,100,1.03,7000.0,13.79,0.0,0.0,0,1,60287.0,1,4061
10,17.73,77,2.57,10000.0,13.65,0.0,0.0,0,1,60514.0,1,6335
11,13.66,77,1.54,10000.0,9.71,0.0,0.0,0,1,60491.0,1,5998
5,22.73,56,2.06,10000.0,13.51,0.0,0.0,0,1,60197.0,1,861
2,16.98,61,2.62,9150.339366515836,9.41,0.0,0.0,0,1,60578.0,1,1060
3,19.31,64,3.6,10000.0,12.34,0.0,0.0,0,1,60051.0,1,700
6,16.03,97,1.54,10000.0,15.55,0.88,0.0,0,1,60414.0,1,1426
2,19.34,94,1.54,9000.0,18.35,0.2,0.0,0,1,60242.0,1,808
7,22.77,53,1.54,10000.0,12.7,0.0,0.0,0,1,60079.0,1,10058
20,8.48,93,1.54,10000.0,7.41,0.0,0.0,0,1,59948.0,1,8844
23,13.52,100,1.54,800.0,13.52,0.0,0.0,0,1,60071.0,1,3877
0,14.62,100,2.06,1500.0,14.62,0.0,0.0,0,1,60072.0,1,2759
14,16.16,94,1.03,10000.0,15.19,0.0,0.0,0,1,60086.0,1,6375
3,19.94,77,2.57,7000.0,15.79,0.0,0.0,0,1,60267.0,1,877
6,21.04,28,2.06,10000.0,1.85,0.0,0.0,0,1,60486.0,1,3366
15,13.03,100,2.06,10000.0,13.03,0.0,0.0,0,1,60039.0,1,4859
10,18.34,63,0.51,10000.0,11.18,0.0,0.0,0,0,60106.0,1,6347
7,19.42,30,5.14,10000.0,1.41,0.0,0.0,0,1,59935.0,1,9713
4,19.68,64,4.12,10000.0,12.69,0.0,0.0,0,1,60052.0,1,832
10,14.22,94,2.06,10000.0,13.27,0.0,0.0,0,1,60586.0,1,4075
8,19.22,52,5.14,10000.0,9.14,0.0,0.0,0,1,59912.0,1,1978
0,15.96,89,1.08,9150.339366515836,14.15,0.0,0.0,0,1,60144.0,1,2899
16,14.4,100,1.54,10000.0,14.4,0.0,0.0,0,1,60520.0,1,10289
9,15.02,48,5.66,10000.0,4.11,0.0,0.0,0,1,60369.0,1,4403
11,16.3,94,1.54,10000.0,15.33,0.0,0.0,0,1,60035.0,1,5711
3,20.72,61,1.15,9150.339366515836,12.94,0.0,0.0,0,1,60171.0,1,1261
10,16.63,72,1.54,10000.0,11.57,0.0,0.0,0,1,60394.0,1,4334
18,7.85,100,0.51,5000.0,7.85,0.0,0.0,0,1,60474.0,1,14302
21,9.84,71,4.12,10000.0,4.84,0.0,0.0,0,1,60381.0,1,4811
15,12.99,100,2.06,3500.0,12.99,0.0,0.0,0,1,60279.0,1,7569
20,10.59,87,3.09,10000.0,8.52,0.0,0.0,0,1,59924.0,1,7267
6,22.85,40,3.09,10000.0,8.55,0.0,0.0,0,1,60006.0,1,1789
13,9.92,87,2.06,10000.0,7.86,0.0,0.0,0,1,60445.0,1,5563
19,11.92,100,0.51,3000.0,11.92,0.0,0.0,0,1,60163.0,1,11020
5,19.14,34,3.6,10000.0,2.92,0.0,0.0,0,1,59933.0,1,1872
11,15.25,58,4.63,10000.0,7.05,0.0,0.0,0,1,59915.0,1,4854
10,16.19,44,5.14,10000.0,3.94,0.0,0.0,0,1,59914.0,1,3021
12,16.54,97,1.03,10000.0,16.06,0.72,0.0,0,1,60324.0,1,241
15,13.6,100,1.03,5000.0,13.6,0.0,0.0,0,1,60063.0,1,6808
8,21.05,70,1.95,9150.339366515836,15.37,0.0,0.0,0,1,60128.0,1,13225
21,16.4,100,5.14,10000.0,16.4,0.0,0.0,0,1,60333.0,1,2995
12,16.54,97,1.03,10000.0,16.06,0.72,0.0,0,1,60324.0,1,241
3,19.55,88,1.03,10000.0,17.51,0.0,0.0,0,1,60243.0,1,382
12,16.7,94,0.51,8000.0,15.73,0.0,0.0,0,1,60300.0,1,6473
8,18.0,72,5.14,10000.0,12.88,0.0,0.0,0,1,60344.0,1,4246
23,16.03,94,7.2,10000.0,15.07,0.0,0.0,0,1,60335.0,1,2422
17,17.85,94,0.51,10000.0,16.87,0.0,0.0,0,1,60209.0,1,10455
8,19.4,56,2.06,10000.0,10.41,0.0,0.0,0,1,60632.0,1,13003
23,11.3,100,1.03,8000.0,11.3,0.0,0.0,0,1,60599.0,1,3584
13,16.67,85,1.66,9150.339366515836,14.14,0.0,0.0,0,1,60157.0,1,6778
9,20.68,67,1.37,9150.339366515836,14.34,0.0,0.0,0,1,60513.0,1,5897
20,10.58,62,4.63,10000.0,3.61,0.0,0.0,0,1,60356.0,1,6043
1,10.98,77,1.39,9150.339366515836,7.11,0.0,0.0,0,1,60457.0,1,1642
1,13.71,63,2.06,10000.0,6.8,0.0,0.0,0,1,60385.0,1,1165
13,16.23,100,3.6,10000.0,16.23,1.31,0.0,0,1,60325.0,1,120
17,13.01,100,1.54,3500.0,13.01,0.0,0.0,0,1,60065.0,1,12381
16,13.26,100,2.06,4000.0,13.26,0.0,0.0,0,1,60064.0,1,8650
23,17.69,77,3.09,10000.0,13.61,0.0,0.0,0,1,60311.0,1,4436
21,14.54,100,1.03,10000.0,14.54,0.0,0.0,0,1,60405.0,1,6499
20,16.51,100,4.63,10000.0,16.51,0.0,0.0,0,1,60332.0,1,2454
7,17.99,59,4.12,10000.0,9.87,0.0,0.0,0,1,60463.0,1,9037
22,13.32,100,1.54,6000.0,13.32,0.0,0.0,0,1,60142.0,1,6973
7,17.99,59,4.12,10000.0,9.87,0.0,0.0,0,1,60463.0,1,9037
4,20.87,68,2.06,8000.0,14.75,0.0,0.0,0,1,60268.0,1,1201
9,19.31,60,2.57,10000.0,11.36,0.0,0.0,0,1,60177.0,1,6395
15,9.45,87,1.54,10000.0,7.4,0.0,0.0,0,1,60447.0,1,6508
16,11.71,100,2.06,10000.0,11.71,0.0,0.0,0,0,59968.0,1,10872
14,17.58,72,3.09,10000.0,12.48,0.0,0.0,0,0,60110.0,1,9975
20,16.92,100,2.06,10000.0,16.92,0.0,0.0,0,1,60236.0,1,9416
19,8.37,100,1.54,9000.0,8.37,0.0,0.0,0,1,60859.0,1,5866
11,17.94,100,1.03,10000.0,17.94,0.0,0.0,0,1,60707.0,1,6494
16,-1.38,80,1.54,10000.0,-4.04,0.0,0.0,0,1,61312.0,1,3466
11,8.7,66,2.06,10000.0,2.71,0.0,0.0,0,1,60827.0,1,5252
19,-2.66,86,0.51,10000.0,-4.44,0.0,0.0,0,1,61315.0,1,3194
3,13.48,47,5.14,10000.0,2.4,0.0,0.0,0,1,61227.0,1,531
7,11.5,32,4.12,10000.0,-4.08,0.0,0.0,0,1,60775.0,1,8918
1,8.15,57,2.41,9150.339366515836,0.15,0.0,0.0,0,1,60769.0,1,1305
7,9.91,34,4.12,10000.0,-4.62,0.0,0.0,0,1,61159.0,1,7459
3,9.0,43,2.06,10000.0,-2.57,0.0,0.0,0,1,61107.0,1,707
7,18.67,55,3.6,10000.0,9.46,0.0,0.0,0,1,60919.0,1,9402
2,1.27,100,1.54,10000.0,1.27,0.0,0.0,0,1,61274.0,1,135
7,12.77,43,2.06,10000.0,0.52,0.0,0.0,0,1,61207.0,1,1464
8,9.88,40,1.03,10000.0,-2.72,0.0,0.0,0,1,61184.0,1,3487
7,16.98,51,6.69,10000.0,6.78,0.0,0.0,0,1,60727.0,1,9183
11,-1.01,97,1.03,10000.0,-1.38,0.0,0.0,0,1,61283.0,1,629
21,0.22,100,1.54,10000.0,0.22,0.0,0.0,0,1,61101.0,1,5159
1,15.71,78,2.56,9150.339366515836,11.89,0.0,0.0,0,1,60697.0,1,2112
9,14.41,82,3.09,9000.0,11.38,0.0,0.0,0,1,60897.0,1,6265
15,11.65,94,0.51,7000.0,10.72,0.0,0.0,0,1,60951.0,1,6859
9,16.51,55,1.54,10000.0,7.45,0.0,0.0,0,1,60945.0,1,7038
8,14.57,44,3.09,10000.0,2.47,0.0,0.0,0,1,60824.0,1,11663
13,15.64,100,3.09,7000.0,15.64,0.0,0.0,0,1,61021.0,1,7962
5,20.33,43,3.6,10000.0,7.35,0.0,0.0,0,1,60941.0,1,1577
11,6.0,49,3.6,10000.0,-3.45,0.0,0.0,0,1,60779.0,1,4706
17,7.63,70,3.09,10000.0,2.51,0.0,0.0,0,1,60737.0,1,11575
0,10.45,93,1.54,10000.0,9.37,0.0,0.0,0,1,60864.0,1,2764
13,3.99,38,4.63,10000.0,-8.04,0.0,0.0,0,1,61045.0,1,5399
16,2.42,93,1.03,10000.0,1.41,0.0,0.0,0,1,61096.0,1,6900
16,2.95,75,4.12,10000.0,-0.92,0.24,0.0,0,1,61264.0,1,1814
19,1.77,93,2.06,800.0,0.76,0.0,0.14,0,1,61267.0,1,1246
8,16.18,63,3.6,10000.0,9.14,0.0,0.0,0,1,60920.0,1,12995
17,11.09,93,5.66,10000.0,10.0,0.0,0.0,0,1,61025.0,1,1068
16,-1.38,80,1.54,10000.0,-4.04,0.0,0.0,0,1,61312.0,1,3466
17,11.55,89,2.55,9150.339366515836,9.8,0.0,0.0,0,1,60689.0,1,10220
5,17.33,55,2.06,10000.0,8.21,0.28,0.0,0,1,60965.0,1,1621
16,10.56,76,4.63,10000.0,6.51,1.4,0.0,0,1,61240.0,1,7053
8,18.35,49,5.14,10000.0,7.46,0.0,0.0,0,1,60992.0,1,10837
6,6.83,23,3.09,10000.0,-11.47,0.0,0.0,0,1,61062.0,1,2745
21,-4.98,82,1.65,9150.339366515836,-7.28,0.0,0.0,0,1,61317.0,1,2400
21,4.46,94,2.06,9000.0,3.58,0.0,0.0,0,1,60837.0,1,5821
1,8.22,57,1.54,10000.0,0.21,0.0,0.0,0,1,60817.0,1,1475
13,-0.31,47,2.57,10000.0,-9.16,0.0,0.0,0,1,61069.0,1,4091
4,2.12,75,3.6,10000.0,-1.63,0.0,0.0,0,1,61300.0,1,157
6,17.72,51,6.17,10000.0,7.47,0.0,0.0,0,1,60726.0,1,3513
17,-1.51,100,1.03,600.0,-1.51,0.0,0.16,0,1,61289.0,1,2171
18,-1.53,69,1.03,10000.0,-5.91,0.0,0.0,0,1,61074.0,1,10081
8,0.33,74,3.09,10000.0,-3.32,0.0,0.0,0,1,61280.0,1,2233
1,18.09,55,5.14,10000.0,8.92,0.0,0.0,0,1,60673.0,1,2535
22,0.36,100,1.03,300.0,0.36,0.0,0.0,0,1,61366.0,1,2009
2,1.27,100,1.54,10000.0,1.27,0.0,0.0,0,1,61274.0,1,135
12,0.76,100,1.54,10000.0,0.76,0.0,0.0,0,1,61332.0,1,3224
17,8.25,100,1.03,6000.0,8.25,0.0,0.0,0,1,60881.0,1,8625
2,3.23,70,1.54,10000.0,-1.51,0.0,0.0,0,1,61346.0,1,1104
0,7.3,100,2.06,5000.0,7.3,0.0,0.0,0,1,61128.0,1,1997
19,2.59,93,0.51,10000.0,1.57,0.0,0.0,0,1,60763.0,1,8104
0,2.14,65,2.06,10000.0,-3.32,0.0,0.0,0,1,61176.0,1,2430
5,5.54,81,3.6,10000.0,2.54,0.0,0.0,0,1,61349.0,1,640
17,1.17,100,1.54,10000.0,1.17,0.0,0.0,0,1,61193.0,1,6421
11,11.57,100,1.03,10000.0,11.57,0.0,0.0,0,1,60875.0,1,5440
15,7.39,100,1.54,6000.0,7.39,0.0,0.0,0,1,60927.0,1,6349
18,-0.61,74,1.54,10000.0,-4.2,0.0,0.0,0,1,61170.0,1,10553
1,8.15,57,2.41,9150.339366515836,0.15,0.0,0.0,0,1,60769.0,1,1305
1,13.87,94,2.06,8000.0,12.92,0.0,0.0,0,1,60649.0,1,1932
6,1.55,100,1.03,10000.0,1.55,0.0,0.0,0,1,61278.0,1,317
14,16.61,100,3.09,10000.0,16.61,0.1,0.0,0,1,60710.0,1,8899
5,6.41,20,3.09,10000.0,-13.34,0.0,0.0,0,1,61061.0,1,1295
0,3.58,80,1.11,9150.339366515836,0.46,0.0,0.0,0,1,61104.0,1,1877
20,1.71,100,1.03,10000.0,1.71,0.0,0.0,0,1,60764.0,1,6289
11,14.3,88,1.03,10000.0,12.34,0.0,0.0,0,1,60659.0,1,5782
21,15.39,100,1.03,10000.0,15.39,0.0,0.0,0,1,60717.0,1,5059
11,12.41,100,2.06,7000.0,12.41,0.0,0.0,0,1,60899.0,1,5203
4,9.43,46,2.06,10000.0,-1.41,0.0,0.0,0,1,61108.0,1,581
3,9.0,43,2.06,10000.0,-2.57,0.0,0.0,0,1,61107.0,1,707
11,6.0,49,3.6,10000.0,-3.45,0.0,0.0,0,1,60779.0,1,4706
9,6.34,36,6.17,10000.0,-6.78,0.0,0.0,0,1,61041.0,1,3327
7,2.62,65,1.03,10000.0,-2.91,0.0,0.0,0,1,61327.0,1,4040
7,16.04,65,2.06,10000.0,9.47,0.0,0.0,0,1,60967.0,1,7457
10,11.82,54,4.63,10000.0,2.82,0.0,0.0,0,1,60730.0,1,4658
22,0.5,100,1.03,10000.0,0.5,0.0,0.0,0,1,61198.0,1,3186
6,3.86,56,2.57,10000.0,-3.64,0.0,0.0,3,1,61830.0,1,2089
22,-1.85,83,1.68,9150.339366515836,-4.06,0.0,0.0,3,1,61438.0,1,3250
22,-6.98,80,1.54,10000.0,-9.53,0.0,0.0,3,1,61918.0,1,2547
4,3.42,22,2.57,10000.0,-14.58,0.0,0.0,3,1,61636.0,1,520
4,-0.52,33,4.63,10000.0,-13.3,0.0,0.0,3,1,61876.0,1,319
7,0.93,36,2.57,10000.0,-11.11,0.0,0.0,3,1,61879.0,1,673
22,-3.06,64,1.54,10000.0,-8.25,0.0,0.0,3,1,61822.0,1,2735
20,-2.41,100,0.51,10000.0,-2.41,0.0,0.0,3,1,61460.0,1,4217
9,1.1,37,1.54,10000.0,-10.67,0.0,0.0,3,1,61641.0,1,4579
7,5.47,44,4.63,10000.0,-5.15,0.0,0.0,3,1,61903.0,1,4574
1,-4.59,44,5.14,10000.0,-13.89,0.0,0.0,3,1,61873.0,1,937
22,-4.48,68,2.57,10000.0,-8.93,0.0,0.0,3,1,61534.0,1,2177
0,-0.84,53,1.03,10000.0,-8.29,0.0,0.0,3,1,61656.0,1,1676
10,-0.14,55,1.03,10000.0,-7.2,0.0,0.0,3,1,61906.0,1,2310
1,-0.94,67,1.03,10000.0,-5.68,0.0,0.0,3,0,61945.0,1,1063
12,-1.51,69,3.09,10000.0,-5.89,0.0,0.0,3,1,61908.0,1,2952
15,-4.45,57,4.12,10000.0,-10.89,0.0,0.0,3,1,62007.0,1,3388
3,4.88,36,2.57,10000.0,-7.94,0.0,0.0,3,1,61443.0,1,564
23,-4.63,61,3.09,10000.0,-10.3,0.0,0.0,3,1,61679.0,1,1925
5,2.2,34,1.54,10000.0,-10.73,0.0,0.0,3,1,61805.0,1,966
4,2.48,29,4.12,10000.0,-12.28,0.0,0.0,3,1,61540.0,1,427
3,1.76,44,1.03,10000.0,-8.17,0.0,0.0,3,1,61827.0,1,604
18,-3.94,55,3.09,10000.0,-10.81,0.0,0.0,3,1,61674.0,1,7212
5,2.85,30,3.09,10000.0,-11.61,0.0,0.0,3,1,61925.0,1,948
8,1.32,56,3.6,10000.0,-5.76,0.0,0.0,3,1,61520.0,1,2665
13,-2.66,64,6.69,10000.0,-7.87,0.0,0.0,3,1,62005.0,1,3056
17,-3.46,55,2.06,10000.0,-10.35,0.0,0.0,3,1,61673.0,1,6515
4,0.08,69,6.17,5000.0,-4.36,0.0,0.0,3,1,61852.0,1,297
6,6.68,43,4.63,10000.0,-4.44,0.0,0.0,3,1,61590.0,1,2380
5,3.55,52,3.09,10000.0,-4.77,0.0,0.0,3,1,61829.0,1,983
15,1.99,76,3.09,10000.0,-1.58,0.0,0.0,3,1,61479.0,1,4097
11,1.0,60,2.57,10000.0,-5.22,0.0,0.0,3,1,61595.0,1,3472
1,9.53,93,2.06,8000.0,8.46,0.14,0.0,3,1,61393.0,1,675
5,3.38,25,4.63,10000.0,-13.21,0.0,0.0,3,1,62093.0,1,825
18,-5.91,46,2.57,10000.0,-14.63,0.0,0.0,3,1,61986.0,1,6017
19,1.09,63,3.09,10000.0,-4.57,0.0,0.0,3,1,61483.0,1,4027
19,0.49,97,4.63,5000.0,0.07,0.0,0.48,3,1,61843.0,1,4292
13,-3.09,67,1.03,10000.0,-7.76,0.0,0.0,3,1,61933.0,1,3272
2,1.19,60,1.54,10000.0,-5.06,0.0,0.0,3,0,61946.0,1,822
15,-2.18,62,1.03,10000.0,-7.77,0.0,0.0,3,1,61743.0,1,2623
9,3.38,70,2.57,10000.0,-1.38,0.0,0.0,3,0,61953.0,1,1757
3,4.51,39,6.69,10000.0,-7.32,0.0,0.0,3,1,61491.0,1,632
10,-0.14,55,1.03,10000.0,-7.2,0.0,0.0,3,1,61906.0,1,2310
8,2.03,32,2.06,10000.0,-11.54,0.0,0.0,3,1,61640.0,1,8582
1,-0.51,55,1.03,10000.0,-7.55,0.0,0.0,3,1,61729.0,1,731
22,-7.36,68,1.54,10000.0,-11.72,0.0,0.0,3,1,61774.0,1,2575
16,-3.59,58,1.03,10000.0,-9.88,0.0,0.0,3,1,61720.0,1,3471
19,-1.47,69,4.12,10000.0,-5.85,0.0,0.0,3,1,61411.0,1,6241
19,-1.72,50,0.51,10000.0,-9.78,0.0,0.0,3,1,61651.0,1,5042
8,1.03,43,4.12,10000.0,-9.03,0.0,0.0,3,1,61760.0,1,8098
18,-0.74,75,1.77,9150.339366515836,-4.17,0.0,0.0,3,1,61458.0,1,8711
4,2.48,29,4.12,10000.0,-12.28,0.0,0.0,3,1,61540.0,1,427
20,-5.58,81,1.03,10000.0,-8.01,0.0,0.0,3,1,61724.0,1,2010
3,-2.19,39,4.12,10000.0,-12.99,0.0,0.0,3,1,61779.0,1,517
21,-2.12,100,1.03,10000.0,-2.12,0.0,0.0,3,1,61437.0,1,3905
8,2.45,41,2.57,10000.0,-8.41,0.0,0.0,3,1,61424.0,1,8850
3,1.88,44,1.54,10000.0,-8.07,0.0,0.0,3,1,61899.0,1,348
19,-3.61,68,0.51,10000.0,-8.09,0.0,0.0,3,1,61507.0,1,4963
15,-0.08,65,1.03,10000.0,-5.21,0.0,0.0,3,1,61599.0,1,3947
17,-2.99,76,0.51,10000.0,-6.21,0.0,0.0,3,1,61937.0,1,6142
7,3.89,59,3.09,10000.0,-2.99,0.0,0.0,3,1,61831.0,1,5029
20,-4.69,93,1.03,5000.0,-5.54,0.0,0.0,3,1,61580.0,1,4215
23,0.43,93,4.12,3500.0,-0.5,0.0,0.0,3,1,61847.0,1,876
17,-3.27,72,0.51,10000.0,-7.11,0.0,0.0,3,1,62033.0,1,3074
13,0.77,80,0.51,10000.0,-2.02,0.0,0.0,3,1,61573.0,1,3426
3,2.39,30,2.06,10000.0,-11.98,0.0,0.0,3,1,61635.0,1,587
3,4.88,36,2.57,10000.0,-7.94,0.0,0.0,3,1,61443.0,1,564
9,2.61,60,2.57,10000.0,-3.87,0.0,0.0,3,1,61449.0,1,4511
10,1.79,58,2.06,10000.0,-4.95,0.0,0.0,3,1,61594.0,1,3069
23,-7.43,67,2.06,10000.0,-11.95,0.0,0.0,3,1,61775.0,1,1613
10,-1.46,55,1.03,10000.0,-8.45,0.0,0.0,3,1,61690.0,1,3110
0,-0.22,86,0.51,10000.0,-2.04,0.0,0.0,3,1,61464.0,1,1725
22,-4.66,85,1.03,10000.0,-6.55,0.0,0.0,3,1,61726.0,1,1604
22,-1.75,90,1.03,10000.0,-3.01,0.0,0.0,3,1,61702.0,1,1982
9,0.19,29,1.54,10000.0,-14.09,0.0,0.0,3,1,61545.0,1,2095
5,0.65,32,3.6,10000.0,-12.64,0.0,0.0,3,1,61877.0,1,328
5,9.6,47,6.17,10000.0,-1.02,0.0,0.0,3,1,62069.0,1,905
2,1.72,48,4.12,10000.0,-7.21,0.0,0.0,3,1,61514.0,1,1197
15,-2.01,93,1.03,9000.0,-2.88,0.0,0.0,3,1,61575.0,1,4214
18,-7.84,66,1.54,10000.0,-12.51,0.0,0.0,3,1,61794.0,1,6552
